altitude_km,temperature_k,pression_pa,pression_hpa,co2_ppm,pression_partielle_co2_pa,concentration_co2_molecules_m3
0.000000000000000000e+00,2.881499999999999773e+02,1.013250000000000000e+05,1.013250000000000000e+03,4.200000000000000000e+02,4.255649999999999977e+01,1.069704927176306983e+22
1.000000000000000056e-01,2.875000102251643739e+02,1.001294564559528371e+05,1.001294564559528339e+03,4.200000000000000000e+02,4.205437171150018827e+01,1.059473264499794274e+22
2.000000000000000111e-01,2.868500409000142213e+02,9.894539813636735198e+04,9.894539813636735062e+02,4.200000000000000000e+02,4.155706721727428743e+01,1.049316958935779272e+22
2.999999999999999889e-01,2.862000920235844319e+02,9.777273991588073841e+04,9.777273991588074296e+02,4.200000000000000000e+02,4.106455076466990306e+01,1.039235621274429424e+22
4.000000000000000222e-01,2.855501635949100319e+02,9.661139711354447354e+04,9.661139711354447854e+02,4.200000000000000000e+02,4.057678678768867542e+01,1.029228863464415638e+22
5.000000000000000000e-01,2.849002556130261041e+02,9.546128549146842852e+04,9.546128549146842488e+02,4.200000000000000000e+02,4.009373990641673657e+01,1.019296298611927679e+22
5.999999999999999778e-01,2.842503680769676748e+02,9.432232125346599787e+04,9.432232125346599787e+02,4.200000000000000000e+02,3.961537492645571490e+01,1.009437540979689338e+22
6.999999999999999556e-01,2.836005009857701111e+02,9.319442104370132438e+04,9.319442104370132256e+02,4.200000000000000000e+02,3.914165683835454956e+01,9.996522059859805340e+21
8.000000000000000444e-01,2.829506543384684960e+02,9.207750194533620379e+04,9.207750194533620061e+02,4.200000000000000000e+02,3.867255081704120556e+01,9.899399102036409582e+21
9.000000000000000222e-01,2.823008281340982535e+02,9.097148147918061295e+04,9.097148147918061341e+02,4.200000000000000000e+02,3.820802222125585246e+01,9.803002713590965731e+21
1.000000000000000000e+00,2.816510223716946939e+02,8.987627760234236484e+04,8.987627760234236121e+02,4.200000000000000000e+02,3.774803659298378733e+01,9.707329083313651450e+21
1.100000000000000089e+00,2.810012370502932413e+02,8.879180870687947026e+04,8.879180870687946481e+02,4.200000000000000000e+02,3.729255965688937380e+01,9.612374411510714204e+21
1.199999999999999956e+00,2.803514721689294902e+02,8.771799361845360545e+04,8.771799361845360181e+02,4.200000000000000000e+02,3.684155731975051395e+01,9.518134909994633527e+21
1.300000000000000044e+00,2.797017277266388646e+02,8.665475159498385619e+04,8.665475159498386120e+02,4.200000000000000000e+02,3.639499566989321977e+01,9.424606802074144866e+21
1.399999999999999911e+00,2.790520037224570729e+02,8.560200232530357607e+04,8.560200232530357880e+02,4.200000000000000000e+02,3.595284097662749900e+01,9.331786322544453222e+21
1.500000000000000000e+00,2.784023001554197094e+02,8.455966592781676445e+04,8.455966592781676354e+02,4.200000000000000000e+02,3.551505968968303506e+01,9.239669717677240222e+21
1.600000000000000089e+00,2.777526170245625963e+02,8.352766294915736944e+04,8.352766294915736580e+02,4.200000000000000000e+02,3.508161843864608898e+01,9.148253245210847347e+21
1.699999999999999956e+00,2.771029543289214416e+02,8.250591436284822703e+04,8.250591436284822748e+02,4.200000000000000000e+02,3.465248403239625219e+01,9.057533174340266230e+21
1.800000000000000044e+00,2.764533120675321811e+02,8.149434156796328898e+04,8.149434156796328352e+02,4.200000000000000000e+02,3.422762345854457777e+01,8.967505785707322933e+21
1.899999999999999911e+00,2.758036902394306935e+02,8.049286638778903580e+04,8.049286638778903580e+02,4.200000000000000000e+02,3.380700388287139191e+01,8.878167371390643077e+21
2.000000000000000000e+00,2.751540888436529713e+02,7.950141106848906202e+04,7.950141106848906247e+02,4.200000000000000000e+02,3.339059264876540567e+01,8.789514234895799419e+21
2.100000000000000089e+00,2.745045078792350637e+02,7.851989827776889433e+04,7.851989827776889115e+02,4.200000000000000000e+02,3.297835727666293337e+01,8.701542691145324167e+21
2.200000000000000178e+00,2.738549473452130201e+02,7.754825110354246863e+04,7.754825110354246362e+02,4.200000000000000000e+02,3.257026546348783569e+01,8.614249066468774773e+21
2.299999999999999822e+00,2.732054072406230603e+02,7.658639305260000401e+04,7.658639305259999901e+02,4.200000000000000000e+02,3.216628508209199566e+01,8.527629698592774554e+21
2.399999999999999911e+00,2.725558875645013472e+02,7.563424804927691002e+04,7.563424804927691412e+02,4.200000000000000000e+02,3.176638418069629921e+01,8.441680936631033397e+21
2.500000000000000000e+00,2.719063883158842145e+02,7.469174043412460014e+04,7.469174043412459696e+02,4.200000000000000000e+02,3.137053098233232973e+01,8.356399141074407260e+21
2.600000000000000089e+00,2.712569094938079957e+02,7.375879496258177096e+04,7.375879496258177141e+02,4.200000000000000000e+02,3.097869388428433979e+01,8.271780683780869587e+21
2.700000000000000178e+00,2.706074510973090810e+02,7.283533680364792235e+04,7.283533680364791962e+02,4.200000000000000000e+02,3.059084145753212525e+01,8.187821947965575004e+21
2.799999999999999822e+00,2.699580131254239177e+02,7.192129153855748882e+04,7.192129153855748882e+02,4.200000000000000000e+02,3.020694244619414093e+01,8.104519328190820254e+21
2.899999999999999911e+00,2.693085955771890667e+02,7.101658515945567342e+04,7.101658515945567842e+02,4.200000000000000000e+02,2.982696576697138013e+01,8.021869230356059652e+21
3.000000000000000000e+00,2.686591984516411458e+02,7.012114406807564956e+04,7.012114406807564819e+02,4.200000000000000000e+02,2.945088050859176931e+01,7.939868071687901676e+21
3.100000000000000089e+00,2.680098217478166589e+02,6.923489507441654860e+04,6.923489507441654496e+02,4.200000000000000000e+02,2.907865593125494641e+01,7.858512280730049970e+21
3.200000000000000178e+00,2.673604654647524512e+02,6.835776539542392129e+04,6.835776539542391674e+02,4.200000000000000000e+02,2.871026146607804463e+01,7.777798297333349220e+21
3.299999999999999822e+00,2.667111296014852542e+02,6.748968265367014101e+04,6.748968265367013828e+02,4.200000000000000000e+02,2.834566671454145848e+01,7.697722572645675827e+21
3.399999999999999911e+00,2.660618141570518560e+02,6.663057487603687332e+04,6.663057487603687150e+02,4.200000000000000000e+02,2.798484144793548367e+01,7.618281569101911425e+21
3.500000000000000000e+00,2.654125191304891587e+02,6.578037049239921907e+04,6.578037049239921998e+02,4.200000000000000000e+02,2.762775560680767128e+01,7.539471760413932126e+21
3.600000000000000089e+00,2.647632445208341778e+02,6.493899833431054140e+04,6.493899833431054276e+02,4.200000000000000000e+02,2.727437930041042335e+01,7.461289631560515977e+21
3.700000000000000178e+00,2.641139903271238154e+02,6.410638763368854416e+04,6.410638763368854143e+02,4.200000000000000000e+02,2.692468280614918541e+01,7.383731678777260900e+21
3.799999999999999822e+00,2.634647565483952008e+02,6.328246802150358417e+04,6.328246802150358690e+02,4.200000000000000000e+02,2.657863656903150229e+01,7.306794409546545627e+21
3.899999999999999911e+00,2.628155431836854632e+02,6.246716952646732534e+04,6.246716952646733034e+02,4.200000000000000000e+02,2.623621120111627292e+01,7.230474342587423523e+21
4.000000000000000000e+00,2.621663502320317889e+02,6.166042257372327731e+04,6.166042257372328095e+02,4.200000000000000000e+02,2.589737748096377246e+01,7.154768007845531091e+21
4.099999999999999645e+00,2.615171776924714209e+02,6.086215798353853461e+04,6.086215798353853188e+02,4.200000000000000000e+02,2.556210635308618251e+01,7.079671946482998575e+21
4.200000000000000178e+00,2.608680255640416590e+02,6.007230696999680367e+04,6.007230696999680504e+02,4.200000000000000000e+02,2.523036892739865422e+01,7.005182710868329103e+21
4.299999999999999822e+00,2.602188938457799168e+02,5.929080113969285594e+04,5.929080113969286003e+02,4.200000000000000000e+02,2.490213647867099667e+01,6.931296864566286221e+21
4.400000000000000355e+00,2.595697825367236078e+02,5.851757249042830517e+04,5.851757249042830153e+02,4.200000000000000000e+02,2.457738044597988747e+01,6.858010982327778279e+21
4.500000000000000000e+00,2.589206916359102024e+02,5.775255340990852710e+04,5.775255340990852346e+02,4.200000000000000000e+02,2.425607243216158082e+01,6.785321650079696683e+21
4.599999999999999645e+00,2.582716211423772847e+02,5.699567667444139806e+04,5.699567667444139261e+02,4.200000000000000000e+02,2.393818420326538643e+01,6.713225464914809717e+21
4.700000000000000178e+00,2.576225710551624388e+02,5.624687544763671758e+04,5.624687544763671667e+02,4.200000000000000000e+02,2.362368768800741847e+01,6.641719035081582969e+21
4.799999999999999822e+00,2.569735413733033624e+02,5.550608327910755906e+04,5.550608327910755406e+02,4.200000000000000000e+02,2.331255497722517234e+01,6.570798979974030164e+21
4.900000000000000355e+00,2.563245320958377533e+02,5.477323410317263188e+04,5.477323410317262642e+02,4.200000000000000000e+02,2.300475832333250281e+01,6.500461930121549316e+21
5.000000000000000000e+00,2.556755432218034798e+02,5.404826223756017862e+04,5.404826223756017498e+02,4.200000000000000000e+02,2.270027013977527375e+01,6.430704527178747347e+21
5.099999999999999645e+00,2.550265747502383533e+02,5.333110238211286196e+04,5.333110238211286287e+02,4.200000000000000000e+02,2.239906300048739851e+01,6.361523423915226956e+21
5.200000000000000178e+00,2.543776266801802990e+02,5.262168961749452865e+04,5.262168961749453047e+02,4.200000000000000000e+02,2.210110963934770112e+01,6.292915284205434307e+21
5.299999999999999822e+00,2.537286990106672704e+02,5.191995940389784664e+04,5.191995940389784892e+02,4.200000000000000000e+02,2.180638294963709356e+01,6.224876783018417586e+21
5.400000000000000355e+00,2.530797917407373347e+02,5.122584757975358661e+04,5.122584757975358798e+02,4.200000000000000000e+02,2.151485598349650274e+01,6.157404606407639040e+21
5.500000000000000000e+00,2.524309048694285877e+02,5.053929036044116947e+04,5.053929036044116856e+02,4.200000000000000000e+02,2.122650195138528773e+01,6.090495451500755550e+21
5.599999999999999645e+00,2.517820383957791535e+02,4.986022433700029796e+04,4.986022433700029524e+02,4.200000000000000000e+02,2.094129422154012232e+01,6.024146026489353077e+21
5.700000000000000178e+00,2.511331923188272981e+02,4.918858647484454559e+04,4.918858647484454423e+02,4.200000000000000000e+02,2.065920631943470909e+01,5.958353050618758693e+21
5.799999999999999822e+00,2.504843666376112878e+02,4.852431411247561482e+04,4.852431411247561641e+02,4.200000000000000000e+02,2.038021192723975616e+01,5.893113254177751958e+21
5.900000000000000355e+00,2.498355613511694457e+02,4.786734496019929793e+04,4.786734496019929566e+02,4.200000000000000000e+02,2.010428488328370378e+01,5.828423378488321376e+21
6.000000000000000000e+00,2.491867764585401801e+02,4.721761709884287848e+04,4.721761709884287939e+02,4.200000000000000000e+02,1.983139918151400849e+01,5.764280175895398842e+21
6.099999999999999645e+00,2.485380119587619561e+02,4.657506897847368964e+04,4.657506897847368919e+02,4.200000000000000000e+02,1.956152897095894616e+01,5.700680409756590932e+21
6.200000000000000178e+00,2.478892678508732956e+02,4.593963941711895313e+04,4.593963941711895131e+02,4.200000000000000000e+02,1.929464855518995847e+01,5.637620854431870353e+21
6.299999999999999822e+00,2.472405441339127776e+02,4.531126759948727704e+04,4.531126759948727454e+02,4.200000000000000000e+02,1.903073239178465315e+01,5.575098295273304097e+21
6.400000000000000355e+00,2.465918408069190377e+02,4.468989307569118682e+04,4.468989307569118523e+02,4.200000000000000000e+02,1.876975509179029800e+01,5.513109528614733349e+21
6.500000000000000000e+00,2.459431578689308253e+02,4.407545575997134438e+04,4.407545575997134506e+02,4.200000000000000000e+02,1.851169141918796157e+01,5.451651361761482768e+21
6.599999999999999645e+00,2.452944953189868045e+02,4.346789592942158924e+04,4.346789592942158720e+02,4.200000000000000000e+02,1.825651629035706591e+01,5.390720612979996361e+21
6.700000000000000178e+00,2.446458531561258951e+02,4.286715422271608259e+04,4.286715422271608418e+02,4.200000000000000000e+02,1.800420477354075288e+01,5.330314111487548850e+21
6.799999999999999822e+00,2.439972313793869603e+02,4.227317163883715693e+04,4.227317163883715807e+02,4.200000000000000000e+02,1.775473208831160576e+01,5.270428697441883652e+21
6.900000000000000355e+00,2.433486299878088914e+02,4.168588953580473026e+04,4.168588953580472776e+02,4.200000000000000000e+02,1.750807360503798549e+01,5.211061221930846650e+21
7.000000000000000000e+00,2.427000489804307506e+02,4.110524962940734258e+04,4.110524962940734213e+02,4.200000000000000000e+02,1.726420484435108094e+01,5.152208546962053530e+21
7.099999999999999645e+00,2.420514883562915713e+02,4.053119399193404388e+04,4.053119399193404320e+02,4.200000000000000000e+02,1.702310147661229678e+01,5.093867545452489998e+21
7.200000000000000178e+00,2.414029481144305009e+02,3.996366505090818100e+04,3.996366505090817896e+02,4.200000000000000000e+02,1.678473932138143354e+01,5.036035101218151858e+21
7.299999999999999822e+00,2.407544282538867151e+02,3.940260558782218868e+04,3.940260558782218823e+02,4.200000000000000000e+02,1.654909434688531888e+01,4.978708108963648373e+21
7.400000000000000355e+00,2.401059287736994747e+02,3.884795873687375570e+04,3.884795873687375547e+02,4.200000000000000000e+02,1.631614266948697534e+01,4.921883474271787811e+21
7.500000000000000000e+00,2.394574496729080693e+02,3.829966798370352626e+04,3.829966798370352876e+02,4.200000000000000000e+02,1.608586055315548080e+01,4.865558113593175572e+21
7.599999999999999645e+00,2.388089909505518449e+02,3.775767716413410380e+04,3.775767716413410540e+02,4.200000000000000000e+02,1.585822440893632290e+01,4.809728954235797635e+21
7.700000000000000178e+00,2.381605526056702615e+02,3.722193046291035716e+04,3.722193046291035898e+02,4.200000000000000000e+02,1.563321079442234840e+01,4.754392934354579882e+21
7.799999999999999822e+00,2.375121346373028359e+02,3.669237241244119650e+04,3.669237241244119900e+02,4.200000000000000000e+02,1.541079641322530058e+01,4.699547002940958966e+21
7.900000000000000355e+00,2.368637370444890280e+02,3.616894789154240425e+04,3.616894789154240470e+02,4.200000000000000000e+02,1.519095811444780786e+01,4.645188119812399170e+21
8.000000000000000000e+00,2.362153598262685250e+02,3.565160212418146693e+04,3.565160212418146557e+02,4.200000000000000000e+02,1.497367289215621433e+01,4.591313255601973756e+21
8.099999999999999645e+00,2.355670029816809574e+02,3.514028067822308367e+04,3.514028067822308117e+02,4.200000000000000000e+02,1.475891788485369460e+01,4.537919391747858760e+21
8.199999999999999289e+00,2.349186665097660978e+02,3.463492946417646453e+04,3.463492946417646294e+02,4.200000000000000000e+02,1.454667037495411464e+01,4.485003520482861384e+21
8.300000000000000711e+00,2.342703504095636902e+02,3.413549473394383676e+04,3.413549473394383540e+02,4.200000000000000000e+02,1.433690778825640955e+01,4.432562644823922180e+21
8.400000000000000355e+00,2.336220546801135924e+02,3.364192307957040612e+04,3.364192307957040384e+02,4.200000000000000000e+02,1.412960769341956890e+01,4.380593778561617232e+21
8.500000000000000000e+00,2.329737793204557192e+02,3.315416143199565704e+04,3.315416143199565795e+02,4.200000000000000000e+02,1.392474780143817448e+01,4.329093946249637790e+21
8.599999999999999645e+00,2.323255243296300421e+02,3.267215705980597340e+04,3.267215705980597136e+02,4.200000000000000000e+02,1.372230596511850820e+01,4.278060183194264666e+21
8.699999999999999289e+00,2.316772897066766177e+02,3.219585756798872535e+04,3.219585756798872467e+02,4.200000000000000000e+02,1.352226017855526408e+01,4.227489535443833717e+21
8.800000000000000711e+00,2.310290754506354745e+02,3.172521089668760033e+04,3.172521089668759942e+02,4.200000000000000000e+02,1.332458857660879126e+01,4.177379059778180874e+21
8.900000000000000355e+00,2.303808815605468396e+02,3.126016531995954210e+04,3.126016531995954324e+02,4.200000000000000000e+02,1.312926943438300675e+01,4.127725823698098717e+21
9.000000000000000000e+00,2.297327080354508553e+02,3.080066944453274846e+04,3.080066944453274687e+02,4.200000000000000000e+02,1.293628116670375405e+01,4.078526905414750568e+21
9.099999999999999645e+00,2.290845548743878339e+02,3.034667220856632775e+04,3.034667220856632639e+02,4.200000000000000000e+02,1.274560232759785627e+01,4.029779393839099281e+21
9.199999999999999289e+00,2.284364220763981166e+02,2.989812288041124702e+04,2.989812288041124475e+02,4.200000000000000000e+02,1.255721160977272177e+01,3.981480388571321860e+21
9.300000000000000711e+00,2.277883096405220726e+02,2.945497105737249512e+04,2.945497105737249512e+02,4.200000000000000000e+02,1.237108784409644713e+01,3.933626999890188960e+21
9.400000000000000355e+00,2.271402175658001852e+02,2.901716666447286116e+04,2.901716666447285888e+02,4.200000000000000000e+02,1.218720999907860048e+01,3.886216348742460113e+21
9.500000000000000000e+00,2.264921458512729373e+02,2.858465995321801893e+04,2.858465995321801643e+02,4.200000000000000000e+02,1.200555718035156616e+01,3.839245566732266373e+21
9.599999999999999645e+00,2.258440944959808974e+02,2.815740150036294290e+04,2.815740150036294267e+02,4.200000000000000000e+02,1.182610863015243474e+01,3.792711796110465171e+21
9.699999999999999289e+00,2.251960634989647190e+02,2.773534220667969930e+04,2.773534220667970089e+02,4.200000000000000000e+02,1.164884372680547209e+01,3.746612189763987309e+21
9.800000000000000711e+00,2.245480528592650842e+02,2.731843329572676157e+04,2.731843329572675998e+02,4.200000000000000000e+02,1.147374198420523861e+01,3.700943911205193908e+21
9.900000000000000355e+00,2.239000625759227603e+02,2.690662631261953356e+04,2.690662631261953379e+02,4.200000000000000000e+02,1.130078305130020233e+01,3.655704134561190380e+21
1.000000000000000000e+01,2.232520926479785714e+02,2.649987312280236438e+04,2.649987312280236438e+02,4.200000000000000000e+02,1.112994671157699145e+01,3.610890044563150864e+21
1.009999999999999964e+01,2.226041430744733702e+02,2.609812591082185463e+04,2.609812591082185236e+02,4.200000000000000000e+02,1.096121288254517800e+01,3.566498836535614374e+21
1.019999999999999929e+01,2.219562138544480945e+02,2.570133717910180712e+04,2.570133717910180735e+02,4.200000000000000000e+02,1.079456161522275792e+01,3.522527716385798226e+21
1.030000000000000071e+01,2.213083049869437389e+02,2.530945974671913427e+04,2.530945974671913348e+02,4.200000000000000000e+02,1.062997309362203602e+01,3.478973900592853811e+21
1.040000000000000036e+01,2.206604164710013549e+02,2.492244674818162821e+04,2.492244674818162764e+02,4.200000000000000000e+02,1.046742763423628375e+01,3.435834616197162205e+21
1.050000000000000000e+01,2.200125483056621079e+02,2.454025163220680770e+04,2.454025163220680668e+02,4.200000000000000000e+02,1.030690568552685882e+01,3.393107100789579973e+21
1.059999999999999964e+01,2.193647004899671060e+02,2.416282816050218025e+04,2.416282816050218116e+02,4.200000000000000000e+02,1.014838782741091450e+01,3.350788602500678156e+21
1.069999999999999929e+01,2.187168730229576283e+02,2.379013040654705037e+04,2.379013040654704980e+02,4.200000000000000000e+02,9.991854770749760917e+00,3.308876379989985460e+21
1.080000000000000071e+01,2.180690659036749537e+02,2.342211275437567747e+04,2.342211275437567792e+02,4.200000000000000000e+02,9.837287356837784102e+00,3.267367702435213083e+21
1.090000000000000036e+01,2.174212791311604462e+02,2.305872989736170712e+04,2.305872989736170666e+02,4.200000000000000000e+02,9.684666556891915690e+00,3.226259849521454907e+21
1.100000000000000000e+01,2.167735127044555270e+02,2.269993683700411202e+04,2.269993683700411111e+02,4.200000000000000000e+02,9.533973471541726141e+00,3.185550111430387696e+21
1.109999999999999964e+01,2.166499999999999773e+02,2.234603326793338056e+04,2.234603326793338169e+02,4.200000000000000000e+02,9.385333972532018620e+00,3.137673540098648965e+21
1.119999999999999929e+01,2.166499999999999773e+02,2.199763931071785555e+04,2.199763931071785521e+02,4.200000000000000000e+02,9.239008510501498961e+00,3.088754499838645633e+21
1.130000000000000071e+01,2.166499999999999773e+02,2.165468780308651912e+04,2.165468780308652015e+02,4.200000000000000000e+02,9.094968877296336629e+00,3.040599650245006590e+21
1.140000000000000036e+01,2.166499999999999773e+02,2.131709355883380340e+04,2.131709355883380397e+02,4.200000000000000000e+02,8.953179294710196245e+00,2.993197030067161006e+21
1.150000000000000000e+01,2.166499999999999773e+02,2.098477272771159915e+04,2.098477272771159789e+02,4.200000000000000000e+02,8.813604545638870746e+00,2.946534865640330625e+21
1.159999999999999964e+01,2.166499999999999773e+02,2.065764277443691390e+04,2.065764277443691412e+02,4.200000000000000000e+02,8.676209965263502966e+00,2.900601567937932296e+21
1.169999999999999929e+01,2.166499999999999773e+02,2.033562245802994948e+04,2.033562245802994823e+02,4.200000000000000000e+02,8.540961432372577988e+00,2.855385729670374752e+21
1.180000000000000071e+01,2.166499999999999773e+02,2.001863181147750583e+04,2.001863181147750481e+02,4.200000000000000000e+02,8.407825360820551097e+00,2.810876122429538697e+21
1.190000000000000036e+01,2.166499999999999773e+02,1.970659212171656327e+04,1.970659212171656236e+02,4.200000000000000000e+02,8.276768691120956589e+00,2.767061693878209872e+21
1.200000000000000000e+01,2.166499999999999773e+02,1.939942590993288104e+04,1.939942590993288150e+02,4.200000000000000000e+02,8.147758882171808992e+00,2.723931564983743152e+21
1.209999999999999964e+01,2.166499999999999773e+02,1.909705691216987543e+04,1.909705691216987589e+02,4.200000000000000000e+02,8.020763903111346238e+00,2.681475027295303893e+21
1.219999999999999929e+01,2.166499999999999773e+02,1.879941006024260787e+04,1.879941006024260730e+02,4.200000000000000000e+02,7.895752225301894356e+00,2.639681540263937835e+21
1.230000000000000071e+01,2.166499999999999773e+02,1.850641146295228828e+04,1.850641146295228907e+02,4.200000000000000000e+02,7.772692814439960074e+00,2.598540728604845670e+21
1.240000000000000036e+01,2.166499999999999773e+02,1.821798838759646242e+04,1.821798838759646344e+02,4.200000000000000000e+02,7.651555122790513863e+00,2.558042379701172830e+21
1.250000000000000000e+01,2.166499999999999773e+02,1.793406924177017208e+04,1.793406924177017174e+02,4.200000000000000000e+02,7.532309081543471230e+00,2.518176441048654414e+21
1.259999999999999964e+01,2.166499999999999773e+02,1.765458355545363520e+04,1.765458355545363531e+02,4.200000000000000000e+02,7.414925093290525737e+00,2.478933017740495553e+21
1.269999999999999929e+01,2.166499999999999773e+02,1.737946196338180744e+04,1.737946196338180869e+02,4.200000000000000000e+02,7.299374024620358448e+00,2.440302369991826080e+21
1.280000000000000071e+01,2.166499999999999773e+02,1.710863618769139794e+04,1.710863618769139691e+02,4.200000000000000000e+02,7.185627198830386142e+00,2.402274910703116091e+21
1.290000000000000036e+01,2.166499999999999773e+02,1.684203902084104629e+04,1.684203902084104527e+02,4.200000000000000000e+02,7.073656388753239099e+00,2.364841203061949465e+21
1.300000000000000000e+01,2.166499999999999773e+02,1.657960430880025524e+04,1.657960430880025626e+02,4.200000000000000000e+02,6.963433809696106813e+00,2.327991958182526714e+21
1.309999999999999964e+01,2.166499999999999773e+02,1.632126693450287348e+04,1.632126693450287291e+02,4.200000000000000000e+02,6.854932112491206375e+00,2.291718032782324400e+21
1.319999999999999929e+01,2.166499999999999773e+02,1.606696280156099965e+04,1.606696280156099874e+02,4.200000000000000000e+02,6.748124376655619372e+00,2.256010426895311307e+21
1.330000000000000071e+01,2.166499999999999773e+02,1.581662881823513089e+04,1.581662881823513089e+02,4.200000000000000000e+02,6.642984103658754691e+00,2.220860281621151220e+21
1.340000000000000036e+01,2.166499999999999773e+02,1.557020288165657803e+04,1.557020288165657860e+02,4.200000000000000000e+02,6.539485210295762130e+00,2.186258876909823459e+21
1.350000000000000000e+01,2.166499999999999773e+02,1.532762386229811636e+04,1.532762386229811682e+02,4.200000000000000000e+02,6.437602022165208382e+00,2.152197629381102010e+21
1.359999999999999964e+01,2.166499999999999773e+02,1.508883158868901592e+04,1.508883158868901546e+02,4.200000000000000000e+02,6.337309267249386480e+00,2.118668090178345894e+21
1.369999999999999929e+01,2.166499999999999773e+02,1.485376683237054931e+04,1.485376683237055033e+02,4.200000000000000000e+02,6.238582069595629775e+00,2.085661942856056046e+21
1.380000000000000071e+01,2.166499999999999773e+02,1.462237129308819203e+04,1.462237129308819306e+02,4.200000000000000000e+02,6.141395943097039734e+00,2.053171001300671267e+21
1.390000000000000036e+01,2.166499999999999773e+02,1.439458758421682433e+04,1.439458758421682489e+02,4.200000000000000000e+02,6.045726785371066114e+00,2.021187207684072931e+21
1.400000000000000000e+01,2.166499999999999773e+02,1.417035921841522941e+04,1.417035921841522850e+02,4.200000000000000000e+02,5.951550871734395898e+00,1.989702630449292247e+21
1.409999999999999964e+01,2.166499999999999773e+02,1.394963059350625008e+04,1.394963059350625088e+02,4.200000000000000000e+02,5.858844849272624167e+00,1.958709462327900766e+21
1.419999999999999929e+01,2.166499999999999773e+02,1.373234697857912033e+04,1.373234697857911897e+02,4.200000000000000000e+02,5.767585731003229910e+00,1.928200018388596818e+21
1.430000000000000071e+01,2.166499999999999773e+02,1.351845450031037217e+04,1.351845450031037217e+02,4.200000000000000000e+02,5.677750890130355721e+00,1.898166734116481925e+21
1.440000000000000036e+01,2.166499999999999773e+02,1.330790012949996162e+04,1.330790012949996139e+02,4.200000000000000000e+02,5.589318054389983637e+00,1.868602163522560066e+21
1.450000000000000000e+01,2.166499999999999773e+02,1.310063166781919608e+04,1.310063166781919506e+02,4.200000000000000000e+02,5.502265300484062038e+00,1.839498977282972451e+21
1.459999999999999964e+01,2.166499999999999773e+02,1.289659773476705050e+04,1.289659773476705027e+02,4.200000000000000000e+02,5.416571048602160765e+00,1.810849960907495440e+21
1.469999999999999929e+01,2.166499999999999773e+02,1.269574775483173289e+04,1.269574775483173283e+02,4.200000000000000000e+02,5.332214057029327492e+00,1.782648012936858042e+21
1.480000000000000071e+01,2.166499999999999773e+02,1.249803194485412496e+04,1.249803194485412519e+02,4.200000000000000000e+02,5.249173416838732287e+00,1.754886143168403735e+21
1.490000000000000036e+01,2.166499999999999773e+02,1.230340130158998909e+04,1.230340130158998875e+02,4.200000000000000000e+02,5.167428546667794720e+00,1.727557470909663281e+21
1.500000000000000000e+01,2.166499999999999773e+02,1.211180758946781498e+04,1.211180758946781566e+02,4.200000000000000000e+02,5.086959187576481689e+00,1.700655223259397358e+21
1.509999999999999964e+01,2.166499999999999773e+02,1.192320332853917171e+04,1.192320332853917222e+02,4.200000000000000000e+02,5.007745397986451685e+00,1.674172733415669105e+21
1.519999999999999929e+01,2.166499999999999773e+02,1.173754178261857851e+04,1.173754178261857817e+02,4.200000000000000000e+02,4.929767548699802937e+00,1.648103439010526921e+21
1.530000000000000071e+01,2.166499999999999773e+02,1.155477694760990380e+04,1.155477694760990346e+02,4.200000000000000000e+02,4.853006317996158892e+00,1.622440880470880944e+21
1.540000000000000036e+01,2.166499999999999773e+02,1.137486354001631298e+04,1.137486354001631241e+02,4.200000000000000000e+02,4.777442686806851135e+00,1.597178699405149602e+21
1.550000000000000000e+01,2.166499999999999773e+02,1.119775698563092374e+04,1.119775698563092305e+02,4.200000000000000000e+02,4.703057933964987392e+00,1.572310637015279337e+21
1.559999999999999964e+01,2.166499999999999773e+02,1.102341340840530393e+04,1.102341340840530393e+02,4.200000000000000000e+02,4.629833631530226867e+00,1.547830532533739586e+21
1.569999999999999929e+01,2.166499999999999773e+02,1.085178961949298355e+04,1.085178961949298326e+02,4.200000000000000000e+02,4.557751640187052367e+00,1.523732321685086929e+21
1.580000000000000071e+01,2.166499999999999773e+02,1.068284310646525046e+04,1.068284310646525057e+02,4.200000000000000000e+02,4.486794104715404963e+00,1.500010035171724624e+21
1.590000000000000036e+01,2.166499999999999773e+02,1.051653202269654139e+04,1.051653202269654201e+02,4.200000000000000000e+02,4.416943449532547028e+00,1.476657797183471092e+21
1.600000000000000000e+01,2.166499999999999773e+02,1.035281517691668159e+04,1.035281517691668114e+02,4.200000000000000000e+02,4.348182374305006093e+00,1.453669823930561724e+21
1.610000000000000142e+01,2.166499999999999773e+02,1.019165202292742470e+04,1.019165202292742407e+02,4.200000000000000000e+02,4.280493849629517733e+00,1.431040422199714644e+21
1.619999999999999929e+01,2.166499999999999773e+02,1.003300264948063705e+04,1.003300264948063756e+02,4.200000000000000000e+02,4.213861112781867035e+00,1.408763987932897870e+21
1.630000000000000071e+01,2.166499999999999773e+02,9.876827770315652742e+03,9.876827770315652799e+01,4.200000000000000000e+02,4.148267663532573479e+00,1.386835004828444000e+21
1.639999999999999858e+01,2.166499999999999773e+02,9.723088714353203613e+03,9.723088714353202988e+01,4.200000000000000000e+02,4.083697260028345433e+00,1.365248042964150387e+21
1.650000000000000000e+01,2.166499999999999773e+02,9.571747416043543126e+03,9.571747416043542955e+01,4.200000000000000000e+02,4.020133914738288183e+00,1.343997757442029257e+21
1.660000000000000142e+01,2.166499999999999773e+02,9.422766405866275818e+03,9.422766405866275363e+01,4.200000000000000000e+02,3.957561890463835663e+00,1.323078887054362804e+21
1.669999999999999929e+01,2.166499999999999773e+02,9.276108800979560328e+03,9.276108800979559987e+01,4.200000000000000000e+02,3.895965696411415102e+00,1.302486252970727703e+21
1.680000000000000071e+01,2.166499999999999773e+02,9.131738296016230379e+03,9.131738296016230549e+01,4.200000000000000000e+02,3.835330084326816547e+00,1.282214757445651399e+21
1.689999999999999858e+01,2.166499999999999773e+02,8.989619154024660020e+03,8.989619154024660475e+01,4.200000000000000000e+02,3.775640044690356856e+00,1.262259382546591384e+21
1.700000000000000000e+01,2.166499999999999773e+02,8.849716197551979349e+03,8.849716197551978780e+01,4.200000000000000000e+02,3.716880802971830988e+00,1.242615188901904253e+21
1.710000000000000142e+01,2.166499999999999773e+02,8.711994799867445181e+03,8.711994799867444783e+01,4.200000000000000000e+02,3.659037815944326866e+00,1.223277314468491297e+21
1.719999999999999929e+01,2.166499999999999773e+02,8.576420876323776611e+03,8.576420876323776099e+01,4.200000000000000000e+02,3.602096768055985887e+00,1.204240973318818103e+21
1.730000000000000071e+01,2.166499999999999773e+02,8.442960875854232654e+03,8.442960875854232938e+01,4.200000000000000000e+02,3.546043567858777390e+00,1.185501454446994391e+21
1.739999999999999858e+01,2.166499999999999773e+02,8.311581772603332865e+03,8.311581772603332752e+01,4.200000000000000000e+02,3.490864344493399329e+00,1.167054120593617191e+21
1.750000000000000000e+01,2.166499999999999773e+02,8.182251057689125446e+03,8.182251057689126128e+01,4.200000000000000000e+02,3.436545444229432533e+00,1.148894407089087971e+21
1.760000000000000142e+01,2.166499999999999773e+02,8.054936731094884635e+03,8.054936731094885261e+01,4.200000000000000000e+02,3.383073427059851035e+00,1.131017820715099619e+21
1.769999999999999929e+01,2.166499999999999773e+02,7.929607293688231948e+03,7.929607293688232517e+01,4.200000000000000000e+02,3.330435063349057145e+00,1.113419938584018813e+21
1.780000000000000071e+01,2.166499999999999773e+02,7.806231739365701287e+03,7.806231739365701117e+01,4.200000000000000000e+02,3.278617330533594387e+00,1.096096407035879752e+21
1.789999999999999858e+01,2.166499999999999773e+02,7.684779547320694292e+03,7.684779547320694348e+01,4.200000000000000000e+02,3.227607409874691413e+00,1.079042940552705606e+21
1.800000000000000000e+01,2.166499999999999773e+02,7.565220674432971464e+03,7.565220674432971748e+01,4.200000000000000000e+02,3.177392683261847761e+00,1.062255320689893048e+21
1.810000000000000142e+01,2.166499999999999773e+02,7.447525547777692736e+03,7.447525547777692623e+01,4.200000000000000000e+02,3.127960730066630557e+00,1.045729395024385409e+21
1.819999999999999929e+01,2.166499999999999773e+02,7.331665057252197585e+03,7.331665057252197926e+01,4.200000000000000000e+02,3.079299324045922770e+00,1.029461076119375839e+21
1.830000000000000071e+01,2.166499999999999773e+02,7.217610548318578367e+03,7.217610548318577912e+01,4.200000000000000000e+02,3.031396430293802791e+00,1.013446340505270223e+21
1.839999999999999858e+01,2.166499999999999773e+02,7.105333814860337952e+03,7.105333814860337327e+01,4.200000000000000000e+02,2.984240202241341677e+00,9.976812276766697062e+20
1.850000000000000000e+01,2.166499999999999773e+02,6.994807092151208053e+03,6.994807092151208394e+01,4.200000000000000000e+02,2.937818978703507167e+00,9.821618391051010048e+20
1.860000000000000142e+01,2.166499999999999773e+02,6.886003049934499359e+03,6.886003049934498677e+01,4.200000000000000000e+02,2.892121280972489661e+00,9.668843372672674693e+20
1.869999999999999929e+01,2.166499999999999773e+02,6.778894785611105362e+03,6.778894785611105078e+01,4.200000000000000000e+02,2.847135809956664154e+00,9.518449446885556224e+20
1.880000000000000071e+01,2.166499999999999773e+02,6.673455817534586458e+03,6.673455817534586743e+01,4.200000000000000000e+02,2.802851443364525963e+00,9.370399430015785370e+20
1.889999999999999858e+01,2.166499999999999773e+02,6.569660078411507129e+03,6.569660078411507698e+01,4.200000000000000000e+02,2.759257232932832871e+00,9.224656720194970583e+20
1.900000000000000000e+01,2.166499999999999773e+02,6.467481908805513740e+03,6.467481908805513058e+01,4.200000000000000000e+02,2.716342401698315534e+00,9.081185288239079752e+20
1.910000000000000142e+01,2.166499999999999773e+02,6.366896050743403976e+03,6.366896050743403634e+01,4.200000000000000000e+02,2.674096341312229619e+00,8.939949668670529864e+20
1.919999999999999929e+01,2.166499999999999773e+02,6.267877641421635417e+03,6.267877641421635104e+01,4.200000000000000000e+02,2.632508609397086641e+00,8.800914950881306214e+20
1.930000000000000071e+01,2.166499999999999773e+02,6.170402207011697101e+03,6.170402207011697016e+01,4.200000000000000000e+02,2.591568926944912477e+00,8.664046770434902589e+20
1.939999999999999858e+01,2.166499999999999773e+02,6.074445656562770637e+03,6.074445656562770779e+01,4.200000000000000000e+02,2.551267175756363415e+00,8.529311300504859443e+20
1.950000000000000000e+01,2.166499999999999773e+02,5.979984276000150203e+03,5.979984276000150345e+01,4.200000000000000000e+02,2.511593395920062921e+00,8.396675243447770153e+20
1.960000000000000142e+01,2.166499999999999773e+02,5.886994722217933486e+03,5.886994722217933429e+01,4.200000000000000000e+02,2.472537783331532069e+00,8.266105822508649021e+20
1.969999999999999929e+01,2.166499999999999773e+02,5.795454017264464710e+03,5.795454017264464852e+01,4.200000000000000000e+02,2.434090687251075025e+00,8.137570773656535040e+20
1.980000000000000071e+01,2.166499999999999773e+02,5.705339542619123677e+03,5.705339542619123705e+01,4.200000000000000000e+02,2.396242607900031629e+00,8.011038337548367954e+20
1.989999999999999858e+01,2.166499999999999773e+02,5.616629033558949232e+03,5.616629033558949402e+01,4.200000000000000000e+02,2.358984194094758458e+00,7.886477251618984428e+20
2.000000000000000000e+01,2.166499999999999773e+02,5.529300573613768393e+03,5.529300573613768677e+01,4.200000000000000000e+02,2.322306240917782372e+00,7.763856742295407165e+20
2.010000000000000142e+01,2.166866444269018359e+02,5.443335248873460841e+03,5.443335248873460586e+01,4.200000000000000000e+02,2.286200804526853148e+00,7.641857699504318054e+20
2.019999999999999929e+01,2.167860134584377363e+02,5.358739906193566640e+03,5.358739906193566327e+01,4.200000000000000000e+02,2.250670760601297893e+00,7.519646540053967012e+20
2.030000000000000071e+01,2.168853793735237900e+02,5.275499723691999861e+03,5.275499723691999776e+01,4.200000000000000000e+02,2.215709883950639725e+00,7.399448228326177505e+20
2.039999999999999858e+01,2.169847421723065963e+02,5.193592346368326616e+03,5.193592346368326673e+01,4.200000000000000000e+02,2.181308785474696865e+00,7.281228652946499830e+20
2.050000000000000000e+01,2.170841018549327828e+02,5.112995798627061959e+03,5.112995798627061816e+01,4.200000000000000000e+02,2.147458235423366002e+00,7.164954296834023752e+20
2.060000000000000142e+01,2.171834584215489485e+02,5.033688477658367447e+03,5.033688477658367333e+01,4.200000000000000000e+02,2.114149160616514145e+00,7.050592226565551555e+20
2.069999999999999929e+01,2.172828118723016075e+02,4.955649146937602382e+03,4.955649146937602723e+01,4.200000000000000000e+02,2.081372641713792770e+00,6.938110081935508767e+20
2.080000000000000071e+01,2.173821622073373874e+02,4.878856929841066631e+03,4.878856929841066403e+01,4.200000000000000000e+02,2.049119910533247602e+00,6.827476065707158405e+20
2.089999999999999858e+01,2.174815094268028304e+02,4.803291303376197902e+03,4.803291303376197874e+01,4.200000000000000000e+02,2.017382347418002819e+00,6.718658933552172237e+20
2.100000000000000000e+01,2.175808535308444789e+02,4.728932092023950645e+03,4.728932092023950418e+01,4.200000000000000000e+02,1.986151478650059143e+00,6.611627984174695055e+20
2.110000000000000142e+01,2.176801945196088752e+02,4.655759461691232900e+03,4.655759461691232559e+01,4.200000000000000000e+02,1.955418973910317604e+00,6.506353049616390554e+20
2.119999999999999929e+01,2.177795323932425902e+02,4.583753913771452972e+03,4.583753913771452915e+01,4.200000000000000000e+02,1.925176643784010100e+00,6.402804485739146117e+20
2.130000000000000071e+01,2.178788671518921092e+02,4.512896279311337821e+03,4.512896279311338077e+01,4.200000000000000000e+02,1.895416437310761815e+00,6.300953162882301297e+20
2.139999999999999858e+01,2.179781987957039462e+02,4.443167713281706710e+03,4.443167713281706455e+01,4.200000000000000000e+02,1.866130439578316702e+00,6.200770456690622464e+20
2.150000000000000000e+01,2.180775273248246151e+02,4.374549688950670316e+03,4.374549688950670401e+01,4.200000000000000000e+02,1.837310869359281451e+00,6.102228239110309151e+20
2.160000000000000142e+01,2.181768527394006298e+02,4.307023992357242605e+03,4.307023992357242292e+01,4.200000000000000000e+02,1.808950076790041717e+00,6.005298869549738230e+20
2.169999999999999929e+01,2.182761750395784475e+02,4.240572716883286375e+03,4.240572716883286120e+01,4.200000000000000000e+02,1.781040541090980200e+00,5.909955186201465979e+20
2.180000000000000071e+01,2.183754942255045819e+02,4.175178257922600096e+03,4.175178257922600267e+01,4.200000000000000000e+02,1.753574868327491876e+00,5.816170497523351552e+20
2.189999999999999858e+01,2.184748102973254618e+02,4.110823307644571287e+03,4.110823307644571400e+01,4.200000000000000000e+02,1.726545789210719883e+00,5.723918573874696028e+20
2.200000000000000000e+01,2.185741232551875726e+02,4.047490849851299117e+03,4.047490849851298833e+01,4.200000000000000000e+02,1.699946156937545583e+00,5.633173639305351004e+20
2.210000000000000142e+01,2.186734330992373714e+02,3.985164154926348147e+03,3.985164154926348345e+01,4.200000000000000000e+02,1.673768945069066039e+00,5.543910363494798459e+20
2.219999999999999929e+01,2.187727398296212584e+02,3.923826774873128215e+03,3.923826774873128187e+01,4.200000000000000000e+02,1.648007245446713620e+00,5.456103853837891666e+20
2.230000000000000071e+01,2.188720434464857192e+02,3.863462538441652669e+03,3.863462538441652327e+01,4.200000000000000000e+02,1.622654266145493906e+00,5.369729647675070874e+20
2.239999999999999858e+01,2.189713439499771255e+02,3.804055546341859554e+03,3.804055546341859895e+01,4.200000000000000000e+02,1.597703329463580957e+00,5.284763704664077763e+20
2.250000000000000000e+01,2.190706413402419344e+02,3.745590166542082443e+03,3.745590166542082500e+01,4.200000000000000000e+02,1.573147869947674415e+00,5.201182399290739917e+20
2.260000000000000142e+01,2.191699356174265461e+02,3.688051029650866894e+03,3.688051029650866752e+01,4.200000000000000000e+02,1.548981432453363949e+00,5.118962513515899126e+20
2.269999999999999929e+01,2.192692267816773040e+02,3.631423024380830611e+03,3.631423024380830356e+01,4.200000000000000000e+02,1.525197670239948788e+00,5.038081229556211384e+20
2.280000000000000071e+01,2.193685148331406651e+02,3.575691293092846990e+03,3.575691293092847189e+01,4.200000000000000000e+02,1.501790343098995617e+00,4.958516122796039209e+20
2.289999999999999858e+01,2.194677997719629730e+02,3.520841227419628012e+03,3.520841227419627728e+01,4.200000000000000000e+02,1.478753315516243561e+00,4.880245154828724470e+20
2.300000000000000000e+01,2.195670815982905708e+02,3.466858463966346335e+03,3.466858463966346449e+01,4.200000000000000000e+02,1.456080554865865295e+00,4.803246666623553372e+20
2.310000000000000142e+01,2.196663603122698589e+02,3.413728880087840480e+03,3.413728880087840167e+01,4.200000000000000000e+02,1.433766129636892872e+00,4.727499371817390572e+20
2.319999999999999929e+01,2.197656359140471807e+02,3.361438589740354928e+03,3.361438589740355098e+01,4.200000000000000000e+02,1.411804207690948942e+00,4.652982350127757394e+20
2.330000000000000071e+01,2.198649084037688510e+02,3.309973939406879708e+03,3.309973939406879850e+01,4.200000000000000000e+02,1.390189054550889258e+00,4.579675040885652193e+20
2.339999999999999858e+01,2.199641777815812134e+02,3.259321504094286865e+03,3.259321504094286581e+01,4.200000000000000000e+02,1.368915031719600384e+00,4.507557236685270548e+20
2.350000000000000000e+01,2.200634440476305826e+02,3.209468083401596687e+03,3.209468083401596772e+01,4.200000000000000000e+02,1.347976595028670399e+00,4.436609077149296886e+20
2.360000000000000142e+01,2.201627072020633022e+02,3.160400697657453293e+03,3.160400697657453151e+01,4.200000000000000000e+02,1.327368293016130352e+00,4.366811042806784983e+20
2.369999999999999929e+01,2.202619672450256587e+02,3.112106584126002872e+03,3.112106584126003028e+01,4.200000000000000000e+02,1.307084765332921172e+00,4.298143949082117407e+20
2.380000000000000071e+01,2.203612241766639386e+02,3.064573193279592942e+03,3.064573193279592900e+01,4.200000000000000000e+02,1.287120741177429029e+00,4.230588940392544338e+20
2.389999999999999858e+01,2.204604779971244284e+02,3.017788185137435903e+03,3.017788185137435875e+01,4.200000000000000000e+02,1.267471037757722963e+00,4.164127484352751206e+20
2.400000000000000000e+01,2.205597287065533862e+02,2.971739425668701188e+03,2.971739425668701173e+01,4.200000000000000000e+02,1.248130558780854438e+00,4.098741366084003430e+20
2.410000000000000142e+01,2.206589763050971271e+02,2.926414983259085602e+03,2.926414983259085645e+01,4.200000000000000000e+02,1.229094292968815783e+00,4.034412682626238382e+20
2.419999999999999929e+01,2.207582207929018807e+02,2.881803125239746805e+03,2.881803125239746777e+01,4.200000000000000000e+02,1.210357312600693458e+00,3.971123837451225661e+20
2.430000000000000071e+01,2.208574621701138767e+02,2.837892314477194304e+03,2.837892314477194233e+01,4.200000000000000000e+02,1.191914772080421514e+00,3.908857535074556314e+20
2.439999999999999858e+01,2.209567004368793732e+02,2.794671206023334889e+03,2.794671206023334875e+01,4.200000000000000000e+02,1.173761906529800614e+00,3.847596775765022474e+20
2.450000000000000000e+01,2.210559355933446284e+02,2.752128643824444680e+03,2.752128643824444509e+01,4.200000000000000000e+02,1.155894030406266593e+00,3.787324850349415465e+20
2.460000000000000142e+01,2.211551676396558150e+02,2.710253657488028693e+03,2.710253657488028622e+01,4.200000000000000000e+02,1.138306536144972014e+00,3.728025335110995149e+20
2.469999999999999929e+01,2.212543965759591629e+02,2.669035459106541111e+03,2.669035459106541097e+01,4.200000000000000000e+02,1.120994892824747069e+00,3.669682086779917435e+20
2.480000000000000071e+01,2.213536224024009016e+02,2.628463440136885310e+03,2.628463440136885154e+01,4.200000000000000000e+02,1.103954644857491729e+00,3.612279237613870776e+20
2.489999999999999858e+01,2.214528451191271756e+02,2.588527168334736871e+03,2.588527168334736928e+01,4.200000000000000000e+02,1.087181410700589490e+00,3.555801190567287849e+20
2.500000000000000000e+01,2.215520647262842147e+02,2.549216384742697301e+03,2.549216384742697272e+01,4.200000000000000000e+02,1.070670881591932799e+00,3.500232614547522191e+20
2.510000000000000142e+01,2.216512812240181631e+02,2.510521000731308959e+03,2.510521000731309016e+01,4.200000000000000000e+02,1.054418820307149618e+00,3.445558439756367790e+20
2.519999999999999929e+01,2.217504946124751939e+02,2.472431095091921179e+03,2.472431095091921094e+01,4.200000000000000000e+02,1.038421059938606783e+00,3.391763853115267482e+20
2.530000000000000071e+01,2.218497048918014798e+02,2.434936911180572224e+03,2.434936911180572139e+01,4.200000000000000000e+02,1.022673502695840231e+00,3.338834293772809667e+20
2.539999999999999858e+01,2.219489120621431368e+02,2.398028854111959845e+03,2.398028854111959873e+01,4.200000000000000000e+02,1.007172118727023058e+00,3.286755448692982415e+20
2.550000000000000000e+01,2.220481161236463379e+02,2.361697488002373575e+03,2.361697488002373646e+01,4.200000000000000000e+02,9.919129449609968008e-01,3.235513248322374205e+20
2.560000000000000142e+01,2.221473170764571989e+02,2.325933533261150387e+03,2.325933533261150288e+01,4.200000000000000000e+02,9.768920839696830782e-01,3.185093862335494881e+20
2.569999999999999929e+01,2.222465149207218360e+02,2.290727863929359046e+03,2.290727863929359032e+01,4.200000000000000000e+02,9.621057028503307018e-01,3.135483695456175391e+20
2.580000000000000071e+01,2.223457096565863651e+02,2.256071505065006022e+03,2.256071505065006022e+01,4.200000000000000000e+02,9.475500321273024884e-01,3.086669383353865994e+20
2.589999999999999858e+01,2.224449012841969022e+02,2.221955630174097223e+03,2.221955630174097251e+01,4.200000000000000000e+02,9.332213646731207790e-01,3.038637788613656576e+20
2.600000000000000000e+01,2.225440898036995065e+02,2.188371558686495973e+03,2.188371558686495888e+01,4.200000000000000000e+02,9.191160546483282401e-01,2.991375996778374758e+20
2.610000000000000142e+01,2.226432752152402657e+02,2.155310753475841921e+03,2.155310753475841778e+01,4.200000000000000000e+02,9.052305164598535292e-01,2.944871312461496975e+20
2.619999999999999929e+01,2.227424575189652955e+02,2.122764818422823737e+03,2.122764818422823652e+01,4.200000000000000000e+02,8.915612237375858395e-01,2.899111255529709568e+20
2.630000000000000071e+01,2.228416367150206270e+02,2.090725496020962510e+03,2.090725496020962382e+01,4.200000000000000000e+02,8.781047083288041621e-01,2.854083557353741353e+20
2.639999999999999858e+01,2.229408128035523191e+02,2.059184665024124115e+03,2.059184665024124072e+01,4.200000000000000000e+02,8.648575593101320846e-01,2.809776157126184468e+20
2.650000000000000000e+01,2.230399857847064311e+02,2.028134338135059352e+03,2.028134338135059522e+01,4.200000000000000000e+02,8.518164220167248057e-01,2.766177198245141873e+20
2.660000000000000142e+01,2.231391556586289937e+02,1.997566659734216046e+03,1.997566659734216188e+01,4.200000000000000000e+02,8.389779970883706195e-01,2.723275024762469417e+20
2.669999999999999929e+01,2.232383224254660092e+02,1.967473903648142596e+03,1.967473903648142652e+01,4.200000000000000000e+02,8.263390395322197657e-01,2.681058177895470203e+20
2.680000000000000071e+01,2.233374860853635369e+02,1.937848470956616666e+03,1.937848470956616609e+01,4.200000000000000000e+02,8.138963578017789358e-01,2.639515392600675451e+20
2.689999999999999858e+01,2.234366466384675789e+02,1.908682887838139095e+03,1.908682887838138953e+01,4.200000000000000000e+02,8.016468128920183345e-01,2.598635594209023754e+20
2.700000000000000000e+01,2.235358040849241377e+02,1.879969803452706856e+03,1.879969803452706856e+01,4.200000000000000000e+02,7.895873174501367719e-01,2.558407895120768860e+20
2.710000000000000142e+01,2.236349584248791871e+02,1.851701987861494445e+03,1.851701987861494558e+01,4.200000000000000000e+02,7.777148349018275786e-01,2.518821591559420969e+20
2.719999999999999929e+01,2.237341096584787294e+02,1.823872329982612428e+03,1.823872329982612328e+01,4.200000000000000000e+02,7.660263785926971769e-01,2.479866160383416402e+20
2.730000000000000071e+01,2.238332577858687387e+02,1.796473835582465426e+03,1.796473835582465384e+01,4.200000000000000000e+02,7.545190109446353599e-01,2.441531255954679071e+20
2.739999999999999858e+01,2.239324028071951602e+02,1.769499625301897140e+03,1.769499625301897083e+01,4.200000000000000000e+02,7.431898426267967706e-01,2.403806707062797107e+20
2.750000000000000000e+01,2.240315447226039396e+02,1.742942932716625819e+03,1.742942932716625748e+01,4.200000000000000000e+02,7.320360317409827511e-01,2.366682513903961702e+20
2.760000000000000142e+01,2.241306835322410791e+02,1.716797102431253052e+03,1.716797102431253208e+01,4.200000000000000000e+02,7.210547830211262443e-01,2.330148845113531433e+20
2.769999999999999929e+01,2.242298192362524674e+02,1.691055588206454331e+03,1.691055588206454274e+01,4.200000000000000000e+02,7.102433470467107712e-01,2.294196034851519857e+20
2.780000000000000071e+01,2.243289518347840499e+02,1.665711951118456454e+03,1.665711951118456469e+01,4.200000000000000000e+02,6.995990194697516706e-01,2.258814579939628483e+20
2.789999999999999858e+01,2.244280813279817437e+02,1.640759857750501169e+03,1.640759857750501283e+01,4.200000000000000000e+02,6.891191402552104828e-01,2.223995137049258230e+20
2.800000000000000000e+01,2.245272077159914375e+02,1.616193078415559057e+03,1.616193078415559015e+01,4.200000000000000000e+02,6.788010929345347222e-01,2.189728519939340698e+20
2.810000000000000142e+01,2.246263309989590766e+02,1.592005485409853009e+03,1.592005485409853094e+01,4.200000000000000000e+02,6.686423038721381884e-01,2.156005696743247708e+20
2.819999999999999929e+01,2.247254511770305214e+02,1.568191051296516434e+03,1.568191051296516392e+01,4.200000000000000000e+02,6.586402415445368197e-01,2.122817787303697777e+20
2.830000000000000071e+01,2.248245682503516605e+02,1.544743847218969677e+03,1.544743847218969712e+01,4.200000000000000000e+02,6.487924158319672285e-01,2.090156060554960896e+20
2.839999999999999858e+01,2.249236822190683540e+02,1.521658041243449816e+03,1.521658041243449766e+01,4.200000000000000000e+02,6.390963773222488875e-01,2.058011931951442821e+20
2.850000000000000000e+01,2.250227930833264907e+02,1.498927896730087241e+03,1.498927896730087284e+01,4.200000000000000000e+02,6.295497166266366129e-01,2.026376960941688422e+20
2.860000000000000142e+01,2.251219008432719306e+02,1.476547770732226354e+03,1.476547770732226361e+01,4.200000000000000000e+02,6.201500637075350042e-01,1.995242848487255572e+20
2.869999999999999929e+01,2.252210054990504773e+02,1.454512112423264853e+03,1.454512112423264902e+01,4.200000000000000000e+02,6.108950872177711933e-01,1.964601434625335624e+20
2.880000000000000071e+01,2.253201070508079908e+02,1.432815461550646432e+03,1.432815461550646496e+01,4.200000000000000000e+02,6.017824938512714716e-01,1.934444696074496901e+20
2.889999999999999858e+01,2.254192054986903315e+02,1.411452446916519875e+03,1.411452446916519854e+01,4.200000000000000000e+02,5.928100277049382916e-01,1.904764743882757898e+20
2.900000000000000000e+01,2.255183008428432743e+02,1.390417784884624325e+03,1.390417784884624375e+01,4.200000000000000000e+02,5.839754696515421228e-01,1.875553821117268623e+20
2.910000000000000142e+01,2.256173930834126224e+02,1.369706277912770247e+03,1.369706277912770176e+01,4.200000000000000000e+02,5.752766367233634881e-01,1.846804300594618696e+20
2.919999999999999929e+01,2.257164822205442078e+02,1.349312813110704383e+03,1.349312813110704390e+01,4.200000000000000000e+02,5.667113815064958038e-01,1.818508682651355709e+20
2.930000000000000071e+01,2.258155682543838054e+02,1.329232360822699320e+03,1.329232360822699377e+01,4.200000000000000000e+02,5.582775915455336913e-01,1.790659592953719685e+20
2.939999999999999858e+01,2.259146511850772185e+02,1.309459973234601193e+03,1.309459973234601193e+01,4.200000000000000000e+02,5.499731887585324053e-01,1.763249780346089308e+20
2.950000000000000000e+01,2.260137310127701937e+02,1.289990783004762989e+03,1.289990783004762953e+01,4.200000000000000000e+02,5.417961288620004590e-01,1.736272114737271931e+20
2.960000000000000142e+01,2.261128077376085059e+02,1.270820001918523985e+03,1.270820001918523978e+01,4.200000000000000000e+02,5.337444008057800060e-01,1.709719585024045548e+20
2.969999999999999929e+01,2.262118813597379017e+02,1.251942919565797638e+03,1.251942919565797574e+01,4.200000000000000000e+02,5.258160262176350130e-01,1.683585297051267564e+20
2.980000000000000071e+01,2.263109518793041275e+02,1.233354902041371361e+03,1.233354902041371304e+01,4.200000000000000000e+02,5.180090588573759147e-01,1.657862471607884513e+20
2.989999999999999858e+01,2.264100192964529299e+02,1.215051390667471651e+03,1.215051390667471587e+01,4.200000000000000000e+02,5.103215840803380088e-01,1.632544442458153288e+20
3.000000000000000000e+01,2.265090836113300270e+02,1.197027900738319659e+03,1.197027900738319595e+01,4.200000000000000000e+02,5.027517183100942422e-01,1.607624654407579730e+20
3.010000000000000142e+01,2.266081448240811369e+02,1.179280020286077388e+03,1.179280020286077324e+01,4.200000000000000000e+02,4.952976085201524770e-01,1.583096661402666271e+20
3.019999999999999929e+01,2.267072029348519777e+02,1.161803408868113138e+03,1.161803408868113152e+01,4.200000000000000000e+02,4.879574317246074822e-01,1.558954124664279859e+20
3.030000000000000071e+01,2.268062579437882391e+02,1.144593796374850854e+03,1.144593796374850925e+01,4.200000000000000000e+02,4.807293944774373440e-01,1.535190810853534925e+20
3.039999999999999858e+01,2.269053098510356392e+02,1.127646981858188838e+03,1.127646981858188902e+01,4.200000000000000000e+02,4.736117323804392432e-01,1.511800590270079959e+20
3.050000000000000000e+01,2.270043586567398108e+02,1.110958832379882551e+03,1.110958832379882466e+01,4.200000000000000000e+02,4.666027095995506357e-01,1.488777435081879716e+20
3.060000000000000142e+01,2.271034043610464437e+02,1.094525281879617296e+03,1.094525281879617218e+01,4.200000000000000000e+02,4.597006183894392084e-01,1.466115417586021335e+20
3.069999999999999929e+01,2.272024469641012274e+02,1.078342330062473820e+03,1.078342330062473842e+01,4.200000000000000000e+02,4.529037786262389842e-01,1.443808708500058276e+20
3.080000000000000071e+01,2.273014864660497949e+02,1.062406041305403278e+03,1.062406041305403193e+01,4.200000000000000000e+02,4.462105373482693205e-01,1.421851575283281592e+20
3.089999999999999858e+01,2.274005228670378074e+02,1.046712543582349554e+03,1.046712543582349575e+01,4.200000000000000000e+02,4.396192683045867522e-01,1.400238380487344947e+20
3.100000000000000000e+01,2.274995561672108693e+02,1.031258027407731106e+03,1.031258027407731070e+01,4.200000000000000000e+02,4.331283715112470012e-01,1.378963580135765115e+20
3.110000000000000142e+01,2.275985863667146134e+02,1.016038744797973663e+03,1.016038744797973692e+01,4.200000000000000000e+02,4.267362728151489204e-01,1.358021722131800392e+20
3.119999999999999929e+01,2.276976134656947011e+02,1.001051008250726682e+03,1.001051008250726682e+01,4.200000000000000000e+02,4.204414234653051641e-01,1.337407444694127739e+20
3.130000000000000071e+01,2.277966374642966798e+02,9.862911897415342537e+02,9.862911897415342466e+00,4.200000000000000000e+02,4.142422996914443267e-01,1.317115474819929047e+20
3.139999999999999858e+01,2.278956583626661825e+02,9.717557197374967473e+02,9.717557197374967259e+00,4.200000000000000000e+02,4.081374022897485965e-01,1.297140626774680535e+20
3.150000000000000000e+01,2.279946761609488135e+02,9.574410862278813283e+02,9.574410862278813994e+00,4.200000000000000000e+02,4.021252562157101029e-01,1.277477800608511263e+20
3.160000000000000142e+01,2.280936908592901204e+02,9.433438337711182839e+02,9.433438337711182342e+00,4.200000000000000000e+02,3.962044101838696486e-01,1.258121980698298450e+20
3.169999999999999929e+01,2.281927024578357077e+02,9.294605625580645665e+02,9.294605625580645736e+00,4.200000000000000000e+02,3.903734362743870867e-01,1.239068234315257446e+20
3.180000000000000071e+01,2.282917109567311229e+02,9.157879274911861103e+02,9.157879274911861600e+00,4.200000000000000000e+02,3.846309295462981281e-01,1.220311710217494692e+20
3.189999999999999858e+01,2.283907163561218852e+02,9.023226372794249528e+02,9.023226372794249883e+00,4.200000000000000000e+02,3.789755076573584347e-01,1.201847637267123241e+20
3.200000000000000000e+01,2.284897186561535989e+02,8.890614535484133967e+02,8.890614535484134606e+00,4.200000000000000000e+02,3.734058104903336117e-01,1.183671323071427871e+20
3.210000000000000142e+01,2.285887178569717832e+02,8.760011899658114771e+02,8.760011899658115553e+00,4.200000000000000000e+02,3.679204997856407866e-01,1.165778152647699661e+20
3.220000000000000284e+01,2.287555990844214762e+02,8.631394330910794679e+02,8.631394330910794110e+00,4.200000000000000000e+02,3.625185618982533220e-01,1.147823819768989123e+20
3.229999999999999716e+01,2.290327794923389320e+02,8.504802664839323825e+02,8.504802664839324677e+00,4.200000000000000000e+02,3.572017119232515636e-01,1.129620604296791163e+20
3.239999999999999858e+01,2.293099512236807982e+02,8.380221269643948290e+02,8.380221269643948645e+00,4.200000000000000000e+02,3.519692933250457845e-01,1.111728121915646935e+20
3.250000000000000000e+01,2.295871142788545285e+02,8.257615793423188961e+02,8.257615793423189743e+00,4.200000000000000000e+02,3.468198633237739026e-01,1.094140693532141486e+20
3.260000000000000142e+01,2.298642686582674912e+02,8.136952512628405429e+02,8.136952512628404577e+00,4.200000000000000000e+02,3.417520055303929771e-01,1.076852750670050263e+20
3.270000000000000284e+01,2.301414143623269695e+02,8.018198319816866615e+02,8.018198319816866260e+00,4.200000000000000000e+02,3.367643294323083847e-01,1.059858833183327027e+20
3.279999999999999716e+01,2.304185513914403316e+02,7.901320711657890570e+02,7.901320711657890961e+00,4.200000000000000000e+02,3.318554698896313826e-01,1.043153587019063296e+20
3.289999999999999858e+01,2.306956797460148891e+02,7.786287777187030770e+02,7.786287777187030912e+00,4.200000000000000000e+02,3.270240866418552828e-01,1.026731762029348782e+20
3.300000000000000000e+01,2.309727994264578399e+02,7.673068186302566573e+02,7.673068186302566929e+00,4.200000000000000000e+02,3.222688638247077630e-01,1.010588209830851052e+20
3.310000000000000142e+01,2.312499104331764954e+02,7.561631178499034149e+02,7.561631178499034434e+00,4.200000000000000000e+02,3.175885094969593814e-01,9.947178817110271590e+19
3.320000000000000284e+01,2.315270127665780819e+02,7.451946551832686509e+02,7.451946551832686616e+00,4.200000000000000000e+02,3.129817551769727979e-01,9.791158265799029555e+19
3.329999999999999716e+01,2.318041064270697404e+02,7.343984652113952052e+02,7.343984652113952016e+00,4.200000000000000000e+02,3.084473553887859820e-01,9.637771889663865651e+19
3.339999999999999858e+01,2.320811914150586688e+02,7.237716362321652923e+02,7.237716362321652497e+00,4.200000000000000000e+02,3.039840872175094133e-01,9.486972070580584448e+19
3.350000000000000000e+01,2.323582677309520363e+02,7.133113092234434589e+02,7.133113092234435015e+00,4.200000000000000000e+02,2.995907498738462071e-01,9.338712107834785792e+19
3.360000000000000142e+01,2.326353353751568989e+02,7.030146768274724991e+02,7.030146768274724955e+00,4.200000000000000000e+02,2.952661642675384335e-01,9.192946199360398950e+19
3.370000000000000284e+01,2.329123943480803973e+02,6.928789823560207424e+02,6.928789823560207672e+00,4.200000000000000000e+02,2.910091725895286863e-01,9.049629423383669965e+19
3.379999999999999716e+01,2.331894446501295590e+02,6.829015188158914498e+02,6.829015188158914285e+00,4.200000000000000000e+02,2.868186379026743671e-01,8.908717720464136602e+19
3.389999999999999858e+01,2.334664862817114681e+02,6.730796279543033052e+02,6.730796279543032945e+00,4.200000000000000000e+02,2.826934437408073486e-01,8.770167875922886656e+19
3.400000000000000000e+01,2.337435192432331235e+02,6.634106993237463712e+02,6.634106993237463890e+00,4.200000000000000000e+02,2.786324937159734283e-01,8.633937502649706086e+19
3.410000000000000142e+01,2.340205435351014955e+02,6.538921693658691083e+02,6.538921693658690693e+00,4.200000000000000000e+02,2.746347111336649993e-01,8.499985024280202445e+19
3.420000000000000284e+01,2.342975591577235548e+02,6.445215205140099215e+02,6.445215205140098824e+00,4.200000000000000000e+02,2.706990386158841244e-01,8.368269658734803354e+19
3.429999999999999716e+01,2.345745661115062717e+02,6.352962803139469088e+02,6.352962803139469372e+00,4.200000000000000000e+02,2.668244377318576555e-01,8.238751402111097242e+19
3.439999999999999858e+01,2.348515643968565030e+02,6.262140205625079261e+02,6.262140205625079226e+00,4.200000000000000000e+02,2.630098886362532973e-01,8.111391012921961677e+19
3.450000000000000000e+01,2.351285540141812191e+02,6.172723564636077072e+02,6.172723564636076965e+00,4.200000000000000000e+02,2.592543897147152054e-01,7.986149996670977638e+19
3.460000000000000142e+01,2.354055349638871917e+02,6.084689458014048569e+02,6.084689458014048924e+00,4.200000000000000000e+02,2.555569572365899988e-01,7.862990590758413926e+19
3.470000000000000284e+01,2.356825072463813342e+02,5.998014881301376136e+02,5.998014881301376278e+00,4.200000000000000000e+02,2.519166250146577801e-01,7.741875749709321011e+19
3.479999999999999716e+01,2.359594708620703898e+02,5.912677239803567772e+02,5.912677239803567630e+00,4.200000000000000000e+02,2.483324440717498138e-01,7.622769130717460890e+19
3.489999999999999858e+01,2.362364258113612152e+02,5.828654340811383463e+02,5.828654340811383783e+00,4.200000000000000000e+02,2.448034823140780858e-01,7.505635079497103770e+19
3.500000000000000000e+01,2.365133720946605251e+02,5.745924385979840281e+02,5.745924385979840565e+00,4.200000000000000000e+02,2.413288242111532589e-01,7.390438616436372275e+19
3.510000000000000142e+01,2.367903097123750626e+02,5.664465963860512829e+02,5.664465963860513043e+00,4.200000000000000000e+02,2.379075704821415060e-01,7.277145423045092147e+19
3.520000000000000284e+01,2.370672386649115140e+02,5.584258042583876431e+02,5.584258042583876147e+00,4.200000000000000000e+02,2.345388377885228026e-01,7.165721828690513101e+19
3.529999999999999716e+01,2.373441589526766222e+02,5.505279962688586011e+02,5.505279962688586437e+00,4.200000000000000000e+02,2.312217584329205877e-01,7.056134797614583808e+19
3.539999999999999858e+01,2.376210705760770168e+02,5.427511430094607476e+02,5.427511430094607903e+00,4.200000000000000000e+02,2.279554800639734813e-01,6.948351916226536243e+19
3.550000000000000000e+01,2.378979735355192986e+02,5.350932509216914923e+02,5.350932509216915101e+00,4.200000000000000000e+02,2.247391653871104178e-01,6.842341380664282317e+19
3.560000000000000142e+01,2.381748678314101255e+02,5.275523616217086555e+02,5.275523616217086875e+00,4.200000000000000000e+02,2.215719918811176192e-01,6.738071984619057971e+19
3.570000000000000284e+01,2.384517534641560701e+02,5.201265512389626338e+02,5.201265512389626089e+00,4.200000000000000000e+02,2.184531515203642915e-01,6.635513107417106022e+19
3.579999999999999716e+01,2.387286304341636480e+02,5.128139297680355639e+02,5.128139297680355924e+00,4.200000000000000000e+02,2.153818505025749119e-01,6.534634702352905830e+19
3.589999999999999858e+01,2.390054987418394603e+02,5.056126404333965638e+02,5.056126404333965318e+00,4.200000000000000000e+02,2.123573089820265380e-01,6.435407285268217037e+19
3.600000000000000000e+01,2.392823583875899374e+02,4.985208590668001420e+02,4.985208590668001705e+00,4.200000000000000000e+02,2.093787608080560358e-01,6.337801923371452006e+19
3.610000000000000142e+01,2.395592093718216233e+02,4.915367934970751094e+02,4.915367934970751307e+00,4.200000000000000000e+02,2.064454532687715338e-01,6.241790224292219290e+19
3.620000000000000284e+01,2.398360516949409487e+02,4.846586829520279593e+02,4.846586829520279416e+00,4.200000000000000000e+02,2.035566468398517237e-01,6.147344325365644493e+19
3.629999999999999716e+01,2.401128853573543438e+02,4.778847974722111189e+02,4.778847974722110870e+00,4.200000000000000000e+02,2.007116149383286474e-01,6.054436883141413274e+19
3.639999999999999858e+01,2.403897103594681823e+02,4.712134373363148825e+02,4.712134373363149109e+00,4.200000000000000000e+02,1.979096436812522453e-01,5.963041063112695808e+19
3.650000000000000000e+01,2.406665267016889231e+02,4.646429324979250737e+02,4.646429324979250985e+00,4.200000000000000000e+02,1.951500316491285025e-01,5.873130529659884339e+19
3.660000000000000142e+01,2.409433343844228261e+02,4.581716420334241207e+02,4.581716420334241313e+00,4.200000000000000000e+02,1.924320896540381021e-01,5.784679436204637389e+19
3.670000000000000284e+01,2.412201334080762933e+02,4.517979536007869115e+02,4.517979536007868724e+00,4.200000000000000000e+02,1.897551405123304724e-01,5.697662415569353933e+19
3.679999999999999716e+01,2.414969237730555847e+02,4.455202829090584942e+02,4.455202829090584515e+00,4.200000000000000000e+02,1.871185188218045525e-01,5.612054570537783296e+19
3.689999999999999858e+01,2.417737054797669884e+02,4.393370731982817006e+02,4.393370731982816579e+00,4.200000000000000000e+02,1.845215707432782959e-01,5.527831464612200448e+19
3.700000000000000000e+01,2.420504785286167362e+02,4.332467947296559032e+02,4.332467947296558819e+00,4.200000000000000000e+02,1.819636537864554593e-01,5.444969112962837709e+19
3.710000000000000142e+01,2.423272429200111162e+02,4.272479442857203935e+02,4.272479442857203935e+00,4.200000000000000000e+02,1.794441366000025517e-01,5.363443973565424435e+19
3.720000000000000284e+01,2.426039986543562748e+02,4.213390446803531972e+02,4.213390446803532363e+00,4.200000000000000000e+02,1.769623987657483188e-01,5.283232938522710016e+19
3.729999999999999716e+01,2.428807457320584149e+02,4.155186442783728467e+02,4.155186442783728396e+00,4.200000000000000000e+02,1.745178305969165844e-01,5.204313325565824205e+19
3.739999999999999858e+01,2.431574841535236828e+02,4.097853165245561513e+02,4.097853165245561868e+00,4.200000000000000000e+02,1.721098329403135674e-01,5.126662869731713024e+19
3.750000000000000000e+01,2.434342139191581680e+02,4.041376594818705712e+02,4.041376594818705925e+00,4.200000000000000000e+02,1.697378169823856309e-01,5.050259715212715622e+19
3.760000000000000142e+01,2.437109350293680166e+02,3.985742953787215015e+02,3.985742953787215104e+00,4.200000000000000000e+02,1.674012040590630024e-01,4.975082407374405632e+19
3.770000000000000284e+01,2.439876474845592895e+02,3.930938701650524081e+02,3.930938701650524170e+00,4.200000000000000000e+02,1.650994254693219920e-01,4.901109884938359603e+19
3.779999999999999716e+01,2.442643512851380194e+02,3.876950530770906198e+02,3.876950530770906234e+00,4.200000000000000000e+02,1.628319222923780563e-01,4.828321472325937562e+19
3.789999999999999858e+01,2.445410464315102388e+02,3.823765362105705208e+02,3.823765362105705279e+00,4.200000000000000000e+02,1.605981452084395966e-01,4.756696872159704678e+19
3.800000000000000000e+01,2.448177329240819518e+02,3.771370341022612251e+02,3.771370341022612038e+00,4.200000000000000000e+02,1.583975543229496907e-01,4.686216157919101747e+19
3.810000000000000142e+01,2.450944107632591340e+02,3.719752833196246229e+02,3.719752833196246389e+00,4.200000000000000000e+02,1.562296189942423141e-01,4.616859766746972979e+19
3.820000000000000284e+01,2.453710799494477328e+02,3.668900420584397466e+02,3.668900420584397359e+00,4.200000000000000000e+02,1.540938176645446911e-01,4.548608492403713638e+19
3.829999999999999716e+01,2.456477404830536386e+02,3.618800897482246341e+02,3.618800897482246537e+00,4.200000000000000000e+02,1.519896376942543315e-01,4.481443478365793485e+19
3.839999999999999858e+01,2.459243923644827703e+02,3.569442266652999933e+02,3.569442266653000129e+00,4.200000000000000000e+02,1.499165751994259721e-01,4.415346211065578291e+19
3.850000000000000000e+01,2.462010355941410182e+02,3.520812735533384625e+02,3.520812735533384696e+00,4.200000000000000000e+02,1.478741348924021426e-01,4.350298513269401190e+19
3.860000000000000142e+01,2.464776701724342161e+02,3.472900712512453651e+02,3.472900712512453580e+00,4.200000000000000000e+02,1.458618299255230455e-01,4.286282537590892954e+19
3.870000000000000284e+01,2.467542960997681689e+02,3.425694803282186172e+02,3.425694803282186118e+00,4.200000000000000000e+02,1.438791817378518023e-01,4.223280760136637645e+19
3.879999999999999716e+01,2.470309133765486536e+02,3.379183807258443153e+02,3.379183807258443029e+00,4.200000000000000000e+02,1.419257199048546136e-01,4.161275974281320038e+19
3.889999999999999858e+01,2.473075220031815036e+02,3.333356714070848170e+02,3.333356714070847993e+00,4.200000000000000000e+02,1.400009819909756037e-01,4.100251284569609830e+19
3.900000000000000000e+01,2.475841219800724105e+02,3.288202700120164081e+02,3.288202700120164135e+00,4.200000000000000000e+02,1.381045134050468692e-01,4.040190100742024397e+19
3.910000000000000142e+01,2.478607133076271225e+02,3.243711125201807590e+02,3.243711125201807377e+00,4.200000000000000000e+02,1.362358672584759178e-01,3.981076131882111795e+19
3.920000000000000284e+01,2.481372959862513028e+02,3.199871529194191453e+02,3.199871529194191488e+00,4.200000000000000000e+02,1.343946042261560392e-01,3.922893380682430054e+19
3.929999999999999716e+01,2.484138700163506428e+02,3.156673628810461310e+02,3.156673628810461096e+00,4.200000000000000000e+02,1.325802924100393521e-01,3.865626137826606285e+19
3.939999999999999858e+01,2.486904353983308056e+02,3.114107314412531764e+02,3.114107314412531746e+00,4.200000000000000000e+02,1.307925072053263138e-01,3.809258976485251482e+19
3.950000000000000000e+01,2.489669921325973405e+02,3.072162646885946060e+02,3.072162646885946202e+00,4.200000000000000000e+02,1.290308311692097143e-01,3.753776746923021107e+19
3.960000000000000142e+01,2.492435402195558822e+02,3.030829854574537308e+02,3.030829854574537130e+00,4.200000000000000000e+02,1.272948538921305495e-01,3.699164571214714470e+19
3.970000000000000284e+01,2.495200796596120085e+02,2.990099330273485521e+02,2.990099330273485734e+00,4.200000000000000000e+02,1.255841718714863775e-01,3.645407838067856589e+19
3.979999999999999716e+01,2.497966104531712688e+02,2.949961628279748993e+02,2.949961628279749171e+00,4.200000000000000000e+02,1.238983883877494419e-01,3.592492197749672346e+19
3.989999999999999858e+01,2.500731326006391271e+02,2.910407461498663793e+02,2.910407461498663917e+00,4.200000000000000000e+02,1.222371133829438655e-01,3.540403557116188672e+19
4.000000000000000000e+01,2.503496461024211044e+02,2.871427698605487535e+02,2.871427698605487411e+00,4.200000000000000000e+02,1.205999633414304717e-01,3.489128074741179187e+19
4.010000000000000142e+01,2.506261509589226648e+02,2.833013361260944976e+02,2.833013361260944940e+00,4.200000000000000000e+02,1.189865611729596789e-01,3.438652156143027405e+19
4.020000000000000284e+01,2.509026471705492440e+02,2.795155621379598188e+02,2.795155621379598276e+00,4.200000000000000000e+02,1.173965360979431077e-01,3.388962449107334758e+19
4.029999999999999716e+01,2.511791347377062777e+02,2.757845798449907875e+02,2.757845798449908070e+00,4.200000000000000000e+02,1.158295235348961172e-01,3.340045839103147213e+19
4.039999999999999858e+01,2.514556136607991448e+02,2.721075356905160447e+02,2.721075356905160447e+00,4.200000000000000000e+02,1.142851649900167299e-01,3.291889444791081370e+19
4.050000000000000000e+01,2.517320839402331956e+02,2.684835903544019970e+02,2.684835903544020130e+00,4.200000000000000000e+02,1.127631079488488342e-01,3.244480613621150925e+19
4.060000000000000142e+01,2.520085455764137805e+02,2.649119184999844379e+02,2.649119184999844556e+00,4.200000000000000000e+02,1.112630057699934560e-01,3.197806917518539162e+19
4.070000000000000284e+01,2.522849985697461932e+02,2.613917085257726285e+02,2.613917085257726480e+00,4.200000000000000000e+02,1.097845175808244977e-01,3.151856148655418982e+19
4.079999999999999716e+01,2.525614429206357272e+02,2.579221623218400623e+02,2.579221623218400428e+00,4.200000000000000000e+02,1.083273081751728179e-01,3.106616315307088691e+19
4.089999999999999858e+01,2.528378786294876761e+02,2.545024950307907545e+02,2.545024950307907652e+00,4.200000000000000000e+02,1.068910479129321078e-01,3.062075637790468915e+19
4.100000000000000000e+01,2.531143056967072482e+02,2.511319348132325615e+02,2.511319348132325491e+00,4.200000000000000000e+02,1.054754126215576709e-01,3.018222544483487334e+19
4.110000000000000142e+01,2.533907241226996518e+02,2.478097226176497827e+02,2.478097226176497969e+00,4.200000000000000000e+02,1.040800834994129037e-01,2.975045667923437978e+19
4.120000000000000284e+01,2.536671339078700669e+02,2.445351119545927645e+02,2.445351119545927432e+00,4.200000000000000000e+02,1.027047470209289520e-01,2.932533840982731571e+19
4.129999999999999716e+01,2.539435350526237016e+02,2.413073686751057210e+02,2.413073686751057156e+00,4.200000000000000000e+02,1.013490948435443878e-01,2.890676093120493568e+19
4.139999999999999858e+01,2.542199275573656223e+02,2.381257707532992924e+02,2.381257707532992818e+00,4.200000000000000000e+02,1.000128237163856876e-01,2.849461646708314931e+19
4.150000000000000000e+01,2.544963114225010088e+02,2.349896080729889150e+02,2.349896080729889203e+00,4.200000000000000000e+02,9.869563539065533131e-02,2.808879913428639334e+19
4.160000000000000142e+01,2.547726866484348989e+02,2.318981822183241945e+02,2.318981822183241892e+00,4.200000000000000000e+02,9.739723653169615747e-02,2.768920490744352358e+19
4.170000000000000284e+01,2.550490532355723872e+02,2.288508062683188200e+02,2.288508062683188182e+00,4.200000000000000000e+02,9.611733863269389389e-02,2.729573158437935923e+19
4.179999999999999716e+01,2.553254111843184546e+02,2.258468045952165539e+02,2.258468045952165326e+00,4.200000000000000000e+02,9.485565792999094137e-02,2.690827875218904269e+19
4.189999999999999858e+01,2.556017604950781674e+02,2.228855126666068998e+02,2.228855126666068998e+00,4.200000000000000000e+02,9.361191531997488380e-02,2.652674775397956403e+19
4.200000000000000000e+01,2.558781011682564781e+02,2.199662768512274624e+02,2.199662768512274713e+00,4.200000000000000000e+02,9.238583627751552341e-02,2.615104165626615808e+19
4.210000000000000142e+01,2.561544332042583392e+02,2.170884542283675671e+02,2.170884542283675778e+00,4.200000000000000000e+02,9.117715077591437289e-02,2.578106521700814438e+19
4.220000000000000284e+01,2.564307566034887031e+02,2.142514124008149849e+02,2.142514124008149778e+00,4.200000000000000000e+02,8.998559320834229047e-02,2.541672485427272909e+19
4.229999999999999716e+01,2.567070713663525225e+02,2.114545293112662137e+02,2.114545293112662261e+00,4.200000000000000000e+02,8.881090231073179853e-02,2.505792861551244083e+19
4.239999999999999858e+01,2.569833774932545793e+02,2.086971930621417357e+02,2.086971930621417393e+00,4.200000000000000000e+02,8.765282108609952216e-02,2.470458614744470323e+19
4.250000000000000000e+01,2.572596749845997692e+02,2.059788017387285493e+02,2.059788017387285564e+00,4.200000000000000000e+02,8.651109673026598224e-02,2.435660866651968717e+19
4.260000000000000142e+01,2.575359638407929310e+02,2.032987632355957999e+02,2.032987632355958141e+00,4.200000000000000000e+02,8.538548055895023303e-02,2.401390892996578509e+19
4.270000000000000284e+01,2.578122440622389036e+02,2.006564950862106116e+02,2.006564950862105956e+00,4.200000000000000000e+02,8.427572793620845271e-02,2.367640120739960832e+19
4.279999999999999716e+01,2.580885156493424688e+02,1.980514242956998316e+02,1.980514242956998405e+00,4.200000000000000000e+02,8.318159820419392114e-02,2.334400125298991104e+19
4.289999999999999858e+01,2.583647786025082951e+02,1.954829871766889937e+02,1.954829871766889937e+00,4.200000000000000000e+02,8.210285461420936681e-02,2.301662627816318566e+19
4.300000000000000000e+01,2.586410329221412212e+02,1.929506291881602920e+02,1.929506291881602831e+00,4.200000000000000000e+02,8.103926425902731323e-02,2.269419492483996877e+19
4.310000000000000142e+01,2.589172786086458586e+02,1.904538047772786911e+02,1.904538047772786902e+00,4.200000000000000000e+02,7.999059800645703933e-02,2.237662723919203942e+19
4.320000000000000284e+01,2.591935156624269325e+02,1.879919772241117641e+02,1.879919772241117615e+00,4.200000000000000000e+02,7.895663043412692872e-02,2.206384464590763622e+19
4.329999999999999716e+01,2.594697440838891112e+02,1.855646184892079589e+02,1.855646184892079553e+00,4.200000000000000000e+02,7.793713976546733091e-02,2.175576992295699251e+19
4.339999999999999858e+01,2.597459638734370060e+02,1.831712090639599353e+02,1.831712090639599388e+00,4.200000000000000000e+02,7.693190780686316732e-02,2.145232717684569293e+19
4.350000000000000000e+01,2.600221750314752285e+02,1.808112378237073017e+02,1.808112378237072937e+00,4.200000000000000000e+02,7.594071988595706146e-02,2.115344181834693427e+19
4.360000000000000142e+01,2.602983775584083332e+02,1.784842018835282715e+02,1.784842018835282706e+00,4.200000000000000000e+02,7.496336479108187123e-02,2.085904053870319616e+19
4.370000000000000284e+01,2.605745714546409317e+02,1.761896064566588223e+02,1.761896064566588205e+00,4.200000000000000000e+02,7.399963471179669960e-02,2.056905128628665958e+19
4.379999999999999716e+01,2.608507567205775217e+02,1.739269647155000484e+02,1.739269647155000431e+00,4.200000000000000000e+02,7.304932518051000800e-02,2.028340324371036160e+19
4.389999999999999858e+01,2.611269333566225441e+02,1.716957976551540526e+02,1.716957976551540588e+00,4.200000000000000000e+02,7.211223501516469958e-02,2.000202680537982157e+19
4.400000000000000000e+01,2.614031013631805536e+02,1.694956339594450014e+02,1.694956339594450023e+00,4.200000000000000000e+02,7.118816626296689543e-02,1.972485355547670528e+19
4.410000000000000142e+01,2.616792607406559910e+02,1.673260098693766906e+02,1.673260098693766906e+00,4.200000000000000000e+02,7.027692414513819763e-02,1.945181624636585574e+19
4.420000000000000284e+01,2.619554114894532972e+02,1.651864690539777598e+02,1.651864690539777580e+00,4.200000000000000000e+02,6.937831700267065027e-02,1.918284877741669171e+19
4.429999999999999716e+01,2.622315536099767996e+02,1.630765624834930918e+02,1.630765624834930927e+00,4.200000000000000000e+02,6.849215624306709271e-02,1.891788617423119155e+19
4.439999999999999858e+01,2.625076871026309391e+02,1.609958483048683320e+02,1.609958483048683275e+00,4.200000000000000000e+02,6.761825628804468691e-02,1.865686456826924646e+19
4.450000000000000000e+01,2.627838119678200997e+02,1.589438917194941610e+02,1.589438917194941681e+00,4.200000000000000000e+02,6.675643452218754659e-02,1.839972117686472704e+19
4.460000000000000142e+01,2.630599282059484949e+02,1.569202648631589625e+02,1.569202648631589536e+00,4.200000000000000000e+02,6.590651124252676352e-02,1.814639428362318234e+19
4.470000000000000284e+01,2.633360358174205658e+02,1.549245466881678510e+02,1.549245466881678412e+00,4.200000000000000000e+02,6.506830960903049743e-02,1.789682321919374746e+19
4.479999999999999716e+01,2.636121348026404689e+02,1.529563228475952599e+02,1.529563228475952608e+00,4.200000000000000000e+02,6.424165559599000208e-02,1.765094834240862208e+19
4.489999999999999858e+01,2.638882251620124748e+02,1.510151855816166631e+02,1.510151855816166622e+00,4.200000000000000000e+02,6.342637794427899434e-02,1.740871102178108006e+19
4.500000000000000000e+01,2.641643068959408538e+02,1.491007336058929695e+02,1.491007336058929766e+00,4.200000000000000000e+02,6.262230811447504208e-02,1.717005361735642317e+19
4.510000000000000142e+01,2.644403800048298194e+02,1.472125720019604387e+02,1.472125720019604289e+00,4.200000000000000000e+02,6.182928024082337548e-02,1.693491946290782413e+19
4.520000000000000284e+01,2.647164444890834716e+02,1.453503121095903339e+02,1.453503121095903294e+00,4.200000000000000000e+02,6.104713108602793231e-02,1.670325284847041331e+19
4.529999999999999716e+01,2.649925003491060238e+02,1.435135714210803428e+02,1.435135714210803437e+00,4.200000000000000000e+02,6.027569999685374047e-02,1.647499900320677069e+19
4.539999999999999858e+01,2.652685475853015760e+02,1.417019734774428628e+02,1.417019734774428663e+00,4.200000000000000000e+02,5.951482886052599647e-02,1.625010407859739034e+19
4.550000000000000000e+01,2.655445861980742279e+02,1.399151477664517245e+02,1.399151477664517307e+00,4.200000000000000000e+02,5.876436206190972095e-02,1.602851513194938163e+19
4.560000000000000142e+01,2.658206161878280227e+02,1.381527296225150110e+02,1.381527296225150137e+00,4.200000000000000000e+02,5.802414644145630074e-02,1.581018011021730202e+19
4.570000000000000284e+01,2.660966375549670602e+02,1.364143601283332998e+02,1.364143601283333007e+00,4.200000000000000000e+02,5.729403125389997964e-02,1.559504783412927693e+19
4.579999999999999716e+01,2.663726502998953833e+02,1.346996860183193121e+02,1.346996860183193201e+00,4.200000000000000000e+02,5.657386812769410467e-02,1.538306798261337498e+19
4.589999999999999858e+01,2.666486544230168647e+02,1.330083595837390362e+02,1.330083595837390442e+00,4.200000000000000000e+02,5.586351102517039119e-02,1.517419107751754547e+19
4.600000000000000000e+01,2.669246499247356041e+02,1.313400385795379748e+02,1.313400385795379766e+00,4.200000000000000000e+02,5.516281620340594133e-02,1.496836846861677568e+19
4.610000000000000142e+01,2.672006368054555310e+02,1.296943861328333298e+02,1.296943861328333281e+00,4.200000000000000000e+02,5.447164217578999434e-02,1.476555231890331238e+19
4.620000000000000284e+01,2.674766150655805177e+02,1.280710706530288121e+02,1.280710706530288068e+00,4.200000000000000000e+02,5.378984967427209718e-02,1.456569559015279616e+19
4.629999999999999716e+01,2.677525847055144936e+02,1.264697657435267359e+02,1.264697657435267297e+00,4.200000000000000000e+02,5.311730161228122443e-02,1.436875202876161024e+19
4.639999999999999858e+01,2.680285457256612744e+02,1.248901501150080264e+02,1.248901501150080362e+00,4.200000000000000000e+02,5.245386304830336466e-02,1.417467615185001062e+19
4.650000000000000000e+01,2.683044981264248463e+02,1.233319075002460039e+02,1.233319075002460075e+00,4.200000000000000000e+02,5.179940115010332052e-02,1.398342323362530714e+19
4.660000000000000142e+01,2.685804419082088543e+02,1.217947265704357704e+02,1.217947265704357740e+00,4.200000000000000000e+02,5.115378515958302064e-02,1.379494929200115302e+19
4.670000000000000284e+01,2.688563770714172279e+02,1.202783008529928424e+02,1.202783008529928477e+00,4.200000000000000000e+02,5.051688635825699047e-02,1.360921107546582016e+19
4.679999999999999716e+01,2.691323036164536688e+02,1.187823286508151881e+02,1.187823286508151943e+00,4.200000000000000000e+02,4.988857803334237340e-02,1.342616605019705549e+19
4.689999999999999858e+01,2.694082215437219929e+02,1.173065129629628416e+02,1.173065129629628389e+00,4.200000000000000000e+02,4.926873544444439201e-02,1.324577238741648794e+19
4.700000000000000000e+01,2.696841308536257884e+02,1.158505614067406100e+02,1.158505614067406153e+00,4.200000000000000000e+02,4.865723579083105349e-02,1.306798895098033357e+19
4.710000000000000142e+01,2.699600315465688709e+02,1.144141861411487611e+02,1.144141861411487548e+00,4.200000000000000000e+02,4.805395817928247854e-02,1.289277528520062157e+19
4.720000000000000284e+01,2.702359236229548856e+02,1.129971037916866123e+02,1.129971037916866150e+00,4.200000000000000000e+02,4.745878359250837314e-02,1.272009160289370317e+19
4.729999999999999716e+01,2.705118070831874206e+02,1.115990353764736653e+02,1.115990353764736653e+00,4.200000000000000000e+02,4.687159485811893261e-02,1.254989877365036237e+19
4.739999999999999858e+01,2.706499999999999773e+02,1.102195322853560384e+02,1.102195322853560366e+00,4.200000000000000000e+02,4.629220355984953184e-02,1.238843766881612595e+19
4.750000000000000000e+01,2.706499999999999773e+02,1.088572970429822959e+02,1.088572970429823039e+00,4.200000000000000000e+02,4.572006475805256293e-02,1.223532536611899392e+19
4.760000000000000142e+01,2.706499999999999773e+02,1.075119398163457305e+02,1.075119398163457252e+00,4.200000000000000000e+02,4.515501472286520546e-02,1.208411011598230938e+19
4.770000000000000284e+01,2.706499999999999773e+02,1.061832509711511818e+02,1.061832509711511774e+00,4.200000000000000000e+02,4.459696540788349317e-02,1.193476835596351078e+19
4.779999999999999716e+01,2.706499999999999773e+02,1.048710234832861374e+02,1.048710234832861410e+00,4.200000000000000000e+02,4.404582986298017505e-02,1.178727681699893043e+19
4.789999999999999858e+01,2.706499999999999773e+02,1.035750529062417229e+02,1.035750529062417158e+00,4.200000000000000000e+02,4.350152222062152185e-02,1.164161251974199706e+19
4.800000000000000000e+01,2.706499999999999773e+02,1.022951373389405205e+02,1.022951373389405116e+00,4.200000000000000000e+02,4.296395768235501678e-02,1.149775277094713549e+19
4.810000000000000142e+01,2.706499999999999773e+02,1.010310773939674078e+02,1.010310773939674167e+00,4.200000000000000000e+02,4.243305250546630658e-02,1.135567515989899674e+19
4.820000000000000284e+01,2.706499999999999773e+02,9.978267616619807256e+01,9.978267616619806990e-01,4.200000000000000000e+02,4.190872398980318575e-02,1.121535755488636314e+19
4.829999999999999716e+01,2.706499999999999773e+02,9.854973920181951996e+01,9.854973920181951952e-01,4.200000000000000000e+02,4.139089046476419204e-02,1.107677809972011622e+19
4.839999999999999858e+01,2.706499999999999773e+02,9.733207446773818106e+01,9.733207446773818328e-01,4.200000000000000000e+02,4.087947127645003009e-02,1.093991521029478605e+19
4.850000000000000000e+01,2.706499999999999773e+02,9.612949232137127353e+01,9.612949232137126820e-01,4.200000000000000000e+02,4.037438677497592887e-02,1.080474757119315558e+19
4.860000000000000142e+01,2.706499999999999773e+02,9.494180548081568816e+01,9.494180548081568860e-01,4.200000000000000000e+02,3.987555830194258744e-02,1.067125413233330995e+19
4.870000000000000284e+01,2.706499999999999773e+02,9.376882899538985328e+01,9.376882899538985239e-01,4.200000000000000000e+02,3.938290817806373162e-02,1.053941410565760614e+19
4.879999999999999716e+01,2.706499999999999773e+02,9.261038021654420049e+01,9.261038021654419694e-01,4.200000000000000000e+02,3.889635969094856066e-02,1.040920696186307379e+19
4.889999999999999858e+01,2.706499999999999773e+02,9.146627876913619559e+01,9.146627876913620003e-01,4.200000000000000000e+02,3.841583708303719646e-02,1.028061242717278618e+19
4.900000000000000000e+01,2.706499999999999773e+02,9.033634652306336932e+01,9.033634652306337109e-01,4.200000000000000000e+02,3.794126553968660970e-02,1.015361048014748262e+19
4.910000000000000142e+01,2.706499999999999773e+02,8.922040756525254324e+01,8.922040756525254634e-01,4.200000000000000000e+02,3.747257117740606519e-02,1.002818134853720474e+19
4.920000000000000284e+01,2.706499999999999773e+02,8.811828817199824471e+01,8.811828817199824915e-01,4.200000000000000000e+02,3.700968103223926248e-02,9.904305506172211200e+18
4.929999999999999716e+01,2.706499999999999773e+02,8.702981678164779566e+01,8.702981678164779522e-01,4.200000000000000000e+02,3.655252304829206822e-02,9.781963669892816896e+18
4.939999999999999858e+01,2.706499999999999773e+02,8.595482396762767507e+01,8.595482396762768040e-01,4.200000000000000000e+02,3.610102606640362005e-02,9.661136796517644288e+18
4.950000000000000000e+01,2.706499999999999773e+02,8.489314241180753129e+01,8.489314241180753173e-01,4.200000000000000000e+02,3.565511981295915733e-02,9.541806079849768960e+18
4.960000000000000142e+01,2.706499999999999773e+02,8.384460687819702684e+01,8.384460687819702551e-01,4.200000000000000000e+02,3.521473488884274694e-02,9.423952947720316928e+18
4.970000000000000284e+01,2.706499999999999773e+02,8.280905418697182085e+01,8.280905418697181997e-01,4.200000000000000000e+02,3.477980275852816244e-02,9.307559059069032448e+18
4.979999999999999716e+01,2.706499999999999773e+02,8.178632318882405627e+01,8.178632318882406160e-01,4.200000000000000000e+02,3.435025573930609866e-02,9.192606301061339136e+18
4.989999999999999858e+01,2.706499999999999773e+02,8.077625473963388458e+01,8.077625473963387925e-01,4.200000000000000000e+02,3.392602699064622973e-02,9.079076786241463296e+18
5.000000000000000000e+01,2.706499999999999773e+02,7.977869167545775042e+01,7.977869167545774687e-01,4.200000000000000000e+02,3.350705050369225113e-02,8.966952849721172992e+18
5.010000000000000142e+01,2.706499999999999773e+02,7.879347878782918713e+01,7.879347878782918535e-01,4.200000000000000000e+02,3.309326109088825407e-02,8.856217046403647488e+18
5.020000000000000284e+01,2.706499999999999773e+02,7.782046279936842836e+01,7.782046279936842836e-01,4.200000000000000000e+02,3.268459437573473930e-02,8.746852148242044928e+18
5.029999999999999716e+01,2.706499999999999773e+02,7.685949233969735417e+01,7.685949233969735506e-01,4.200000000000000000e+02,3.228098678267288246e-02,8.638841141532387328e+18
5.039999999999999858e+01,2.706499999999999773e+02,7.591041792165506763e+01,7.591041792165507118e-01,4.200000000000000000e+02,3.188237552709512895e-02,8.532167224240264192e+18
5.050000000000000000e+01,2.706499999999999773e+02,7.497309191781127424e+01,7.497309191781127424e-01,4.200000000000000000e+02,3.148869860548073052e-02,8.426813803360957440e+18
5.060000000000000142e+01,2.706499999999999773e+02,7.404736853727308699e+01,7.404736853727308388e-01,4.200000000000000000e+02,3.109989478565469354e-02,8.322764492312603648e+18
5.070000000000000284e+01,2.706499999999999773e+02,7.313310380278153389e+01,7.313310380278152945e-01,4.200000000000000000e+02,3.071590359716824120e-02,8.220003108361874432e+18
5.079999999999999716e+01,2.706499999999999773e+02,7.223015552809501116e+01,7.223015552809500806e-01,4.200000000000000000e+02,3.033666532179990147e-02,8.118513670081929216e+18
5.089999999999999858e+01,2.706499999999999773e+02,7.133838329565502079e+01,7.133838329565501679e-01,4.200000000000000000e+02,2.996212098417510780e-02,8.018280394842095616e+18
5.100000000000000000e+01,2.706499999999999773e+02,7.045764843453108028e+01,7.045764843453108384e-01,4.200000000000000000e+02,2.959221234250304991e-02,7.919287696328920064e+18
5.110000000000000142e+01,2.706499999999999773e+02,6.958781399864136574e+01,6.958781399864136796e-01,4.200000000000000000e+02,2.922688187942937277e-02,7.821520182098222080e+18
5.120000000000000284e+01,2.706499999999999773e+02,6.872874474524604693e+01,6.872874474524605093e-01,4.200000000000000000e+02,2.886607279300333617e-02,7.724962651157779456e+18
5.129999999999999716e+01,2.706499999999999773e+02,6.788030711370861070e+01,6.788030711370861559e-01,4.200000000000000000e+02,2.850972898775761336e-02,7.629600091580161024e+18
5.139999999999999858e+01,2.706499999999999773e+02,6.704236920452338211e+01,6.704236920452337767e-01,4.200000000000000000e+02,2.815779506589981968e-02,7.535417678145455104e+18
5.150000000000000000e+01,2.704088626314825206e+02,6.621447991321346649e+01,6.621447991321346427e-01,4.200000000000000000e+02,2.781008156354965177e-02,7.449001443712450560e+18
5.160000000000000142e+01,2.701333492843573367e+02,6.539601748327054054e+01,6.539601748327054098e-01,4.200000000000000000e+02,2.746632734297362391e-02,7.364429444053797888e+18
5.170000000000000284e+01,2.698578445356501447e+02,6.458687725283240866e+01,6.458687725283240866e-01,4.200000000000000000e+02,2.712648844618961025e-02,7.280735394501121024e+18
5.179999999999999716e+01,2.695823483849584932e+02,6.378696208669874324e+01,6.378696208669873968e-01,4.200000000000000000e+02,2.679052407641346889e-02,7.197911033760662528e+18
5.189999999999999858e+01,2.693068608318798169e+02,6.299617576771175465e+01,6.299617576771175953e-01,4.200000000000000000e+02,2.645839382243893312e-02,7.115948170267054080e+18
5.200000000000000000e+01,2.690313818760116646e+02,6.221442298896661782e+01,6.221442298896662226e-01,4.200000000000000000e+02,2.613005765536597844e-02,7.034838681662155776e+18
5.210000000000000142e+01,2.687559115169516417e+02,6.144160934608042623e+01,6.144160934608042801e-01,4.200000000000000000e+02,2.580547592535377757e-02,6.954574514277287936e+18
5.220000000000000284e+01,2.684804497542972967e+02,6.067764132951862166e+01,6.067764132951861678e-01,4.200000000000000000e+02,2.548460935839782018e-02,6.875147682618778624e+18
5.229999999999999716e+01,2.682049965876462920e+02,5.992242631698079691e+01,5.992242631698079247e-01,4.200000000000000000e+02,2.516741905313193278e-02,6.796550268857003008e+18
5.239999999999999858e+01,2.679295520165961761e+02,5.917587256584187116e+01,5.917587256584186939e-01,4.200000000000000000e+02,2.485386647765358212e-02,6.718774422318566400e+18
5.250000000000000000e+01,2.676541160407447251e+02,5.843788920565290823e+01,5.843788920565290423e-01,4.200000000000000000e+02,2.454391346637422103e-02,6.641812358982057984e+18
5.260000000000000142e+01,2.673786886596895442e+02,5.770838623069574425e+01,5.770838623069574069e-01,4.200000000000000000e+02,2.423752221689220998e-02,6.565656360976806912e+18
5.270000000000000284e+01,2.671032698730284096e+02,5.698727449259688171e+01,5.698727449259688438e-01,4.200000000000000000e+02,2.393465528689068741e-02,6.490298776085241856e+18
5.279999999999999716e+01,2.668278596803589835e+02,5.627446569299456769e+01,5.627446569299456858e-01,4.200000000000000000e+02,2.363527559105771739e-02,6.415732017248204800e+18
5.289999999999999858e+01,2.665524580812790987e+02,5.556987237626371723e+01,5.556987237626371812e-01,4.200000000000000000e+02,2.333934639803075806e-02,6.341948562073754624e+18
5.300000000000000000e+01,2.662770650753865311e+02,5.487340792229484521e+01,5.487340792229484787e-01,4.200000000000000000e+02,2.304683132736383422e-02,6.268940952349089792e+18
5.310000000000000142e+01,2.660016806622790568e+02,5.418498653932783782e+01,5.418498653932783959e-01,4.200000000000000000e+02,2.275769434651769146e-02,6.196701793555643392e+18
5.320000000000000284e+01,2.657263048415545086e+02,5.350452325684088350e+01,5.350452325684088573e-01,4.200000000000000000e+02,2.247189976787316787e-02,6.125223754387473408e+18
5.329999999999999716e+01,2.654509376128108329e+02,5.283193391849328435e+01,5.283193391849327902e-01,4.200000000000000000e+02,2.218941224576717608e-02,6.054499566272787456e+18
5.339999999999999858e+01,2.651755789756458626e+02,5.216713517512126685e+01,5.216713517512127085e-01,4.200000000000000000e+02,2.191019677355093148e-02,5.984522022898540544e+18
5.350000000000000000e+01,2.649002289296574872e+02,5.151004447778822737e+01,5.151004447778823048e-01,4.200000000000000000e+02,2.163421868067105444e-02,5.915283979738276864e+18
5.360000000000000142e+01,2.646248874744437103e+02,5.086058007088799116e+01,5.086058007088799515e-01,4.200000000000000000e+02,2.136144362977295333e-02,5.846778353583106048e+18
5.370000000000000284e+01,2.643495546096024782e+02,5.021866098529969946e+01,5.021866098529970124e-01,4.200000000000000000e+02,2.109183761382587077e-02,5.778998122075643904e+18
5.379999999999999716e+01,2.640742303347317375e+02,4.958420703159610810e+01,4.958420703159610587e-01,4.200000000000000000e+02,2.082536695327036336e-02,5.711936323247167488e+18
5.389999999999999858e+01,2.637989146494295483e+02,4.895713879330389062e+01,4.895713879330388929e-01,4.200000000000000000e+02,2.056199829318763189e-02,5.645586055057836032e+18
5.400000000000000000e+01,2.635236075532939140e+02,4.833737762021453221e+01,4.833737762021453332e-01,4.200000000000000000e+02,2.030169860049010205e-02,5.579940474939840512e+18
5.410000000000000142e+01,2.632483090459229516e+02,4.772484562174807365e+01,4.772484562174807432e-01,4.200000000000000000e+02,2.004443516113418866e-02,5.514992799343768576e+18
5.420000000000000284e+01,2.629730191269147213e+02,4.711946566036616701e+01,4.711946566036616657e-01,4.200000000000000000e+02,1.979017557735378990e-02,5.450736303287788544e+18
5.429999999999999716e+01,2.626977377958673401e+02,4.652116134503719280e+01,4.652116134503719302e-01,4.200000000000000000e+02,1.953888776491561827e-02,5.387164319910000640e+18
5.439999999999999858e+01,2.624224650523789251e+02,4.592985702475079535e+01,4.592985702475079757e-01,4.200000000000000000e+02,1.929053995039533079e-02,5.324270240023681024e+18
5.450000000000000000e+01,2.621472008960476501e+02,4.534547778208258961e+01,4.534547778208258828e-01,4.200000000000000000e+02,1.904510066847468763e-02,5.262047511675493376e+18
5.460000000000000142e+01,2.618719453264717458e+02,4.476794942680876233e+01,4.476794942680876188e-01,4.200000000000000000e+02,1.880253875925968002e-02,5.200489639706703872e+18
5.470000000000000284e+01,2.615966983432493862e+02,4.419719848956927422e+01,4.419719848956927266e-01,4.200000000000000000e+02,1.856282336561909316e-02,5.139590185317243904e+18
5.479999999999999716e+01,2.613214599459788587e+02,4.363315221558089263e+01,4.363315221558089485e-01,4.200000000000000000e+02,1.832592393054397265e-02,5.079342765632779264e+18
5.489999999999999858e+01,2.610462301342583942e+02,4.307573855839780919e+01,4.307573855839780808e-01,4.200000000000000000e+02,1.809181019452707831e-02,5.019741053274580992e+18
5.500000000000000000e+01,2.607710089076862801e+02,4.252488617372154067e+01,4.252488617372154334e-01,4.200000000000000000e+02,1.786045219296304720e-02,4.960778775932360704e+18
5.510000000000000142e+01,2.604957962658608039e+02,4.198052441325818052e+01,4.198052441325818007e-01,4.200000000000000000e+02,1.763182025356843305e-02,4.902449715939935232e+18
5.520000000000000284e+01,2.602205922083803671e+02,4.144258331862369005e+01,4.144258331862368805e-01,4.200000000000000000e+02,1.740588499382194829e-02,4.844747709853762560e+18
5.529999999999999716e+01,2.599453967348433139e+02,4.091099361529586531e+01,4.091099361529586531e-01,4.200000000000000000e+02,1.718261731842426338e-02,4.787666648034242560e+18
5.539999999999999858e+01,2.596702098448480456e+02,4.038568670661381788e+01,4.038568670661381588e-01,4.200000000000000000e+02,1.696198841677780053e-02,4.731200474229899264e+18
5.550000000000000000e+01,2.593950315379929634e+02,3.986659466782419514e+01,3.986659466782419559e-01,4.200000000000000000e+02,1.674396976048616106e-02,4.675343185164371968e+18
5.560000000000000142e+01,2.591198618138764687e+02,3.935365024017336566e+01,3.935365024017336566e-01,4.200000000000000000e+02,1.652853310087281161e-02,4.620088830126128128e+18
5.570000000000000284e+01,2.588447006720971331e+02,3.884678682504618052e+01,3.884678682504618119e-01,4.200000000000000000e+02,1.631565046651939355e-02,4.565431510561027072e+18
5.579999999999999716e+01,2.585695481122533579e+02,3.834593847814942791e+01,3.834593847814942724e-01,4.200000000000000000e+02,1.610529416082275705e-02,4.511365379667505664e+18
5.589999999999999858e+01,2.582944041339436581e+02,3.785103990374214789e+01,3.785103990374214522e-01,4.200000000000000000e+02,1.589743675957170158e-02,4.457884641994663936e+18
5.600000000000000000e+01,2.580192687367666053e+02,3.736202644891009328e+01,3.736202644891009061e-01,4.200000000000000000e+02,1.569205110854223623e-02,4.404983553042964480e+18
5.610000000000000142e+01,2.577441419203207715e+02,3.687883409788494760e+01,3.687883409788494937e-01,4.200000000000000000e+02,1.548911032111167582e-02,4.352656418867634688e+18
5.620000000000000284e+01,2.574690236842047852e+02,3.640139946640872637e+01,3.640139946640872370e-01,4.200000000000000000e+02,1.528858777589166447e-02,4.300897595684828672e+18
5.629999999999999716e+01,2.571939140280171614e+02,3.592965979614130134e+01,3.592965979614130001e-01,4.200000000000000000e+02,1.509045711437934610e-02,4.249701489480345600e+18
5.639999999999999858e+01,2.569188129513566423e+02,3.546355294911340650e+01,3.546355294911340827e-01,4.200000000000000000e+02,1.489469223862762912e-02,4.199062555621187072e+18
5.650000000000000000e+01,2.566437204538217998e+02,3.500301740222122504e+01,3.500301740222122593e-01,4.200000000000000000e+02,1.470126730893291274e-02,4.148975298469531648e+18
5.660000000000000142e+01,2.563686365350113761e+02,3.454799224176614558e+01,3.454799224176614558e-01,4.200000000000000000e+02,1.451015674154177912e-02,4.099434270999538176e+18
5.670000000000000284e+01,2.560935611945241135e+02,3.409841715803641193e+01,3.409841715803640927e-01,4.200000000000000000e+02,1.432133520637529113e-02,4.050434074416654336e+18
5.679999999999999716e+01,2.558184944319587260e+02,3.365423243993147651e+01,3.365423243993147517e-01,4.200000000000000000e+02,1.413477762477121855e-02,4.001969357779510272e+18
5.689999999999999858e+01,2.555434362469139842e+02,3.321537896962932734e+01,3.321537896962932779e-01,4.200000000000000000e+02,1.395045916724431574e-02,3.954034817624458240e+18
5.700000000000000000e+01,2.552683866389886873e+02,3.278179821729556664e+01,3.278179821729556576e-01,4.200000000000000000e+02,1.376835525126413745e-02,3.906625197592647680e+18
5.710000000000000142e+01,2.549933456077816345e+02,3.235343223583421235e+01,3.235343223583421191e-01,4.200000000000000000e+02,1.358844153905036829e-02,3.859735288059627520e+18
5.720000000000000284e+01,2.547183131528916533e+02,3.193022365568031873e+01,3.193022365568031762e-01,4.200000000000000000e+02,1.341069393538573198e-02,3.813359925767533056e+18
5.729999999999999716e+01,2.544432892739176566e+02,3.151211567963381199e+01,3.151211567963381199e-01,4.200000000000000000e+02,1.323508858544619922e-02,3.767493993459776512e+18
5.739999999999999858e+01,2.541682739704584719e+02,3.109905207773380198e+01,3.109905207773380198e-01,4.200000000000000000e+02,1.306160187264819583e-02,3.722132419518198784e+18
5.750000000000000000e+01,2.538932672421130974e+02,3.069097718217432558e+01,3.069097718217432824e-01,4.200000000000000000e+02,1.289021041651321545e-02,3.677270177602793984e+18
5.760000000000000142e+01,2.536182690884804174e+02,3.028783588225989476e+01,3.028783588225989476e-01,4.200000000000000000e+02,1.272089107054915486e-02,3.632902286293853696e+18
5.770000000000000284e+01,2.533432795091594301e+02,2.988957361940139279e+01,2.988957361940139390e-01,4.200000000000000000e+02,1.255362092014858377e-02,3.589023808736587776e+18
5.779999999999999716e+01,2.530682985037491051e+02,2.949613638215186384e+01,2.949613638215186628e-01,4.200000000000000000e+02,1.238837728050378242e-02,3.545629852288211456e+18
5.789999999999999858e+01,2.527933260718484405e+02,2.910747070128163827e+01,2.910747070128164027e-01,4.200000000000000000e+02,1.222513769453828676e-02,3.502715568167435776e+18
5.800000000000000000e+01,2.525183622130565482e+02,2.872352364489312748e+01,2.872352364489312859e-01,4.200000000000000000e+02,1.206387993085511305e-02,3.460276151106423296e+18
5.810000000000000142e+01,2.522434069269724262e+02,2.834424281357410891e+01,2.834424281357411091e-01,4.200000000000000000e+02,1.190458198170112405e-02,3.418306839005088256e+18
5.820000000000000284e+01,2.519684602131951863e+02,2.796957633559019740e+01,2.796957633559019607e-01,4.200000000000000000e+02,1.174722206094788203e-02,3.376802912587845120e+18
5.829999999999999716e+01,2.516935220713239403e+02,2.759947286211560424e+01,2.759947286211560380e-01,4.200000000000000000e+02,1.159177860208855312e-02,3.335759695062706688e+18
5.839999999999999858e+01,2.514185925009578852e+02,2.723388156250209136e+01,2.723388156250209358e-01,4.200000000000000000e+02,1.143823025625087704e-02,3.295172551782748672e+18
5.850000000000000000e+01,2.511436715016961045e+02,2.687275211958576193e+01,2.687275211958576326e-01,4.200000000000000000e+02,1.128655589022601984e-02,3.255036889909912064e+18
5.860000000000000142e+01,2.508687590731378236e+02,2.651603472503191838e+01,2.651603472503191727e-01,4.200000000000000000e+02,1.113673458451340526e-02,3.215348158081186816e+18
5.870000000000000284e+01,2.505938552148822680e+02,2.616368007471681878e+01,2.616368007471681634e-01,4.200000000000000000e+02,1.098874563138106317e-02,3.176101846077060096e+18
5.879999999999999716e+01,2.503189599265286915e+02,2.581563936414683269e+01,2.581563936414683069e-01,4.200000000000000000e+02,1.084256853294166857e-02,3.137293484492297728e+18
5.889999999999999858e+01,2.500440732076763197e+02,2.547186428391451685e+01,2.547186428391451929e-01,4.200000000000000000e+02,1.069818299924409598e-02,3.098918644409031680e+18
5.900000000000000000e+01,2.497691950579244633e+02,2.513230701519122690e+01,2.513230701519122423e-01,4.200000000000000000e+02,1.055556894638031394e-02,3.060972937072110080e+18
5.910000000000000142e+01,2.494943254768724614e+02,2.479692022525606987e+01,2.479692022525606943e-01,4.200000000000000000e+02,1.041470649460754863e-02,3.023452013566714880e+18
5.920000000000000284e+01,2.492194644641196533e+02,2.446565706306104460e+01,2.446565706306104426e-01,4.200000000000000000e+02,1.027557596648563838e-02,2.986351564498246656e+18
5.929999999999999716e+01,2.489446120192653780e+02,2.413847115483200412e+01,2.413847115483200301e-01,4.200000000000000000e+02,1.013815788502944043e-02,2.949667319674435072e+18
5.939999999999999858e+01,2.486697681419090316e+02,2.381531659970518788e+01,2.381531659970518855e-01,4.200000000000000000e+02,1.000243297187617883e-02,2.913395047789685760e+18
5.950000000000000000e+01,2.483949328316500385e+02,2.349614796539923844e+01,2.349614796539923889e-01,4.200000000000000000e+02,9.868382145467679764e-03,2.877530556111641600e+18
5.960000000000000142e+01,2.481201060880878515e+02,2.318092028392207737e+01,2.318092028392207682e-01,4.200000000000000000e+02,9.735986519247272208e-03,2.842069690169926656e+18
5.970000000000000284e+01,2.478452879108219236e+02,2.286958904731285713e+01,2.286958904731285769e-01,4.200000000000000000e+02,9.605227399871399049e-03,2.807008333447101440e+18
5.979999999999999716e+01,2.475704782994517359e+02,2.256211020341841689e+01,2.256211020341841733e-01,4.200000000000000000e+02,9.476086285435733961e-03,2.772342407071774720e+18
5.989999999999999858e+01,2.472956772535768266e+02,2.225844015170416412e+01,2.225844015170416468e-01,4.200000000000000000e+02,9.348544863715748526e-03,2.738067869513891328e+18
6.000000000000000000e+01,2.470208847727967338e+02,2.195853573909892020e+01,2.195853573909891943e-01,4.200000000000000000e+02,9.222585010421545729e-03,2.704180716282141184e+18
6.010000000000000142e+01,2.467461008567110241e+02,2.166235425587383290e+01,2.166235425587383356e-01,4.200000000000000000e+02,9.098188787467008376e-03,2.670676979623535616e+18
6.020000000000000284e+01,2.464713255049192639e+02,2.136985343155484429e+01,2.136985343155484440e-01,4.200000000000000000e+02,8.975338441253033483e-03,2.637552728225090560e+18
6.029999999999999716e+01,2.461965587170211052e+02,2.108099143086856131e+01,2.108099143086856198e-01,4.200000000000000000e+02,8.854016400964795364e-03,2.604804066917618688e+18
6.039999999999999858e+01,2.459218004926161711e+02,2.079572684972107410e+01,2.079572684972107455e-01,4.200000000000000000e+02,8.734205276882850075e-03,2.572427136381599232e+18
6.050000000000000000e+01,2.456470508313041421e+02,2.051401871121020903e+01,2.051401871121020792e-01,4.200000000000000000e+02,8.615887858708287661e-03,2.540418112855189504e+18
6.060000000000000142e+01,2.453723097326846982e+02,2.023582646166990884e+01,2.023582646166990906e-01,4.200000000000000000e+02,8.499047113901361458e-03,2.508773207844237824e+18
6.070000000000000284e+01,2.450975771963575482e+02,1.996110996674731908e+01,1.996110996674732019e-01,4.200000000000000000e+02,8.383666186033873757e-03,2.477488667834396160e+18
6.079999999999999716e+01,2.448228532219224292e+02,1.968982950751220073e+01,1.968982950751220207e-01,4.200000000000000000e+02,8.269728393155123536e-03,2.446560774005279232e+18
6.089999999999999858e+01,2.445481378089791349e+02,1.942194577659810761e+01,1.942194577659810684e-01,4.200000000000000000e+02,8.157217226171204622e-03,2.415985841946641408e+18
6.100000000000000000e+01,2.442734309571274309e+02,1.915741987437543514e+01,1.915741987437543647e-01,4.200000000000000000e+02,8.046116347237682043e-03,2.385760221376581632e+18
6.110000000000000142e+01,2.439987326659671396e+02,1.889621330515596043e+01,1.889621330515595943e-01,4.200000000000000000e+02,7.936409588165502585e-03,2.355880295861757952e+18
6.120000000000000284e+01,2.437240429350981117e+02,1.863828797342879184e+01,1.863828797342879096e-01,4.200000000000000000e+02,7.828080948840092715e-03,2.326342482539607040e+18
6.129999999999999716e+01,2.434493617641201979e+02,1.838360618012719172e+01,1.838360618012719050e-01,4.200000000000000000e+02,7.721114595653420093e-03,2.297143231842529024e+18
6.139999999999999858e+01,2.431746891526333059e+02,1.813213061892653499e+01,1.813213061892653410e-01,4.200000000000000000e+02,7.615494859949144442e-03,2.268279027224076032e+18
6.150000000000000000e+01,2.429000251002373147e+02,1.788382437257255120e+01,1.788382437257255153e-01,4.200000000000000000e+02,7.511206236480470928e-03,2.239746384887058176e+18
6.160000000000000142e+01,2.426253696065322174e+02,1.763865090924042534e+01,1.763865090924042478e-01,4.200000000000000000e+02,7.408233381880978408e-03,2.211541853513656832e+18
6.170000000000000284e+01,2.423507226711179499e+02,1.739657407892354612e+01,1.739657407892354624e-01,4.200000000000000000e+02,7.306561113147889107e-03,2.183662013997404160e+18
6.179999999999999716e+01,2.420760842935945334e+02,1.715755810985278274e+01,1.715755810985278296e-01,4.200000000000000000e+02,7.206174406138168322e-03,2.156103479177158912e+18
6.189999999999999858e+01,2.418014544735619324e+02,1.692156760494497547e+01,1.692156760494497592e-01,4.200000000000000000e+02,7.107058394076889475e-03,2.128862893572926464e+18
6.200000000000000000e+01,2.415268332106202251e+02,1.668856753828156769e+01,1.668856753828156791e-01,4.200000000000000000e+02,7.009198366078257456e-03,2.101936933123656704e+18
6.210000000000000142e+01,2.412522205043694328e+02,1.645852325161597207e+01,1.645852325161597240e-01,4.200000000000000000e+02,6.912579765678707362e-03,2.075322304926856448e+18
6.220000000000000284e+01,2.409776163544096903e+02,1.623140045091045991e+01,1.623140045091046035e-01,4.200000000000000000e+02,6.817188189382392648e-03,2.049015746980131584e+18
6.229999999999999716e+01,2.407030207603411327e+02,1.600716520290183809e+01,1.600716520290183797e-01,4.200000000000000000e+02,6.723009385218771221e-03,2.023014027924583168e+18
6.239999999999999858e+01,2.404284337217638381e+02,1.578578393169560812e+01,1.578578393169560723e-01,4.200000000000000000e+02,6.630029251312155071e-03,1.997313946790031360e+18
6.250000000000000000e+01,2.401538552382779983e+02,1.556722341538900878e+01,1.556722341538900878e-01,4.200000000000000000e+02,6.538233834463383007e-03,1.971912332742132224e+18
6.260000000000000142e+01,2.398792853094838051e+02,1.535145078272205588e+01,1.535145078272205643e-01,4.200000000000000000e+02,6.447609328743262626e-03,1.946806044831294976e+18
6.270000000000000284e+01,2.396047239349814788e+02,1.513843350975662183e+01,1.513843350975662139e-01,4.200000000000000000e+02,6.358142074097780649e-03,1.921991971743413504e+18
6.279999999999999716e+01,2.393301711143712680e+02,1.492813941658356214e+01,1.492813941658356347e-01,4.200000000000000000e+02,6.269818554965095499e-03,1.897467031552433664e+18
6.289999999999999858e+01,2.390556268472533930e+02,1.472053666405739136e+01,1.472053666405739036e-01,4.200000000000000000e+02,6.182625398904103946e-03,1.873228171474704384e+18
6.300000000000000000e+01,2.387810911332281876e+02,1.451559375055843226e+01,1.451559375055843093e-01,4.200000000000000000e+02,6.096549375234541074e-03,1.849272367625117184e+18
6.310000000000000142e+01,2.385065639718959574e+02,1.431327950878220001e+01,1.431327950878220068e-01,4.200000000000000000e+02,6.011577393688523341e-03,1.825596624775020544e+18
6.320000000000000284e+01,2.382320453628570363e+02,1.411356310255590607e+01,1.411356310255590663e-01,4.200000000000000000e+02,5.927696503073480103e-03,1.802197976111909376e+18
6.329999999999999716e+01,2.379575353057117866e+02,1.391641402368173885e+01,1.391641402368173908e-01,4.200000000000000000e+02,5.844893889946329614e-03,1.779073483000854272e+18
6.339999999999999858e+01,2.376830338000605991e+02,1.372180208880683949e+01,1.372180208880683927e-01,4.200000000000000000e+02,5.763156877298871751e-03,1.756220234747684352e+18
6.350000000000000000e+01,2.374085408455038930e+02,1.352969743631981103e+01,1.352969743631980970e-01,4.200000000000000000e+02,5.682472923254320261e-03,1.733635348363907840e+18
6.360000000000000142e+01,2.371340564416420875e+02,1.334007052327333653e+01,1.334007052327333687e-01,4.200000000000000000e+02,5.602829619774801068e-03,1.711315968333334784e+18
6.370000000000000284e+01,2.368595805880756586e+02,1.315289212233303573e+01,1.315289212233303473e-01,4.200000000000000000e+02,5.524214691379874739e-03,1.689259266380433920e+18
6.379999999999999716e+01,2.365851132844051392e+02,1.296813331875209840e+01,1.296813331875209807e-01,4.200000000000000000e+02,5.446615993875881037e-03,1.667462441240374272e+18
6.389999999999999858e+01,2.363106545302309485e+02,1.278576550737158790e+01,1.278576550737158812e-01,4.200000000000000000e+02,5.370021513096066498e-03,1.645922718430755584e+18
6.400000000000000000e+01,2.360362043251537045e+02,1.260576038964641121e+01,1.260576038964641155e-01,4.200000000000000000e+02,5.294419363651492461e-03,1.624637350025037312e+18
6.409999999999999432e+01,2.357617626687739403e+02,1.242808997069641208e+01,1.242808997069641264e-01,4.200000000000000000e+02,5.219797787692492808e-03,1.603603614427614208e+18
6.420000000000000284e+01,2.354873295606922738e+02,1.225272655638268837e+01,1.225272655638268843e-01,4.200000000000000000e+02,5.146145153680728272e-03,1.582818816150562816e+18
6.429999999999999716e+01,2.352129050005092381e+02,1.207964275040870739e+01,1.207964275040870755e-01,4.200000000000000000e+02,5.073449955171656887e-03,1.562280285592017408e+18
6.440000000000000568e+01,2.349384889878255649e+02,1.190881145144651576e+01,1.190881145144651598e-01,4.200000000000000000e+02,5.001700809607535943e-03,1.541985378816225280e+18
6.450000000000000000e+01,2.346640815222418723e+02,1.174020585028702790e+01,1.174020585028702768e-01,4.200000000000000000e+02,4.930886457120551257e-03,1.521931477335172352e+18
6.459999999999999432e+01,2.343896826033588354e+02,1.157379942701511055e+01,1.157379942701511066e-01,4.200000000000000000e+02,4.860995759346346118e-03,1.502115987891872000e+18
6.470000000000000284e+01,2.341152922307771860e+02,1.140956594820867132e+01,1.140956594820867198e-01,4.200000000000000000e+02,4.792017698247641108e-03,1.482536342245238272e+18
6.479999999999999716e+01,2.338409104040976558e+02,1.124747946416178657e+01,1.124747946416178590e-01,4.200000000000000000e+02,4.723941374947950023e-03,1.463189996956559872e+18
6.490000000000000568e+01,2.335665371229210336e+02,1.108751430613176581e+01,1.108751430613176547e-01,4.200000000000000000e+02,4.656756008575341568e-03,1.444074433177567232e+18
6.500000000000000000e+01,2.332921723868480797e+02,1.092964508360964615e+01,1.092964508360964593e-01,4.200000000000000000e+02,4.590450935116050825e-03,1.425187156440051712e+18
6.509999999999999432e+01,2.330178161954796110e+02,1.077384668161453263e+01,1.077384668161453229e-01,4.200000000000000000e+02,4.525015606278103529e-03,1.406525696447094784e+18
6.520000000000000284e+01,2.327434685484164447e+02,1.062009425801089257e+01,1.062009425801089257e-01,4.200000000000000000e+02,4.460439588364574146e-03,1.388087606865806592e+18
6.529999999999999716e+01,2.324691294452595116e+02,1.046836324084925174e+01,1.046836324084925163e-01,4.200000000000000000e+02,4.396712561156685024e-03,1.369870465121648384e+18
6.540000000000000568e+01,2.321947988856096003e+02,1.031862932572957270e+01,1.031862932572957248e-01,4.200000000000000000e+02,4.333824316806420517e-03,1.351871872194254848e+18
6.550000000000000000e+01,2.319204768690676701e+02,1.017086847318782183e+01,1.017086847318782183e-01,4.200000000000000000e+02,4.271764758738885032e-03,1.334089452414832128e+18
6.559999999999999432e+01,2.316461633952346801e+02,1.002505690610472655e+01,1.002505690610472622e-01,4.200000000000000000e+02,4.210523900563984366e-03,1.316520853265023488e+18
6.570000000000000284e+01,2.313718584637115896e+02,9.881171107137268095e+00,9.881171107137268206e-02,4.200000000000000000e+02,4.150091864997652348e-03,1.299163745177315072e+18
6.579999999999999716e+01,2.310975620740993293e+02,9.739187816172233170e+00,9.739187816172233114e-02,4.200000000000000000e+02,4.090458882792337436e-03,1.282015821336913920e+18
6.590000000000000568e+01,2.308232742259989436e+02,9.599084027802160080e+00,9.599084027802159969e-02,4.200000000000000000e+02,4.031615291676907131e-03,1.265074797485151488e+18
6.600000000000000000e+01,2.305489949190115055e+02,9.460836988822963534e+00,9.460836988822964033e-02,4.200000000000000000e+02,3.973551535305644075e-03,1.248338411724329728e+18
6.609999999999999432e+01,2.302747241527380311e+02,9.324424195753362454e+00,9.324424195753362732e-02,4.200000000000000000e+02,3.916258162216411896e-03,1.231804424324044288e+18
6.620000000000000284e+01,2.300004619267795931e+02,9.189823392376094802e+00,9.189823392376095246e-02,4.200000000000000000e+02,3.859725824797959580e-03,1.215470617528986112e+18
6.629999999999999716e+01,2.297262082407373498e+02,9.057012567300402495e+00,9.057012567300402883e-02,4.200000000000000000e+02,3.803945278266168770e-03,1.199334795368174080e+18
6.640000000000000568e+01,2.294519630942124024e+02,8.925969951545848602e+00,8.925969951545847936e-02,4.200000000000000000e+02,3.748907379649256150e-03,1.183394783465635072e+18
6.650000000000000000e+01,2.291777264868059092e+02,8.796674016147301600e+00,8.796674016147301711e-02,4.200000000000000000e+02,3.694603086781866278e-03,1.167648428852519424e+18
6.659999999999999432e+01,2.289034984181190850e+02,8.669103469780834459e+00,8.669103469780833904e-02,4.200000000000000000e+02,3.641023457307950364e-03,1.152093599780637056e+18
6.670000000000000284e+01,2.286292788877530882e+02,8.543237256410375124e+00,8.543237256410375624e-02,4.200000000000000000e+02,3.588159647692357266e-03,1.136728185537397888e+18
6.679999999999999716e+01,2.283550678953092188e+02,8.419054552955094195e+00,8.419054552955093640e-02,4.200000000000000000e+02,3.536002912241139294e-03,1.121550096262170880e+18
6.690000000000000568e+01,2.280808654403886919e+02,8.296534766977231357e+00,8.296534766977231579e-02,4.200000000000000000e+02,3.484544602130436666e-03,1.106557262764032256e+18
6.700000000000000000e+01,2.278066715225927794e+02,8.175657534390241565e+00,8.175657534390241843e-02,4.200000000000000000e+02,3.433776164443901133e-03,1.091747636340898688e+18
6.709999999999999432e+01,2.275324861415228668e+02,8.056402717187122420e+00,8.056402717187122198e-02,4.200000000000000000e+02,3.383689141218591129e-03,1.077119188600039936e+18
6.720000000000000284e+01,2.272583092967801974e+02,7.938750401188694461e+00,7.938750401188694739e-02,4.200000000000000000e+02,3.334275168499251270e-03,1.062669911279951232e+18
6.729999999999999716e+01,2.269841409879661569e+02,7.822680893811888581e+00,7.822680893811888303e-02,4.200000000000000000e+02,3.285525975400993125e-03,1.048397816073604864e+18
6.740000000000000568e+01,2.267099812146821591e+02,7.708174721857603551e+00,7.708174721857603828e-02,4.200000000000000000e+02,3.237433383180193368e-03,1.034300934453031936e+18
6.750000000000000000e+01,2.264358299765295897e+02,7.595212629318171871e+00,7.595212629318172370e-02,4.200000000000000000e+02,3.189989304313631865e-03,1.020377317495256704e+18
6.759999999999999432e+01,2.261616872731099193e+02,7.483775575204230535e+00,7.483775575204230923e-02,4.200000000000000000e+02,3.143185741585776457e-03,1.006625035709559424e+18
6.770000000000000284e+01,2.258875531040245050e+02,7.373844731390805762e+00,7.373844731390805096e-02,4.200000000000000000e+02,3.097014787184138116e-03,9.930421788660611840e+17
6.779999999999999716e+01,2.256134274688749031e+02,7.265401480482665875e+00,7.265401480482665264e-02,4.200000000000000000e+02,3.051468621802719446e-03,9.796268558256428800e+17
6.790000000000000568e+01,2.253393103672626410e+02,7.158427413698432495e+00,7.158427413698432995e-02,4.200000000000000000e+02,3.006539513753341431e-03,9.663771943711475200e+17
6.800000000000000000e+01,2.250652017987892179e+02,7.052904328773551335e+00,7.052904328773551557e-02,4.200000000000000000e+02,2.962219818084891373e-03,9.532913410398846720e+17
6.809999999999999432e+01,2.247911017630561901e+02,6.948814227882041727e+00,6.948814227882041394e-02,4.200000000000000000e+02,2.918501975710457302e-03,9.403674609574414080e+17
6.820000000000000284e+01,2.245170102596651702e+02,6.846139315576682982e+00,6.846139315576682538e-02,4.200000000000000000e+02,2.875378512542206642e-03,9.276037376727618560e+17
6.829999999999999716e+01,2.242429272882177145e+02,6.744861996747534505e+00,6.744861996747535116e-02,4.200000000000000000e+02,2.832842038633964429e-03,9.149983729944957440e+17
6.840000000000000568e+01,2.239688528483154926e+02,6.644964874598840332e+00,6.644964874598840998e-02,4.200000000000000000e+02,2.790885247331512803e-03,9.025495868286295040e+17
6.850000000000000000e+01,2.236947869395601458e+02,6.546430748643881081e+00,6.546430748643880526e-02,4.200000000000000000e+02,2.749500914430430022e-03,8.902556170173557760e+17
6.859999999999999432e+01,2.234207295615533440e+02,6.449242612717802636e+00,6.449242612717802359e-02,4.200000000000000000e+02,2.708681897341476841e-03,8.781147191791930880e+17
6.870000000000000284e+01,2.231466807138968420e+02,6.353383653008410015e+00,6.353383653008409793e-02,4.200000000000000000e+02,2.668421134263531964e-03,8.661251665503677440e+17
6.879999999999999716e+01,2.228726403961923381e+02,6.258837246104362428e+00,6.258837246104362317e-02,4.200000000000000000e+02,2.628711643363831982e-03,8.542852498273881600e+17
6.890000000000000568e+01,2.225986086080415589e+02,6.165586957061159445e+00,6.165586957061159473e-02,4.200000000000000000e+02,2.589546521965686680e-03,8.425932770108794880e+17
6.900000000000000000e+01,2.223245853490462878e+02,6.073616537484393341e+00,6.073616537484393535e-02,4.200000000000000000e+02,2.550918945743445038e-03,8.310475732506146560e+17
6.909999999999999432e+01,2.220505706188084218e+02,5.982909923630352012e+00,5.982909923630352206e-02,4.200000000000000000e+02,2.512822167924747517e-03,8.196464806917651200e+17
6.920000000000000284e+01,2.217765644169296593e+02,5.893451234523508830e+00,5.893451234523508497e-02,4.200000000000000000e+02,2.475249518499873357e-03,8.083883583223196160e+17
6.929999999999999716e+01,2.215025667430119540e+02,5.805224770091425235e+00,5.805224770091425152e-02,4.200000000000000000e+02,2.438194403438398439e-03,7.972715818217487360e+17
6.940000000000000568e+01,2.212285775966571464e+02,5.718215009316106823e+00,5.718215009316107017e-02,4.200000000000000000e+02,2.401650303912764711e-03,7.862945434108019200e+17
6.950000000000000000e+01,2.209545969774671335e+02,5.632406608402298787e+00,5.632406608402298898e-02,4.200000000000000000e+02,2.365610775528965461e-03,7.754556517025057280e+17
6.959999999999999432e+01,2.206806248850438692e+02,5.547784398962329888e+00,5.547784398962329888e-02,4.200000000000000000e+02,2.330069447564178144e-03,7.647533315543253760e+17
6.970000000000000284e+01,2.204066613189892792e+02,5.464333386217410826e+00,5.464333386217410521e-02,4.200000000000000000e+02,2.295020022211312263e-03,7.541860239214862080e+17
6.979999999999999716e+01,2.201327062789054025e+02,5.382038747215291963e+00,5.382038747215291824e-02,4.200000000000000000e+02,2.260456273830422410e-03,7.437521857114480640e+17
6.990000000000000568e+01,2.198587597643941081e+02,5.300885829064013954e+00,5.300885829064014287e-02,4.200000000000000000e+02,2.226372048206885865e-03,7.334502896395123200e+17
7.000000000000000000e+01,2.195848217750576055e+02,5.220860147181991096e+00,5.220860147181990984e-02,4.200000000000000000e+02,2.192761261816436255e-03,7.232788240855984640e+17
7.009999999999999432e+01,2.193108923104978203e+02,5.141947383563662655e+00,5.141947383563662960e-02,4.200000000000000000e+02,2.159617901096737985e-03,7.132362929521009920e+17
7.020000000000000284e+01,2.190369713703168770e+02,5.064133385061351689e+00,5.064133385061351383e-02,4.200000000000000000e+02,2.126936021725767730e-03,7.033212155229176320e+17
7.029999999999999716e+01,2.187630589541168433e+02,4.987404161682542636e+00,4.987404161682542497e-02,4.200000000000000000e+02,2.094709747906667741e-03,6.935321263235559680e+17
7.040000000000000568e+01,2.184891550614998721e+02,4.911745884902853909e+00,4.911745884902853770e-02,4.200000000000000000e+02,2.062933271659198476e-03,6.838675749823632640e+17
7.050000000000000000e+01,2.182152596920681162e+02,4.837144885994460353e+00,4.837144885994460602e-02,4.200000000000000000e+02,2.031600852117673023e-03,6.743261260928559360e+17
7.059999999999999432e+01,2.179413728454237287e+02,4.763587654369766611e+00,4.763587654369766389e-02,4.200000000000000000e+02,2.000706814835301762e-03,6.649063590771313920e+17
7.070000000000000284e+01,2.176674945211689760e+02,4.691060835940362495e+00,4.691060835940362439e-02,4.200000000000000000e+02,1.970245551094952034e-03,6.556068680503744000e+17
7.079999999999999716e+01,2.173936247189060111e+02,4.619551231490960141e+00,4.619551231490959947e-02,4.200000000000000000e+02,1.940211517226203119e-03,6.464262616864281600e+17
7.090000000000000568e+01,2.171197634382371291e+02,4.549045795068435538e+00,4.549045795068435566e-02,4.200000000000000000e+02,1.910599233928742717e-03,6.373631630844549120e+17
7.100000000000000000e+01,2.168459106787645680e+02,4.479531632385549855e+00,4.479531632385549966e-02,4.200000000000000000e+02,1.881403285601930802e-03,6.284162096366379520e+17
7.109999999999999432e+01,2.165720664400906799e+02,4.410995999239504251e+00,4.410995999239504528e-02,4.200000000000000000e+02,1.852618319680591564e-03,6.195840528969524480e+17
7.120000000000000284e+01,2.162982307218177311e+02,4.343426299945011060e+00,4.343426299945010727e-02,4.200000000000000000e+02,1.824239045976904427e-03,6.108653584509761280e+17
7.129999999999999716e+01,2.160244035235481306e+02,4.276810085781956872e+00,4.276810085781956872e-02,4.200000000000000000e+02,1.796260236028421678e-03,6.022588057867526400e+17
7.140000000000000568e+01,2.157505848448842016e+02,4.211135053457289779e+00,4.211135053457289862e-02,4.200000000000000000e+02,1.768676722452061558e-03,5.937630881666720000e+17
7.150000000000000000e+01,2.154767746854283530e+02,4.146389043581296008e+00,4.146389043581295841e-02,4.200000000000000000e+02,1.741483398304144274e-03,5.853769125003944960e+17
7.159999999999999432e+01,2.152029730447830502e+02,4.082560039157939968e+00,4.082560039157939746e-02,4.200000000000000000e+02,1.714675216446334737e-03,5.770989992187861760e+17
7.170000000000000284e+01,2.149291799225507305e+02,4.019636164089198438e+00,4.019636164089198521e-02,4.200000000000000000e+02,1.688247188917463195e-03,5.689280821488626560e+17
7.179999999999999716e+01,2.146553953183338024e+02,3.957605681693394661e+00,3.957605681693394939e-02,4.200000000000000000e+02,1.662194386311225715e-03,5.608629083897525120e+17
7.190000000000000568e+01,2.144582994512391565e+02,3.896467625729604478e+00,3.896467625729604228e-02,4.200000000000000000e+02,1.636516402806433793e-03,5.527060545044446080e+17
7.200000000000000000e+01,2.142627511873973845e+02,3.836221415746523977e+00,3.836221415746524088e-02,4.200000000000000000e+02,1.611212994613539853e-03,5.446568827467135360e+17
7.209999999999999432e+01,2.140672090070005993e+02,3.776854813623910179e+00,3.776854813623910234e-02,4.200000000000000000e+02,1.586279021722042035e-03,5.367179886093466880e+17
7.220000000000000284e+01,2.138716729097649250e+02,3.718355734411342262e+00,3.718355734411342428e-02,4.200000000000000000e+02,1.561709408452763683e-03,5.288879563221977600e+17
7.229999999999999716e+01,2.136761428954065423e+02,3.660712248794612655e+00,3.660712248794612683e-02,4.200000000000000000e+02,1.537499144493737185e-03,5.211653870715827840e+17
7.240000000000000568e+01,2.134806189636416036e+02,3.603912581225067857e+00,3.603912581225068162e-02,4.200000000000000000e+02,1.513643284114528408e-03,5.135488988117720960e+17
7.250000000000000000e+01,2.132851011141862614e+02,3.547945108069909814e+00,3.547945108069909537e-02,4.200000000000000000e+02,1.490136945389362042e-03,5.060371260784263040e+17
7.259999999999999432e+01,2.130895893467567248e+02,3.492798355783089281e+00,3.492798355783089531e-02,4.200000000000000000e+02,1.466975309428897355e-03,4.986287198039391360e+17
7.270000000000000284e+01,2.128940836610692031e+02,3.438460999096735637e+00,3.438460999096735332e-02,4.200000000000000000e+02,1.444153619620628781e-03,4.913223471346893440e+17
7.279999999999999716e+01,2.126985840568399055e+02,3.384921859232703056e+00,3.384921859232702807e-02,4.200000000000000000e+02,1.421667180877735255e-03,4.841166912501548800e+17
7.290000000000000568e+01,2.125030905337850982e+02,3.332169902134300976e+00,3.332169902134300699e-02,4.200000000000000000e+02,1.399511358896406285e-03,4.770104511839111040e+17
7.300000000000000000e+01,2.123076030916210470e+02,3.280194236717696832e+00,3.280194236717696998e-02,4.200000000000000000e+02,1.377681579421432450e-03,4.700023416464522240e+17
7.309999999999999432e+01,2.121121217300640183e+02,3.228984113143034129e+00,3.228984113143033852e-02,4.200000000000000000e+02,1.356173327520074226e-03,4.630910928498533120e+17
7.320000000000000284e+01,2.119166464488303632e+02,3.178528921104947003e+00,3.178528921104947086e-02,4.200000000000000000e+02,1.334982146864077722e-03,4.562754503342395520e+17
7.329999999999999716e+01,2.117211772476363194e+02,3.128818188142238998e+00,3.128818188142239165e-02,4.200000000000000000e+02,1.314103639019740177e-03,4.495541747960408320e+17
7.340000000000000568e+01,2.115257141261982667e+02,3.079841577966655919e+00,3.079841577966655961e-02,4.200000000000000000e+02,1.293533462745995307e-03,4.429260419180344320e+17
7.350000000000000000e+01,2.113302570842325849e+02,3.031588888810420546e+00,3.031588888810420393e-02,4.200000000000000000e+02,1.273267333300376466e-03,4.363898422011371520e+17
7.359999999999999432e+01,2.111348061214555685e+02,2.984050051792383140e+00,2.984050051792383126e-02,4.200000000000000000e+02,1.253301021752800800e-03,4.299443807979404800e+17
7.370000000000000284e+01,2.109393612375836824e+02,2.937215129302638505e+00,2.937215129302638353e-02,4.200000000000000000e+02,1.233630354307108058e-03,4.235884773479754880e+17
7.379999999999999716e+01,2.107439224323333065e+02,2.891074313405362695e+00,2.891074313405362847e-02,4.200000000000000000e+02,1.214251211630252127e-03,4.173209658146862080e+17
7.390000000000000568e+01,2.105484897054208204e+02,2.845617924259639331e+00,2.845617924259639248e-02,4.200000000000000000e+02,1.195159528189048380e-03,4.111406943240869120e+17
7.400000000000000000e+01,2.103530630565627462e+02,2.800836408558279977e+00,2.800836408558279866e-02,4.200000000000000000e+02,1.176351291594477473e-03,4.050465250051159680e+17
7.409999999999999432e+01,2.101576424854754919e+02,2.756720337984138069e+00,2.756720337984137903e-02,4.200000000000000000e+02,1.157822541953337867e-03,3.990373338316259840e+17
7.420000000000000284e+01,2.099622279918755225e+02,2.713260407684054520e+00,2.713260407684054548e-02,4.200000000000000000e+02,1.139569371227302803e-03,3.931120104660390400e+17
7.429999999999999716e+01,2.097668195754793885e+02,2.670447434760047312e+00,2.670447434760047159e-02,4.200000000000000000e+02,1.121587922599219739e-03,3.872694581046229760e+17
7.440000000000000568e+01,2.095714172360035263e+02,2.628272356777576757e+00,2.628272356777576826e-02,4.200000000000000000e+02,1.103874389846582231e-03,3.815085933243756160e+17
7.450000000000000000e+01,2.093760209731645148e+02,2.586726230290877560e+00,2.586726230290877643e-02,4.200000000000000000e+02,1.086425016722168376e-03,3.758283459315236480e+17
7.459999999999999432e+01,2.091806307866788757e+02,2.545800229384916236e+00,2.545800229384916069e-02,4.200000000000000000e+02,1.069236096341664782e-03,3.702276588115863680e+17
7.470000000000000284e+01,2.089852466762632162e+02,2.505485644234043185e+00,2.505485644234043199e-02,4.200000000000000000e+02,1.052303970578297946e-03,3.647054877810206720e+17
7.479999999999999716e+01,2.087898686416340581e+02,2.465773879676982361e+00,2.465773879676982222e-02,4.200000000000000000e+02,1.035625029464332537e-03,3.592608014404097920e+17
7.490000000000000568e+01,2.085944966825080655e+02,2.426656453808143432e+00,2.426656453808143446e-02,4.200000000000000000e+02,1.019195710599420102e-03,3.538925810291993600e+17
7.500000000000000000e+01,2.083991307986017887e+02,2.388124996584903847e+00,2.388124996584903986e-02,4.200000000000000000e+02,1.003012498565659634e-03,3.485998202819446400e+17
7.509999999999999432e+01,2.082037709896319200e+02,2.350171248450894979e+00,2.350171248450895131e-02,4.200000000000000000e+02,9.870719243493758597e-04,3.433815252860783360e+17
7.520000000000000284e+01,2.080084172553150665e+02,2.312787058974954402e+00,2.312787058974954263e-02,4.200000000000000000e+02,9.713705647694807939e-04,3.382367143411653760e+17
7.529999999999999716e+01,2.078130695953679492e+02,2.275964385505675924e+00,2.275964385505675758e-02,4.200000000000000000e+02,9.559050419123837775e-04,3.331644178196395520e+17
7.540000000000000568e+01,2.076177280095071751e+02,2.239695291841335312e+00,2.239695291841335353e-02,4.200000000000000000e+02,9.406720225733607513e-04,3.281636780290023680e+17
7.550000000000000000e+01,2.074223924974495787e+02,2.203971946915124214e+00,2.203971946915124144e-02,4.200000000000000000e+02,9.256682177043520920e-04,3.232335490754828800e+17
7.559999999999999432e+01,2.072270630589117388e+02,2.168786623495336130e+00,2.168786623495336241e-02,4.200000000000000000e+02,9.108903818680411232e-04,3.183730967291166080e+17
7.570000000000000284e+01,2.070317396936104615e+02,2.134131696900639863e+00,2.134131696900639849e-02,4.200000000000000000e+02,8.963353126982687028e-04,3.135813982902712320e+17
7.579999999999999716e+01,2.068364224012625527e+02,2.099999643729983934e+00,2.099999643729983864e-02,4.200000000000000000e+02,8.819998503665931779e-04,3.088575424575638400e+17
7.590000000000000568e+01,2.066411111815847050e+02,2.066383040607120414e+00,2.066383040607120553e-02,4.200000000000000000e+02,8.678808770549905011e-04,3.042006291971758080e+17
7.600000000000000000e+01,2.064458060342937813e+02,2.033274562939680674e+00,2.033274562939680827e-02,4.200000000000000000e+02,8.539753164346657781e-04,2.996097696135648640e+17
7.609999999999999432e+01,2.062505069591065592e+02,2.000666983692403811e+00,2.000666983692403825e-02,4.200000000000000000e+02,8.402801331508094954e-04,2.950840858215253760e+17
7.620000000000000284e+01,2.060552139557398448e+02,1.968553172174619892e+00,1.968553172174620017e-02,4.200000000000000000e+02,8.267923323133402787e-04,2.906227108196206080e+17
7.629999999999999716e+01,2.058599270239105294e+02,1.936926092841687819e+00,1.936926092841687735e-02,4.200000000000000000e+02,8.135089589935088489e-04,2.862247883649513920e+17
7.640000000000000568e+01,2.056646461633354193e+02,1.905778804110251246e+00,1.905778804110251287e-02,4.200000000000000000e+02,8.004270977263054946e-04,2.818894728492509440e+17
7.650000000000000000e+01,2.054693713737314340e+02,1.875104457187259710e+00,1.875104457187259585e-02,4.200000000000000000e+02,7.875438720186490535e-04,2.776159291763058560e+17
7.659999999999999432e+01,2.052741026548155219e+02,1.844896294912466761e+00,1.844896294912466705e-02,4.200000000000000000e+02,7.748564438632359703e-04,2.734033326406701120e+17
7.670000000000000284e+01,2.050788400063045174e+02,1.815147650614363339e+00,1.815147650614363367e-02,4.200000000000000000e+02,7.623620132580325197e-04,2.692508688076748480e+17
7.679999999999999716e+01,2.048835834279153971e+02,1.785851946979407634e+00,1.785851946979407495e-02,4.200000000000000000e+02,7.500578177313511029e-04,2.651577333947206720e+17
7.690000000000000568e+01,2.046883329193650809e+02,1.757002694934330478e+00,1.757002694934330436e-02,4.200000000000000000e+02,7.379411318724187884e-04,2.611231321538301760e+17
7.700000000000000000e+01,2.044930884803705737e+02,1.728593492541427468e+00,1.728593492541427579e-02,4.200000000000000000e+02,7.260092668673994972e-04,2.571462807554542720e+17
7.709999999999999432e+01,2.042978501106488523e+02,1.700618023906717680e+00,1.700618023906717846e-02,4.200000000000000000e+02,7.142595700408213696e-04,2.532264046735243840e+17
7.720000000000000284e+01,2.041026178099169215e+02,1.673070058100777802e+00,1.673070058100777774e-02,4.200000000000000000e+02,7.026894244023265896e-04,2.493627390717289600e+17
7.729999999999999716e+01,2.039073915778917865e+02,1.645943448092163974e+00,1.645943448092164127e-02,4.200000000000000000e+02,6.912962481987088622e-04,2.455545286910109120e+17
7.740000000000000568e+01,2.037121714142905091e+02,1.619232129693252809e+00,1.619232129693252975e-02,4.200000000000000000e+02,6.800774944711661212e-04,2.418010277382675840e+17
7.750000000000000000e+01,2.035169573188301229e+02,1.592930120518379677e+00,1.592930120518379691e-02,4.200000000000000000e+02,6.690306506177194591e-04,2.381014997762448640e+17
7.759999999999999432e+01,2.033217492912277180e+02,1.567031518954154379e+00,1.567031518954154282e-02,4.200000000000000000e+02,6.581532379607448304e-04,2.344552176146140800e+17
7.770000000000000284e+01,2.031265473312004133e+02,1.541530503141809616e+00,1.541530503141809623e-02,4.200000000000000000e+02,6.474428113195599549e-04,2.308614632022188800e+17
7.779999999999999716e+01,2.029313514384652990e+02,1.516421329971424425e+00,1.516421329971424405e-02,4.200000000000000000e+02,6.368969585879982265e-04,2.273195275204764480e+17
7.790000000000000568e+01,2.027361616127394655e+02,1.491698334087965705e+00,1.491698334087965781e-02,4.200000000000000000e+02,6.265133003169455570e-04,2.238287104779315520e+17
7.800000000000000000e+01,2.025409778537401166e+02,1.467355926908977537e+00,1.467355926908977572e-02,4.200000000000000000e+02,6.162894893017705497e-04,2.203883208059467840e+17
7.809999999999999432e+01,2.023458001611843713e+02,1.443388595653736450e+00,1.443388595653736367e-02,4.200000000000000000e+02,6.062232101745692898e-04,2.169976759555085440e+17
7.820000000000000284e+01,2.021506285347894334e+02,1.419790902383875952e+00,1.419790902383875897e-02,4.200000000000000000e+02,5.963121790012278949e-04,2.136561019951573120e+17
7.829999999999999716e+01,2.019554629742725069e+02,1.396557483055244520e+00,1.396557483055244596e-02,4.200000000000000000e+02,5.865541428832026470e-04,2.103629335100142400e+17
7.840000000000000568e+01,2.017603034793507959e+02,1.373683046580913336e+00,1.373683046580913281e-02,4.200000000000000000e+02,5.769468795639835518e-04,2.071175135018989760e+17
7.850000000000000000e+01,2.015651500497415043e+02,1.351162373905250957e+00,1.351162373905250881e-02,4.200000000000000000e+02,5.674881970402053310e-04,2.039191932905333760e+17
7.859999999999999432e+01,2.013700026851619498e+02,1.328990317088872164e+00,1.328990317088872206e-02,4.200000000000000000e+02,5.581759331773262665e-04,2.007673324158098240e+17
7.870000000000000284e+01,2.011748613853293364e+02,1.307161798404379960e+00,1.307161798404380022e-02,4.200000000000000000e+02,5.490079553298395521e-04,1.976612985411193920e+17
7.879999999999999716e+01,2.009797261499609817e+02,1.285671809442818780e+00,1.285671809442818711e-02,4.200000000000000000e+02,5.399821599659838673e-04,1.946004673577336320e+17
7.890000000000000568e+01,2.007845969787742035e+02,1.264515410230649062e+00,1.264515410230649013e-02,4.200000000000000000e+02,5.310964722968725083e-04,1.915842224902198400e+17
7.900000000000000000e+01,2.005894738714862910e+02,1.243687728357172340e+00,1.243687728357172409e-02,4.200000000000000000e+02,5.223488459100123459e-04,1.886119554028852480e+17
7.909999999999999432e+01,2.003943568278145904e+02,1.223183958112314729e+00,1.223183958112314743e-02,4.200000000000000000e+02,5.137372624071721676e-04,1.856830653072432960e+17
7.920000000000000284e+01,2.001992458474764760e+02,1.202999359634572940e+00,1.202999359634572898e-02,4.200000000000000000e+02,5.052597310465206095e-04,1.827969590704798080e+17
7.929999999999999716e+01,2.000041409301893225e+02,1.183129258069126832e+00,1.183129258069126784e-02,4.200000000000000000e+02,4.969142883890332414e-04,1.799530511249259840e+17
7.940000000000000568e+01,1.998090420756705043e+02,1.163569042735887127e+00,1.163569042735887113e-02,4.200000000000000000e+02,4.886989979490725293e-04,1.771507633785100160e+17
7.950000000000000000e+01,1.996139492836373961e+02,1.144314166307480285e+00,1.144314166307480209e-02,4.200000000000000000e+02,4.806119498491416521e-04,1.743895251261950080e+17
7.959999999999999432e+01,1.994188625538075144e+02,1.125360143996978035e+00,1.125360143996977959e-02,4.200000000000000000e+02,4.726512604787307462e-04,1.716687729623793280e+17
7.970000000000000284e+01,1.992237818858982337e+02,1.106702552755288282e+00,1.106702552755288275e-02,4.200000000000000000e+02,4.648150721572210493e-04,1.689879506942550720e+17
7.979999999999999716e+01,1.990287072796270422e+02,1.088337030478145451e+00,1.088337030478145513e-02,4.200000000000000000e+02,4.571015528008210284e-04,1.663465092561201600e+17
7.990000000000000568e+01,1.988336387347113998e+02,1.070259275222527728e+00,1.070259275222527721e-02,4.200000000000000000e+02,4.495088955934615810e-04,1.637439066246254400e+17
8.000000000000000000e+01,1.986385762508688231e+02,1.052465044432429719e+00,1.052465044432429782e-02,4.200000000000000000e+02,4.420353186616204390e-04,1.611796077349514240e+17
8.009999999999999432e+01,1.984435198278168286e+02,1.034950154173906123e+00,1.034950154173906040e-02,4.200000000000000000e+02,4.346790647530405388e-04,1.586530843979092480e+17
8.020000000000000284e+01,1.982484694652729047e+02,1.017710478379230565e+00,1.017710478379230642e-02,4.200000000000000000e+02,4.274384009192768179e-04,1.561638152179472000e+17
8.029999999999999716e+01,1.980534251629546247e+02,1.000741948100142276e+00,1.000741948100142276e-02,4.200000000000000000e+02,4.203116182020597284e-04,1.537112855120657280e+17
8.040000000000000568e+01,1.978583869205796191e+02,9.840405507700129561e-01,9.840405507700130186e-03,4.200000000000000000e+02,4.132970313234054279e-04,1.512949872296211200e+17
8.050000000000000000e+01,1.976633547378654043e+02,9.676023294748491432e-01,9.676023294748491849e-03,4.200000000000000000e+02,4.063929783794365978e-04,1.489144188730111360e+17
8.059999999999999432e+01,1.974683286145295824e+02,9.514233822330830925e-01,9.514233822330830578e-03,4.200000000000000000e+02,3.995978205378948622e-04,1.465690854192415040e+17
8.070000000000000284e+01,1.972733085502898120e+02,9.354998612839985350e-01,9.354998612839985142e-03,4.200000000000000000e+02,3.929099417392793747e-04,1.442584982423554880e+17
8.079999999999999716e+01,1.970782945448636667e+02,9.198279723846977118e-01,9.198279723846977327e-03,4.200000000000000000e+02,3.863277484015730304e-04,1.419821750367185920e+17
8.090000000000000568e+01,1.968832865979688620e+02,9.044039741155655010e-01,9.044039741155654455e-03,4.200000000000000000e+02,3.798496691285374919e-04,1.397396397411571360e+17
8.100000000000000000e+01,1.966882847093230566e+02,8.892241771940634365e-01,8.892241771940635059e-03,4.200000000000000000e+02,3.734741544215066105e-04,1.375304224639309120e+17
8.109999999999999432e+01,1.964932888786439094e+02,8.742849437968304160e-01,8.742849437968304438e-03,4.200000000000000000e+02,3.671996763946687556e-04,1.353540594085424160e+17
8.120000000000000284e+01,1.962982991056491642e+02,8.595826868899554274e-01,8.595826868899553858e-03,4.200000000000000000e+02,3.610247284937812408e-04,1.332100928003671040e+17
8.129999999999999716e+01,1.961033153900565651e+02,8.451138695673372503e-01,8.451138695673371740e-03,4.200000000000000000e+02,3.549478252182816087e-04,1.310980708140980800e+17
8.140000000000000568e+01,1.959083377315837708e+02,8.308750043970438703e-01,8.308750043970438565e-03,4.200000000000000000e+02,3.489675018467583716e-04,1.290175475019964480e+17
8.150000000000000000e+01,1.957133661299486107e+02,8.168626527756064348e-01,8.168626527756064556e-03,4.200000000000000000e+02,3.430823141657546966e-04,1.269680827229435840e+17
8.159999999999999432e+01,1.955184005848688571e+02,8.030734242901119702e-01,8.030734242901120534e-03,4.200000000000000000e+02,3.372908382018469792e-04,1.249492420722794880e+17
8.170000000000000284e+01,1.953234410960623109e+02,7.895039760880411261e-01,7.895039760880412025e-03,4.200000000000000000e+02,3.315916699569772686e-04,1.229605968124245120e+17
8.179999999999999716e+01,1.951284876632467160e+02,7.761510122547610191e-01,7.761510122547610191e-03,4.200000000000000000e+02,3.259834251469995951e-04,1.210017238042759200e+17
8.190000000000000568e+01,1.949335402861399871e+02,7.630112831985833566e-01,7.630112831985833184e-03,4.200000000000000000e+02,3.204647389434049599e-04,1.190722054393707840e+17
8.200000000000000000e+01,1.947385989644599249e+02,7.500815850432842602e-01,7.500815850432842290e-03,4.200000000000000000e+02,3.150342657181793454e-04,1.171716295728042880e+17
8.209999999999999432e+01,1.945436636979244156e+02,7.373587590280468174e-01,7.373587590280467757e-03,4.200000000000000000e+02,3.096906787917796185e-04,1.152995894569030240e+17
8.220000000000000284e+01,1.943487344862513453e+02,7.248396909146894718e-01,7.248396909146894752e-03,4.200000000000000000e+02,3.044326701841695414e-04,1.134556836756367840e+17
8.229999999999999716e+01,1.941538113291585717e+02,7.125213104021448363e-01,7.125213104021448605e-03,4.200000000000000000e+02,2.992589503689008180e-04,1.116395160797689440e+17
8.240000000000000568e+01,1.939588942263640661e+02,7.004005905480812366e-01,7.004005905480812505e-03,4.200000000000000000e+02,2.941682480301940732e-04,1.098506957227333280e+17
8.250000000000000000e+01,1.937639831775857431e+02,6.884745471975777242e-01,6.884745471975777312e-03,4.200000000000000000e+02,2.891593098229826319e-04,1.080888367972293280e+17
8.259999999999999432e+01,1.935690781825415456e+02,6.767402384188150322e-01,6.767402384188150530e-03,4.200000000000000000e+02,2.842309001359022923e-04,1.063535585725336160e+17
8.270000000000000284e+01,1.933741792409494451e+02,6.651947639456519124e-01,6.651947639456519054e-03,4.200000000000000000e+02,2.793818008571738042e-04,1.046444853325139680e+17
8.279999999999999716e+01,1.931792863525274413e+02,6.538352646270455537e-01,6.538352646270455433e-03,4.200000000000000000e+02,2.746108111433591338e-04,1.029612463143429600e+17
8.290000000000000568e+01,1.929843995169935624e+02,6.426589218832249317e-01,6.426589218832249109e-03,4.200000000000000000e+02,2.699167471909544357e-04,1.013034756479024640e+17
8.300000000000000000e+01,1.927895187340657799e+02,6.316629571685311584e-01,6.316629571685311757e-03,4.200000000000000000e+02,2.652984420107830843e-04,9.967081229587051200e+16
8.309999999999999432e+01,1.925946440034621787e+02,6.208446314408786471e-01,6.208446314408786609e-03,4.200000000000000000e+02,2.607547452051690341e-04,9.806289999448737600e+16
8.320000000000000284e+01,1.923997753249007587e+02,6.102012446377266253e-01,6.102012446377266287e-03,4.200000000000000000e+02,2.562845227478451342e-04,9.647938719498928000e+16
8.329999999999999716e+01,1.922049126980996618e+02,5.997301351585181406e-01,5.997301351585181128e-03,4.200000000000000000e+02,2.518866567665775853e-04,9.491992700570689600e+16
8.340000000000000568e+01,1.920100561227769447e+02,5.894286793534779800e-01,5.894286793534779870e-03,4.200000000000000000e+02,2.475600453284607333e-04,9.338417713481657600e+16
8.350000000000000000e+01,1.918152055986507207e+02,5.792942910187405259e-01,5.792942910187405189e-03,4.200000000000000000e+02,2.433036022278710039e-04,9.187179983374427200e+16
8.359999999999999432e+01,1.916203611254391319e+02,5.693244208977031873e-01,5.693244208977031942e-03,4.200000000000000000e+02,2.391162567770353093e-04,9.038246184121048000e+16
8.370000000000000284e+01,1.914255227028602917e+02,5.595165561885349081e-01,5.595165561885349047e-03,4.200000000000000000e+02,2.349969535991846539e-04,8.891583432790924800e+16
8.379999999999999716e+01,1.912306903306324273e+02,5.498682200578006718e-01,5.498682200578006857e-03,4.200000000000000000e+02,2.309446524242762691e-04,8.747159284181977600e+16
8.390000000000000568e+01,1.910358640084736521e+02,5.403769711600823200e-01,5.403769711600823512e-03,4.200000000000000000e+02,2.269583278872345665e-04,8.604941725413640000e+16
8.400000000000000000e+01,1.908410437361021934e+02,5.310404031635784783e-01,5.310404031635784609e-03,4.200000000000000000e+02,2.230369693287029406e-04,8.464899170581793600e+16
