altitude_geometrique_km,altitude_geopotentielle_km,temperature_k,temperature_c,pression_pa,pression_hpa
0.000000000000000000e+00,0.000000000000000000e+00,2.881499999999999773e+02,1.500000000000000000e+01,1.013250000000000000e+05,1.013250000000000000e+03
1.000000000000000056e-01,9.999842689778265514e-02,2.875000102251643739e+02,1.435001022516439662e+01,1.001294564559528371e+05,1.001294564559528339e+03
2.000000000000000111e-01,1.999937076901150690e-01,2.868500409000142213e+02,1.370004090001424402e+01,9.894539813636735198e+04,9.894539813636735062e+02
2.999999999999999889e-01,2.999858425254668948e-01,2.862000920235844319e+02,1.305009202358445464e+01,9.777273991588073841e+04,9.777273991588074296e+02
4.000000000000000222e-01,3.999748315522986264e-01,2.855501635949100319e+02,1.240016359491005460e+01,9.661139711354447354e+04,9.661139711354447854e+02
5.000000000000000000e-01,4.999606749190610988e-01,2.849002556130261041e+02,1.175025561302612687e+01,9.546128549146842852e+04,9.546128549146842488e+02
5.999999999999999778e-01,5.999433727741960709e-01,2.842503680769676748e+02,1.110036807696769756e+01,9.432232125346599787e+04,9.432232125346599787e+02
6.999999999999999556e-01,6.999229252661359757e-01,2.836005009857701111e+02,1.045050098577013387e+01,9.319442104370132438e+04,9.319442104370132256e+02
8.000000000000000444e-01,7.998993325433035873e-01,2.829506543384684960e+02,9.800654338468518745e+00,9.207750194533620379e+04,9.207750194533620061e+02
9.000000000000000222e-01,8.998725947541126313e-01,2.823008281340982535e+02,9.150828134098276223e+00,9.097148147918061295e+04,9.097148147918061341e+02
1.000000000000000000e+00,9.998427120469673968e-01,2.816510223716946939e+02,8.501022371694716639e+00,8.987627760234236484e+04,8.987627760234236121e+02
1.100000000000000089e+00,1.099809684570262958e+00,2.810012370502932413e+02,7.851237050293264019e+00,8.879180870687947026e+04,8.879180870687946481e+02
1.199999999999999956e+00,1.199773512472384951e+00,2.803514721689294902e+02,7.201472168929512918e+00,8.771799361845360545e+04,8.771799361845360181e+02
1.300000000000000044e+00,1.299734195901709688e+00,2.797017277266388646e+02,6.551727726638887361e+00,8.665475159498385619e+04,8.665475159498386120e+02
1.399999999999999911e+00,1.399691735006604265e+00,2.790520037224570729e+02,5.902003722457095591e+00,8.560200232530357607e+04,8.560200232530357880e+02
1.500000000000000000e+00,1.499646129935425787e+00,2.784023001554197094e+02,5.252300155419732164e+00,8.455966592781676445e+04,8.455966592781676354e+02
1.600000000000000089e+00,1.599597380836523142e+00,2.777526170245625963e+02,4.602617024562619008e+00,8.352766294915736944e+04,8.352766294915736580e+02
1.699999999999999956e+00,1.699545487858235004e+00,2.771029543289214416e+02,3.952954328921464366e+00,8.250591436284822703e+04,8.250591436284822748e+02
1.800000000000000044e+00,1.799490451148891168e+00,2.764533120675321811e+02,3.303312067532203855e+00,8.149434156796328898e+04,8.149434156796328352e+02
1.899999999999999911e+00,1.899432270856811877e+00,2.758036902394306935e+02,2.653690239430716247e+00,8.049286638778903580e+04,8.049286638778903580e+02
2.000000000000000000e+00,1.999370947130308052e+00,2.751540888436529713e+02,2.004088843652994001e+00,7.950141106848906202e+04,7.950141106848906247e+02
2.100000000000000089e+00,2.099306480117681506e+00,2.745045078792350637e+02,1.354507879235086421e+00,7.851989827776889433e+04,7.851989827776889115e+02
2.200000000000000178e+00,2.199238869967224286e+00,2.738549473452130201e+02,7.049473452130428086e-01,7.754825110354246863e+04,7.754825110354246362e+02
2.299999999999999822e+00,2.299168116827219777e+00,2.732054072406230603e+02,5.540724062308299835e-02,7.658639305260000401e+04,7.658639305259999901e+02
2.399999999999999911e+00,2.399094220845940928e+00,2.725558875645013472e+02,-5.941124354986300204e-01,7.563424804927691002e+04,7.563424804927691412e+02
2.500000000000000000e+00,2.499017182171653140e+00,2.719063883158842145e+02,-1.243611684115762728e+00,7.469174043412460014e+04,7.469174043412459696e+02
2.600000000000000089e+00,2.598937000952610710e+00,2.712569094938079957e+02,-1.893090506191981603e+00,7.375879496258177096e+04,7.375879496258177141e+02
2.700000000000000178e+00,2.698853677337059054e+00,2.706074510973090810e+02,-2.542548902690896284e+00,7.283533680364792235e+04,7.283533680364791962e+02
2.799999999999999822e+00,2.798767211473236038e+00,2.699580131254239177e+02,-3.191986874576059563e+00,7.192129153855748882e+04,7.192129153855748882e+02
2.899999999999999911e+00,2.898677603509366651e+00,2.693085955771890667e+02,-3.841404422810910546e+00,7.101658515945567342e+04,7.101658515945567842e+02
3.000000000000000000e+00,2.998584853593669663e+00,2.686591984516411458e+02,-4.490801548358831496e+00,7.012114406807564956e+04,7.012114406807564819e+02
3.100000000000000089e+00,3.098488961874354075e+00,2.680098217478166589e+02,-5.140178252183318364e+00,6.923489507441654860e+04,6.923489507441654496e+02
3.200000000000000178e+00,3.198389928499617785e+00,2.673604654647524512e+02,-5.789534535247526037e+00,6.835776539542392129e+04,6.835776539542391674e+02
3.299999999999999822e+00,3.298287753617651141e+00,2.667111296014852542e+02,-6.438870398514723092e+00,6.748968265367014101e+04,6.748968265367013828e+02
3.399999999999999911e+00,3.398182437376634280e+00,2.660618141570518560e+02,-7.088185842948121262e+00,6.663057487603687332e+04,6.663057487603687150e+02
3.500000000000000000e+00,3.498073979924738897e+00,2.654125191304891587e+02,-7.737480869510818593e+00,6.578037049239921907e+04,6.578037049239921998e+02
3.600000000000000089e+00,3.597962381410126476e+00,2.647632445208341778e+02,-8.386755479165799443e+00,6.493899833431054140e+04,6.493899833431054276e+02
3.700000000000000178e+00,3.697847641980949174e+00,2.641139903271238154e+02,-9.036009672876161858e+00,6.410638763368854416e+04,6.410638763368854143e+02
3.799999999999999822e+00,3.797729761785350711e+00,2.634647565483952008e+02,-9.685243451604776510e+00,6.328246802150358417e+04,6.328246802150358690e+02
3.899999999999999911e+00,3.897608740971464147e+00,2.628155431836854632e+02,-1.033445681631451407e+01,6.246716952646732534e+04,6.246716952646733034e+02
4.000000000000000000e+00,3.997484579687414996e+00,2.621663502320317889e+02,-1.098364976796818837e+01,6.166042257372327731e+04,6.166042257372328095e+02
4.099999999999999645e+00,4.097357278081317666e+00,2.615171776924714209e+02,-1.163282230752855639e+01,6.086215798353853461e+04,6.086215798353853188e+02
4.200000000000000178e+00,4.197226836301279462e+00,2.608680255640416590e+02,-1.228197443595831828e+01,6.007230696999680367e+04,6.007230696999680504e+02
4.299999999999999822e+00,4.297093254495393921e+00,2.602188938457799168e+02,-1.293110615422006049e+01,5.929080113969285594e+04,5.929080113969286003e+02
4.400000000000000355e+00,4.396956532811751472e+00,2.595697825367236078e+02,-1.358021746327636947e+01,5.851757249042830517e+04,5.851757249042830153e+02
4.500000000000000000e+00,4.496816671398429222e+00,2.589206916359102024e+02,-1.422930836408977484e+01,5.775255340990852710e+04,5.775255340990852346e+02
4.599999999999999645e+00,4.596673670403494505e+00,2.582716211423772847e+02,-1.487837885762269252e+01,5.699567667444139806e+04,5.699567667444139261e+02
4.700000000000000178e+00,4.696527529975009330e+00,2.576225710551624388e+02,-1.552742894483753844e+01,5.624687544763671758e+04,5.624687544763671667e+02
4.799999999999999822e+00,4.796378250261020604e+00,2.569735413733033624e+02,-1.617645862669661483e+01,5.550608327910755906e+04,5.550608327910755406e+02
4.900000000000000355e+00,4.896225831409570795e+00,2.563245320958377533e+02,-1.682546790416222393e+01,5.477323410317263188e+04,5.477323410317262642e+02
5.000000000000000000e+00,4.996070273568691711e+00,2.556755432218034798e+02,-1.747445677819649745e+01,5.404826223756017862e+04,5.404826223756017498e+02
5.099999999999999645e+00,5.095911576886403616e+00,2.550265747502383533e+02,-1.812342524976162395e+01,5.333110238211286196e+04,5.333110238211286287e+02
5.200000000000000178e+00,5.195749741510721442e+00,2.543776266801802990e+02,-1.877237331981967827e+01,5.262168961749452865e+04,5.262168961749453047e+02
5.299999999999999822e+00,5.295584767589647690e+00,2.537286990106672704e+02,-1.942130098933270688e+01,5.191995940389784664e+04,5.191995940389784892e+02
5.400000000000000355e+00,5.395416655271176865e+00,2.530797917407373347e+02,-2.007020825926264251e+01,5.122584757975358661e+04,5.122584757975358798e+02
5.500000000000000000e+00,5.495245404703292813e+00,2.524309048694285877e+02,-2.071909513057138952e+01,5.053929036044116947e+04,5.053929036044116856e+02
5.599999999999999645e+00,5.595071016033972278e+00,2.517820383957791535e+02,-2.136796160422082380e+01,4.986022433700029796e+04,4.986022433700029524e+02
5.700000000000000178e+00,5.694893489411180454e+00,2.511331923188272981e+02,-2.201680768117267917e+01,4.918858647484454559e+04,4.918858647484454423e+02
5.799999999999999822e+00,5.794712824982876320e+00,2.504843666376112878e+02,-2.266563336238868942e+01,4.852431411247561482e+04,4.852431411247561641e+02
5.900000000000000355e+00,5.894529022897006421e+00,2.498355613511694457e+02,-2.331443864883053152e+01,4.786734496019929793e+04,4.786734496019929566e+02
6.000000000000000000e+00,5.994342083301507529e+00,2.491867764585401801e+02,-2.396322354145979716e+01,4.721761709884287848e+04,4.721761709884287939e+02
6.099999999999999645e+00,6.094152006344311090e+00,2.485380119587619561e+02,-2.461198804123802120e+01,4.657506897847368964e+04,4.657506897847368919e+02
6.200000000000000178e+00,6.193958792173335226e+00,2.478892678508732956e+02,-2.526073214912668163e+01,4.593963941711895313e+04,4.593963941711895131e+02
6.299999999999999822e+00,6.293762440936491842e+00,2.472405441339127776e+02,-2.590945586608719964e+01,4.531126759948727704e+04,4.531126759948727454e+02
6.400000000000000355e+00,6.393562952781681297e+00,2.465918408069190377e+02,-2.655815919308093953e+01,4.468989307569118682e+04,4.468989307569118523e+02
6.500000000000000000e+00,6.493360327856795067e+00,2.459431578689308253e+02,-2.720684213106915195e+01,4.407545575997134438e+04,4.407545575997134506e+02
6.599999999999999645e+00,6.593154566309717524e+00,2.452944953189868045e+02,-2.785550468101317279e+01,4.346789592942158924e+04,4.346789592942158720e+02
6.700000000000000178e+00,6.692945668288318828e+00,2.446458531561258951e+02,-2.850414684387408215e+01,4.286715422271608259e+04,4.286715422271608418e+02
6.799999999999999822e+00,6.792733633940466476e+00,2.439972313793869603e+02,-2.915276862061301699e+01,4.227317163883715693e+04,4.227317163883715807e+02
6.900000000000000355e+00,6.892518463414012864e+00,2.433486299878088914e+02,-2.980137001219108583e+01,4.168588953580473026e+04,4.168588953580472776e+02
7.000000000000000000e+00,6.992300156856804172e+00,2.427000489804307506e+02,-3.044995101956922667e+01,4.110524962940734258e+04,4.110524962940734213e+02
7.099999999999999645e+00,7.092078714416676810e+00,2.420514883562915713e+02,-3.109851164370840593e+01,4.053119399193404388e+04,4.053119399193404320e+02
7.200000000000000178e+00,7.191854136241457418e+00,2.414029481144305009e+02,-3.174705188556947633e+01,3.996366505090818100e+04,3.996366505090817896e+02
7.299999999999999822e+00,7.291626422478961977e+00,2.407544282538867151e+02,-3.239557174611326218e+01,3.940260558782218868e+04,3.940260558782218823e+02
7.400000000000000355e+00,7.391395573277001141e+00,2.401059287736994747e+02,-3.304407122630050253e+01,3.884795873687375570e+04,3.884795873687375547e+02
7.500000000000000000e+00,7.491161588783372238e+00,2.394574496729080693e+02,-3.369255032709190800e+01,3.829966798370352626e+04,3.829966798370352876e+02
7.599999999999999645e+00,7.590924469145866382e+00,2.388089909505518449e+02,-3.434100904944813237e+01,3.775767716413410380e+04,3.775767716413410540e+02
7.700000000000000178e+00,7.690684214512262251e+00,2.381605526056702615e+02,-3.498944739432971573e+01,3.722193046291035716e+04,3.722193046291035898e+02
7.799999999999999822e+00,7.790440825030332306e+00,2.375121346373028359e+02,-3.563786536269714134e+01,3.669237241244119650e+04,3.669237241244119900e+02
7.900000000000000355e+00,7.890194300847837461e+00,2.368637370444890280e+02,-3.628626295551094927e+01,3.616894789154240425e+04,3.616894789154240470e+02
8.000000000000000000e+00,7.989944642112530637e+00,2.362153598262685250e+02,-3.693464017373145225e+01,3.565160212418146693e+04,3.565160212418146557e+02
8.099999999999999645e+00,8.089691848972154986e+00,2.355670029816809574e+02,-3.758299701831901984e+01,3.514028067822308367e+04,3.514028067822308117e+02
8.199999999999999289e+00,8.189435921574443000e+00,2.349186665097660978e+02,-3.823133349023387950e+01,3.463492946417646453e+04,3.463492946417646294e+02
8.300000000000000711e+00,8.289176860067122732e+00,2.342703504095636902e+02,-3.887964959043628710e+01,3.413549473394383676e+04,3.413549473394383540e+02
8.400000000000000355e+00,8.388914664597907134e+00,2.336220546801135924e+02,-3.952794531988638482e+01,3.364192307957040612e+04,3.364192307957040384e+02
8.500000000000000000e+00,8.488649335314502054e+00,2.329737793204557192e+02,-4.017622067954425802e+01,3.315416143199565704e+04,3.315416143199565795e+02
8.599999999999999645e+00,8.588380872364604457e+00,2.323255243296300421e+02,-4.082447567036993519e+01,3.267215705980597340e+04,3.267215705980597136e+02
8.699999999999999289e+00,8.688109275895904204e+00,2.316772897066766177e+02,-4.147271029332335956e+01,3.219585756798872535e+04,3.219585756798872467e+02
8.800000000000000711e+00,8.787834546056076945e+00,2.310290754506354745e+02,-4.212092454936450281e+01,3.172521089668760033e+04,3.172521089668759942e+02
8.900000000000000355e+00,8.887556682992791224e+00,2.303808815605468396e+02,-4.276911843945313763e+01,3.126016531995954210e+04,3.126016531995954324e+02
9.000000000000000000e+00,8.987275686853710255e+00,2.297327080354508553e+02,-4.341729196454912199e+01,3.080066944453274846e+04,3.080066944453274687e+02
9.099999999999999645e+00,9.086991557786481266e+00,2.290845548743878339e+02,-4.406544512561214333e+01,3.034667220856632775e+04,3.034667220856632639e+02
9.199999999999999289e+00,9.186704295938747933e+00,2.284364220763981166e+02,-4.471357792360186068e+01,2.989812288041124702e+04,2.989812288041124475e+02
9.300000000000000711e+00,9.286413901458137943e+00,2.277883096405220726e+02,-4.536169035947790462e+01,2.945497105737249512e+04,2.945497105737249512e+02
9.400000000000000355e+00,9.386120374492277207e+00,2.271402175658001852e+02,-4.600978243419979208e+01,2.901716666447286116e+04,2.901716666447285888e+02
9.500000000000000000e+00,9.485823715188777427e+00,2.264921458512729373e+02,-4.665785414872703996e+01,2.858465995321801893e+04,2.858465995321801643e+02
9.599999999999999645e+00,9.585523923695243198e+00,2.258440944959808974e+02,-4.730590550401907990e+01,2.815740150036294290e+04,2.815740150036294267e+02
9.699999999999999289e+00,9.685221000159272009e+00,2.251960634989647190e+02,-4.795393650103525829e+01,2.773534220667969930e+04,2.773534220667970089e+02
9.800000000000000711e+00,9.784914944728445363e+00,2.245480528592650842e+02,-4.860194714073489308e+01,2.731843329572676157e+04,2.731843329572675998e+02
9.900000000000000355e+00,9.884605757550341210e+00,2.239000625759227603e+02,-4.924993742407721697e+01,2.690662631261953356e+04,2.690662631261953379e+02
1.000000000000000000e+01,9.984293438772525064e+00,2.232520926479785714e+02,-4.989790735202140581e+01,2.649987312280236438e+04,2.649987312280236438e+02
1.009999999999999964e+01,1.008397798854255711e+01,2.226041430744733702e+02,-5.054585692552660703e+01,2.609812591082185463e+04,2.609812591082185236e+02
1.019999999999999929e+01,1.018365940700798511e+01,2.219562138544480945e+02,-5.119378614555188278e+01,2.570133717910180712e+04,2.570133717910180735e+02
1.030000000000000071e+01,1.028333769431634614e+01,2.213083049869437389e+02,-5.184169501305623839e+01,2.530945974671913427e+04,2.530945974671913348e+02
1.040000000000000036e+01,1.038301285061517198e+01,2.206604164710013549e+02,-5.248958352899862234e+01,2.492244674818162821e+04,2.492244674818162764e+02
1.050000000000000000e+01,1.048268487605198196e+01,2.200125483056621079e+02,-5.313745169433786941e+01,2.454025163220680770e+04,2.454025163220680668e+02
1.059999999999999964e+01,1.058235377077428829e+01,2.193647004899671060e+02,-5.378529951003287124e+01,2.416282816050218025e+04,2.416282816050218116e+02
1.069999999999999929e+01,1.068201953492959433e+01,2.187168730229576283e+02,-5.443312697704234893e+01,2.379013040654705037e+04,2.379013040654704980e+02
1.080000000000000071e+01,1.078168216866538920e+01,2.180690659036749537e+02,-5.508093409632502357e+01,2.342211275437567747e+04,2.342211275437567792e+02
1.090000000000000036e+01,1.088134167212916026e+01,2.174212791311604462e+02,-5.572872086883953102e+01,2.305872989736170712e+04,2.305872989736170666e+02
1.100000000000000000e+01,1.098099804546837888e+01,2.167735127044555270e+02,-5.637648729554445026e+01,2.269993683700411202e+04,2.269993683700411111e+02
1.109999999999999964e+01,1.108065128883051287e+01,2.166499999999999773e+02,-5.650000000000000000e+01,2.234603326793338056e+04,2.234603326793338169e+02
1.119999999999999929e+01,1.118030140236301406e+01,2.166499999999999773e+02,-5.650000000000000000e+01,2.199763931071785555e+04,2.199763931071785521e+02
1.130000000000000071e+01,1.127994838621333429e+01,2.166499999999999773e+02,-5.650000000000000000e+01,2.165468780308651912e+04,2.165468780308652015e+02
1.140000000000000036e+01,1.137959224052890583e+01,2.166499999999999773e+02,-5.650000000000000000e+01,2.131709355883380340e+04,2.131709355883380397e+02
1.150000000000000000e+01,1.147923296545715921e+01,2.166499999999999773e+02,-5.650000000000000000e+01,2.098477272771159915e+04,2.098477272771159789e+02
1.159999999999999964e+01,1.157887056114551072e+01,2.166499999999999773e+02,-5.650000000000000000e+01,2.065764277443691390e+04,2.065764277443691412e+02
1.169999999999999929e+01,1.167850502774137311e+01,2.166499999999999773e+02,-5.650000000000000000e+01,2.033562245802994948e+04,2.033562245802994823e+02
1.180000000000000071e+01,1.177813636539214670e+01,2.166499999999999773e+02,-5.650000000000000000e+01,2.001863181147750583e+04,2.001863181147750481e+02
1.190000000000000036e+01,1.187776457424521936e+01,2.166499999999999773e+02,-5.650000000000000000e+01,1.970659212171656327e+04,1.970659212171656236e+02
1.200000000000000000e+01,1.197738965444797365e+01,2.166499999999999773e+02,-5.650000000000000000e+01,1.939942590993288104e+04,1.939942590993288150e+02
1.209999999999999964e+01,1.207701160614778146e+01,2.166499999999999773e+02,-5.650000000000000000e+01,1.909705691216987543e+04,1.909705691216987589e+02
1.219999999999999929e+01,1.217663042949200758e+01,2.166499999999999773e+02,-5.650000000000000000e+01,1.879941006024260787e+04,1.879941006024260730e+02
1.230000000000000071e+01,1.227624612462800791e+01,2.166499999999999773e+02,-5.650000000000000000e+01,1.850641146295228828e+04,1.850641146295228907e+02
1.240000000000000036e+01,1.237585869170312058e+01,2.166499999999999773e+02,-5.650000000000000000e+01,1.821798838759646242e+04,1.821798838759646344e+02
1.250000000000000000e+01,1.247546813086468731e+01,2.166499999999999773e+02,-5.650000000000000000e+01,1.793406924177017208e+04,1.793406924177017174e+02
1.259999999999999964e+01,1.257507444226003024e+01,2.166499999999999773e+02,-5.650000000000000000e+01,1.765458355545363520e+04,1.765458355545363531e+02
1.269999999999999929e+01,1.267467762603646797e+01,2.166499999999999773e+02,-5.650000000000000000e+01,1.737946196338180744e+04,1.737946196338180869e+02
1.280000000000000071e+01,1.277427768234130845e+01,2.166499999999999773e+02,-5.650000000000000000e+01,1.710863618769139794e+04,1.710863618769139691e+02
1.290000000000000036e+01,1.287387461132184896e+01,2.166499999999999773e+02,-5.650000000000000000e+01,1.684203902084104629e+04,1.684203902084104527e+02
1.300000000000000000e+01,1.297346841312537968e+01,2.166499999999999773e+02,-5.650000000000000000e+01,1.657960430880025524e+04,1.657960430880025626e+02
1.309999999999999964e+01,1.307305908789918014e+01,2.166499999999999773e+02,-5.650000000000000000e+01,1.632126693450287348e+04,1.632126693450287291e+02
1.319999999999999929e+01,1.317264663579052097e+01,2.166499999999999773e+02,-5.650000000000000000e+01,1.606696280156099965e+04,1.606696280156099874e+02
1.330000000000000071e+01,1.327223105694666216e+01,2.166499999999999773e+02,-5.650000000000000000e+01,1.581662881823513089e+04,1.581662881823513089e+02
1.340000000000000036e+01,1.337181235151485836e+01,2.166499999999999773e+02,-5.650000000000000000e+01,1.557020288165657803e+04,1.557020288165657860e+02
1.350000000000000000e+01,1.347139051964235179e+01,2.166499999999999773e+02,-5.650000000000000000e+01,1.532762386229811636e+04,1.532762386229811682e+02
1.359999999999999964e+01,1.357096556147637401e+01,2.166499999999999773e+02,-5.650000000000000000e+01,1.508883158868901592e+04,1.508883158868901546e+02
1.369999999999999929e+01,1.367053747716415124e+01,2.166499999999999773e+02,-5.650000000000000000e+01,1.485376683237054931e+04,1.485376683237055033e+02
1.380000000000000071e+01,1.377010626685289729e+01,2.166499999999999773e+02,-5.650000000000000000e+01,1.462237129308819203e+04,1.462237129308819306e+02
1.390000000000000036e+01,1.386967193068982063e+01,2.166499999999999773e+02,-5.650000000000000000e+01,1.439458758421682433e+04,1.439458758421682489e+02
1.400000000000000000e+01,1.396923446882211728e+01,2.166499999999999773e+02,-5.650000000000000000e+01,1.417035921841522941e+04,1.417035921841522850e+02
1.409999999999999964e+01,1.406879388139697262e+01,2.166499999999999773e+02,-5.650000000000000000e+01,1.394963059350625008e+04,1.394963059350625088e+02
1.419999999999999929e+01,1.416835016856156493e+01,2.166499999999999773e+02,-5.650000000000000000e+01,1.373234697857912033e+04,1.373234697857911897e+02
1.430000000000000071e+01,1.426790333046306536e+01,2.166499999999999773e+02,-5.650000000000000000e+01,1.351845450031037217e+04,1.351845450031037217e+02
1.440000000000000036e+01,1.436745336724863265e+01,2.166499999999999773e+02,-5.650000000000000000e+01,1.330790012949996162e+04,1.330790012949996139e+02
1.450000000000000000e+01,1.446700027906541663e+01,2.166499999999999773e+02,-5.650000000000000000e+01,1.310063166781919608e+04,1.310063166781919506e+02
1.459999999999999964e+01,1.456654406606055829e+01,2.166499999999999773e+02,-5.650000000000000000e+01,1.289659773476705050e+04,1.289659773476705027e+02
1.469999999999999929e+01,1.466608472838119326e+01,2.166499999999999773e+02,-5.650000000000000000e+01,1.269574775483173289e+04,1.269574775483173283e+02
1.480000000000000071e+01,1.476562226617443763e+01,2.166499999999999773e+02,-5.650000000000000000e+01,1.249803194485412496e+04,1.249803194485412519e+02
1.490000000000000036e+01,1.486515667958741105e+01,2.166499999999999773e+02,-5.650000000000000000e+01,1.230340130158998909e+04,1.230340130158998875e+02
1.500000000000000000e+01,1.496468796876721541e+01,2.166499999999999773e+02,-5.650000000000000000e+01,1.211180758946781498e+04,1.211180758946781566e+02
1.509999999999999964e+01,1.506421613386094371e+01,2.166499999999999773e+02,-5.650000000000000000e+01,1.192320332853917171e+04,1.192320332853917222e+02
1.519999999999999929e+01,1.516374117501568541e+01,2.166499999999999773e+02,-5.650000000000000000e+01,1.173754178261857851e+04,1.173754178261857817e+02
1.530000000000000071e+01,1.526326309237851575e+01,2.166499999999999773e+02,-5.650000000000000000e+01,1.155477694760990380e+04,1.155477694760990346e+02
1.540000000000000036e+01,1.536278188609650108e+01,2.166499999999999773e+02,-5.650000000000000000e+01,1.137486354001631298e+04,1.137486354001631241e+02
1.550000000000000000e+01,1.546229755631670244e+01,2.166499999999999773e+02,-5.650000000000000000e+01,1.119775698563092374e+04,1.119775698563092305e+02
1.559999999999999964e+01,1.556181010318616487e+01,2.166499999999999773e+02,-5.650000000000000000e+01,1.102341340840530393e+04,1.102341340840530393e+02
1.569999999999999929e+01,1.566131952685192807e+01,2.166499999999999773e+02,-5.650000000000000000e+01,1.085178961949298355e+04,1.085178961949298326e+02
1.580000000000000071e+01,1.576082582746102467e+01,2.166499999999999773e+02,-5.650000000000000000e+01,1.068284310646525046e+04,1.068284310646525057e+02
1.590000000000000036e+01,1.586032900516047839e+01,2.166499999999999773e+02,-5.650000000000000000e+01,1.051653202269654139e+04,1.051653202269654201e+02
1.600000000000000000e+01,1.595982906009729518e+01,2.166499999999999773e+02,-5.650000000000000000e+01,1.035281517691668159e+04,1.035281517691668114e+02
1.610000000000000142e+01,1.605932599241848280e+01,2.166499999999999773e+02,-5.650000000000000000e+01,1.019165202292742470e+04,1.019165202292742407e+02
1.619999999999999929e+01,1.615881980227103298e+01,2.166499999999999773e+02,-5.650000000000000000e+01,1.003300264948063705e+04,1.003300264948063756e+02
1.630000000000000071e+01,1.625831048980192506e+01,2.166499999999999773e+02,-5.650000000000000000e+01,9.876827770315652742e+03,9.876827770315652799e+01
1.639999999999999858e+01,1.635779805515814189e+01,2.166499999999999773e+02,-5.650000000000000000e+01,9.723088714353203613e+03,9.723088714353202988e+01
1.650000000000000000e+01,1.645728249848664504e+01,2.166499999999999773e+02,-5.650000000000000000e+01,9.571747416043543126e+03,9.571747416043542955e+01
1.660000000000000142e+01,1.655676381993439605e+01,2.166499999999999773e+02,-5.650000000000000000e+01,9.422766405866275818e+03,9.422766405866275363e+01
1.669999999999999929e+01,1.665624201964833517e+01,2.166499999999999773e+02,-5.650000000000000000e+01,9.276108800979560328e+03,9.276108800979559987e+01
1.680000000000000071e+01,1.675571709777540619e+01,2.166499999999999773e+02,-5.650000000000000000e+01,9.131738296016230379e+03,9.131738296016230549e+01
1.689999999999999858e+01,1.685518905446253513e+01,2.166499999999999773e+02,-5.650000000000000000e+01,8.989619154024660020e+03,8.989619154024660475e+01
1.700000000000000000e+01,1.695465788985664091e+01,2.166499999999999773e+02,-5.650000000000000000e+01,8.849716197551979349e+03,8.849716197551978780e+01
1.710000000000000142e+01,1.705412360410463535e+01,2.166499999999999773e+02,-5.650000000000000000e+01,8.711994799867445181e+03,8.711994799867444783e+01
1.719999999999999929e+01,1.715358619735342316e+01,2.166499999999999773e+02,-5.650000000000000000e+01,8.576420876323776611e+03,8.576420876323776099e+01
1.730000000000000071e+01,1.725304566974988774e+01,2.166499999999999773e+02,-5.650000000000000000e+01,8.442960875854232654e+03,8.442960875854232938e+01
1.739999999999999858e+01,1.735250202144092313e+01,2.166499999999999773e+02,-5.650000000000000000e+01,8.311581772603332865e+03,8.311581772603332752e+01
1.750000000000000000e+01,1.745195525257339497e+01,2.166499999999999773e+02,-5.650000000000000000e+01,8.182251057689125446e+03,8.182251057689126128e+01
1.760000000000000142e+01,1.755140536329416889e+01,2.166499999999999773e+02,-5.650000000000000000e+01,8.054936731094884635e+03,8.054936731094885261e+01
1.769999999999999929e+01,1.765085235375010342e+01,2.166499999999999773e+02,-5.650000000000000000e+01,7.929607293688231948e+03,7.929607293688232517e+01
1.780000000000000071e+01,1.775029622408803931e+01,2.166499999999999773e+02,-5.650000000000000000e+01,7.806231739365701287e+03,7.806231739365701117e+01
1.789999999999999858e+01,1.784973697445482088e+01,2.166499999999999773e+02,-5.650000000000000000e+01,7.684779547320694292e+03,7.684779547320694348e+01
1.800000000000000000e+01,1.794917460499726403e+01,2.166499999999999773e+02,-5.650000000000000000e+01,7.565220674432971464e+03,7.565220674432971748e+01
1.810000000000000142e+01,1.804860911586219885e+01,2.166499999999999773e+02,-5.650000000000000000e+01,7.447525547777692736e+03,7.447525547777692623e+01
1.819999999999999929e+01,1.814804050719643058e+01,2.166499999999999773e+02,-5.650000000000000000e+01,7.331665057252197585e+03,7.331665057252197926e+01
1.830000000000000071e+01,1.824746877914675736e+01,2.166499999999999773e+02,-5.650000000000000000e+01,7.217610548318578367e+03,7.217610548318577912e+01
1.839999999999999858e+01,1.834689393185997019e+01,2.166499999999999773e+02,-5.650000000000000000e+01,7.105333814860337952e+03,7.105333814860337327e+01
1.850000000000000000e+01,1.844631596548285302e+01,2.166499999999999773e+02,-5.650000000000000000e+01,6.994807092151208053e+03,6.994807092151208394e+01
1.860000000000000142e+01,1.854573488016217553e+01,2.166499999999999773e+02,-5.650000000000000000e+01,6.886003049934499359e+03,6.886003049934498677e+01
1.869999999999999929e+01,1.864515067604470033e+01,2.166499999999999773e+02,-5.650000000000000000e+01,6.778894785611105362e+03,6.778894785611105078e+01
1.880000000000000071e+01,1.874456335327718293e+01,2.166499999999999773e+02,-5.650000000000000000e+01,6.673455817534586458e+03,6.673455817534586743e+01
1.889999999999999858e+01,1.884397291200636815e+01,2.166499999999999773e+02,-5.650000000000000000e+01,6.569660078411507129e+03,6.569660078411507698e+01
1.900000000000000000e+01,1.894337935237899373e+01,2.166499999999999773e+02,-5.650000000000000000e+01,6.467481908805513740e+03,6.467481908805513058e+01
1.910000000000000142e+01,1.904278267454177964e+01,2.166499999999999773e+02,-5.650000000000000000e+01,6.366896050743403976e+03,6.366896050743403634e+01
1.919999999999999929e+01,1.914218287864144941e+01,2.166499999999999773e+02,-5.650000000000000000e+01,6.267877641421635417e+03,6.267877641421635104e+01
1.930000000000000071e+01,1.924157996482470523e+01,2.166499999999999773e+02,-5.650000000000000000e+01,6.170402207011697101e+03,6.170402207011697016e+01
1.939999999999999858e+01,1.934097393323824932e+01,2.166499999999999773e+02,-5.650000000000000000e+01,6.074445656562770637e+03,6.074445656562770779e+01
1.950000000000000000e+01,1.944036478402876966e+01,2.166499999999999773e+02,-5.650000000000000000e+01,5.979984276000150203e+03,5.979984276000150345e+01
1.960000000000000142e+01,1.953975251734295071e+01,2.166499999999999773e+02,-5.650000000000000000e+01,5.886994722217933486e+03,5.886994722217933429e+01
1.969999999999999929e+01,1.963913713332745914e+01,2.166499999999999773e+02,-5.650000000000000000e+01,5.795454017264464710e+03,5.795454017264464852e+01
1.980000000000000071e+01,1.973851863212895452e+01,2.166499999999999773e+02,-5.650000000000000000e+01,5.705339542619123677e+03,5.705339542619123705e+01
1.989999999999999858e+01,1.983789701389409288e+01,2.166499999999999773e+02,-5.650000000000000000e+01,5.616629033558949232e+03,5.616629033558949402e+01
2.000000000000000000e+01,1.993727227876951957e+01,2.166499999999999773e+02,-5.650000000000000000e+01,5.529300573613768393e+03,5.529300573613768677e+01
2.010000000000000142e+01,2.003664442690186931e+01,2.166866444269018359e+02,-5.646335557309814135e+01,5.443335248873460841e+03,5.443335248873460586e+01
2.019999999999999929e+01,2.013601345843775903e+01,2.167860134584377363e+02,-5.636398654156224097e+01,5.358739906193566640e+03,5.358739906193566327e+01
2.030000000000000071e+01,2.023537937352380922e+01,2.168853793735237900e+02,-5.626462062647618723e+01,5.275499723691999861e+03,5.275499723691999776e+01
2.039999999999999858e+01,2.033474217230663328e+01,2.169847421723065963e+02,-5.616525782769338093e+01,5.193592346368326616e+03,5.193592346368326673e+01
2.050000000000000000e+01,2.043410185493281972e+01,2.170841018549327828e+02,-5.606589814506719449e+01,5.112995798627061959e+03,5.112995798627061816e+01
2.060000000000000142e+01,2.053345842154896062e+01,2.171834584215489485e+02,-5.596654157845102873e+01,5.033688477658367447e+03,5.033688477658367333e+01
2.069999999999999929e+01,2.063281187230163027e+01,2.172828118723016075e+02,-5.586718812769836973e+01,4.955649146937602382e+03,4.955649146937602723e+01
2.080000000000000071e+01,2.073216220733741011e+01,2.173821622073373874e+02,-5.576783779266258989e+01,4.878856929841066631e+03,4.878856929841066403e+01
2.089999999999999858e+01,2.083150942680284601e+01,2.174815094268028304e+02,-5.566849057319714689e+01,4.803291303376197902e+03,4.803291303376197874e+01
2.100000000000000000e+01,2.093085353084449807e+01,2.175808535308444789e+02,-5.556914646915549838e+01,4.728932092023950645e+03,4.728932092023950418e+01
2.110000000000000142e+01,2.103019451960891217e+01,2.176801945196088752e+02,-5.546980548039110204e+01,4.655759461691232900e+03,4.655759461691232559e+01
2.119999999999999929e+01,2.112953239324260934e+01,2.177795323932425902e+02,-5.537046760675738710e+01,4.583753913771452972e+03,4.583753913771452915e+01
2.130000000000000071e+01,2.122886715189212481e+01,2.178788671518921092e+02,-5.527113284810786809e+01,4.512896279311337821e+03,4.512896279311338077e+01
2.139999999999999858e+01,2.132819879570396893e+01,2.179781987957039462e+02,-5.517180120429603107e+01,4.443167713281706710e+03,4.443167713281706455e+01
2.150000000000000000e+01,2.142752732482464495e+01,2.180775273248246151e+02,-5.507247267517536216e+01,4.374549688950670316e+03,4.374549688950670401e+01
2.160000000000000142e+01,2.152685273940065613e+01,2.181768527394006298e+02,-5.497314726059934742e+01,4.307023992357242605e+03,4.307023992357242292e+01
2.169999999999999929e+01,2.162617503957848086e+01,2.182761750395784475e+02,-5.487382496042152979e+01,4.240572716883286375e+03,4.240572716883286120e+01
2.180000000000000071e+01,2.172549422550460463e+01,2.183754942255045819e+02,-5.477450577449539537e+01,4.175178257922600096e+03,4.175178257922600267e+01
2.189999999999999858e+01,2.182481029732549160e+01,2.184748102973254618e+02,-5.467518970267451550e+01,4.110823307644571287e+03,4.110823307644571400e+01
2.200000000000000000e+01,2.192412325518760241e+01,2.185741232551875726e+02,-5.457587674481240470e+01,4.047490849851299117e+03,4.047490849851298833e+01
2.210000000000000142e+01,2.202343309923738701e+01,2.186734330992373714e+02,-5.447656690076260588e+01,3.985164154926348147e+03,3.985164154926348345e+01
2.219999999999999929e+01,2.212273982962128827e+01,2.187727398296212584e+02,-5.437726017037871884e+01,3.923826774873128215e+03,3.923826774873128187e+01
2.230000000000000071e+01,2.222204344648573837e+01,2.188720434464857192e+02,-5.427795655351425808e+01,3.863462538441652669e+03,3.863462538441652327e+01
2.239999999999999858e+01,2.232134394997715887e+01,2.189713439499771255e+02,-5.417865605002285179e+01,3.804055546341859554e+03,3.804055546341859895e+01
2.250000000000000000e+01,2.242064134024196420e+01,2.190706413402419344e+02,-5.407935865975804290e+01,3.745590166542082443e+03,3.745590166542082500e+01
2.260000000000000142e+01,2.251993561742655814e+01,2.191699356174265461e+02,-5.398006438257343120e+01,3.688051029650866894e+03,3.688051029650866752e+01
2.269999999999999929e+01,2.261922678167733736e+01,2.192692267816773040e+02,-5.388077321832267330e+01,3.631423024380830611e+03,3.631423024380830356e+01
2.280000000000000071e+01,2.271851483314068432e+01,2.193685148331406651e+02,-5.378148516685931213e+01,3.575691293092846990e+03,3.575691293092847189e+01
2.289999999999999858e+01,2.281779977196298148e+01,2.194677997719629730e+02,-5.368220022803700431e+01,3.520841227419628012e+03,3.520841227419627728e+01
2.300000000000000000e+01,2.291708159829059355e+01,2.195670815982905708e+02,-5.358291840170940645e+01,3.466858463966346335e+03,3.466858463966346449e+01
2.310000000000000142e+01,2.301636031226988166e+01,2.196663603122698589e+02,-5.348363968773011834e+01,3.413728880087840480e+03,3.413728880087840167e+01
2.319999999999999929e+01,2.311563591404718920e+01,2.197656359140471807e+02,-5.338436408595279659e+01,3.361438589740354928e+03,3.361438589740355098e+01
2.330000000000000071e+01,2.321490840376886311e+01,2.198649084037688510e+02,-5.328509159623112623e+01,3.309973939406879708e+03,3.309973939406879850e+01
2.339999999999999858e+01,2.331417778158123255e+01,2.199641777815812134e+02,-5.318582221841876390e+01,3.259321504094286865e+03,3.259321504094286581e+01
2.350000000000000000e+01,2.341344404763061604e+01,2.200634440476305826e+02,-5.308655595236939462e+01,3.209468083401596687e+03,3.209468083401596772e+01
2.360000000000000142e+01,2.351270720206333209e+01,2.201627072020633022e+02,-5.298729279793667502e+01,3.160400697657453293e+03,3.160400697657453151e+01
2.369999999999999929e+01,2.361196724502567790e+01,2.202619672450256587e+02,-5.288803275497431855e+01,3.112106584126002872e+03,3.112106584126003028e+01
2.380000000000000071e+01,2.371122417666395421e+01,2.203612241766639386e+02,-5.278877582333603868e+01,3.064573193279592942e+03,3.064573193279592900e+01
2.389999999999999858e+01,2.381047799712444046e+01,2.204604779971244284e+02,-5.268952200287554888e+01,3.017788185137435903e+03,3.017788185137435875e+01
2.400000000000000000e+01,2.390972870655341609e+01,2.205597287065533862e+02,-5.259027129344659102e+01,2.971739425668701188e+03,2.971739425668701173e+01
2.410000000000000142e+01,2.400897630509714631e+01,2.206589763050971271e+02,-5.249102369490285014e+01,2.926414983259085602e+03,2.926414983259085645e+01
2.419999999999999929e+01,2.410822079290189279e+01,2.207582207929018807e+02,-5.239177920709809655e+01,2.881803125239746805e+03,2.881803125239746777e+01
2.430000000000000071e+01,2.420746217011389589e+01,2.208574621701138767e+02,-5.229253782988610055e+01,2.837892314477194304e+03,2.837892314477194233e+01
2.439999999999999858e+01,2.430670043687940307e+01,2.209567004368793732e+02,-5.219329956312060403e+01,2.794671206023334889e+03,2.794671206023334875e+01
2.450000000000000000e+01,2.440593559334464402e+01,2.210559355933446284e+02,-5.209406440665534888e+01,2.752128643824444680e+03,2.752128643824444509e+01
2.460000000000000142e+01,2.450516763965583422e+01,2.211551676396558150e+02,-5.199483236034416223e+01,2.710253657488028693e+03,2.710253657488028622e+01
2.469999999999999929e+01,2.460439657595919272e+01,2.212543965759591629e+02,-5.189560342404081439e+01,2.669035459106541111e+03,2.669035459106541097e+01
2.480000000000000071e+01,2.470362240240091722e+01,2.213536224024009016e+02,-5.179637759759907567e+01,2.628463440136885310e+03,2.628463440136885154e+01
2.489999999999999858e+01,2.480284511912719836e+01,2.214528451191271756e+02,-5.169715488087280164e+01,2.588527168334736871e+03,2.588527168334736928e+01
2.500000000000000000e+01,2.490206472628423029e+01,2.215520647262842147e+02,-5.159793527371576261e+01,2.549216384742697301e+03,2.549216384742697272e+01
2.510000000000000142e+01,2.500128122401817876e+01,2.216512812240181631e+02,-5.149871877598181413e+01,2.510521000731308959e+03,2.510521000731309016e+01
2.519999999999999929e+01,2.510049461247521663e+01,2.217504946124751939e+02,-5.139950538752478337e+01,2.472431095091921179e+03,2.472431095091921094e+01
2.530000000000000071e+01,2.519970489180149542e+01,2.218497048918014798e+02,-5.130029510819849747e+01,2.434936911180572224e+03,2.434936911180572139e+01
2.539999999999999858e+01,2.529891206214316313e+01,2.219489120621431368e+02,-5.120108793785684043e+01,2.398028854111959845e+03,2.398028854111959873e+01
2.550000000000000000e+01,2.539811612364636773e+01,2.220481161236463379e+02,-5.110188387635363938e+01,2.361697488002373575e+03,2.361697488002373646e+01
2.560000000000000142e+01,2.549731707645722878e+01,2.221473170764571989e+02,-5.100268292354277833e+01,2.325933533261150387e+03,2.325933533261150288e+01
2.569999999999999929e+01,2.559651492072186230e+01,2.222465149207218360e+02,-5.090348507927814126e+01,2.290727863929359046e+03,2.290727863929359032e+01
2.580000000000000071e+01,2.569570965658639494e+01,2.223457096565863651e+02,-5.080429034341361216e+01,2.256071505065006022e+03,2.256071505065006022e+01
2.589999999999999858e+01,2.579490128419691786e+01,2.224449012841969022e+02,-5.070509871580307504e+01,2.221955630174097223e+03,2.221955630174097251e+01
2.600000000000000000e+01,2.589408980369952573e+01,2.225440898036995065e+02,-5.060591019630047072e+01,2.188371558686495973e+03,2.188371558686495888e+01
2.610000000000000142e+01,2.599327521524030260e+01,2.226432752152402657e+02,-5.050672478475971161e+01,2.155310753475841921e+03,2.155310753475841778e+01
2.619999999999999929e+01,2.609245751896532184e+01,2.227424575189652955e+02,-5.040754248103468171e+01,2.122764818422823737e+03,2.122764818422823652e+01
2.630000000000000071e+01,2.619163671502064972e+01,2.228416367150206270e+02,-5.030836328497935028e+01,2.090725496020962510e+03,2.090725496020962382e+01
2.639999999999999858e+01,2.629081280355234540e+01,2.229408128035523191e+02,-5.020918719644765815e+01,2.059184665024124115e+03,2.059184665024124072e+01
2.650000000000000000e+01,2.638998578470645029e+01,2.230399857847064311e+02,-5.011001421529354616e+01,2.028134338135059352e+03,2.028134338135059522e+01
2.660000000000000142e+01,2.648915565862900579e+01,2.231391556586289937e+02,-5.001084434137098356e+01,1.997566659734216046e+03,1.997566659734216188e+01
2.669999999999999929e+01,2.658832242546603908e+01,2.232383224254660092e+02,-4.991167757453396803e+01,1.967473903648142596e+03,1.967473903648142652e+01
2.680000000000000071e+01,2.668748608536357381e+01,2.233374860853635369e+02,-4.981251391463644040e+01,1.937848470956616666e+03,1.937848470956616609e+01
2.689999999999999858e+01,2.678664663846761229e+01,2.234366466384675789e+02,-4.971335336153239837e+01,1.908682887838139095e+03,1.908682887838138953e+01
2.700000000000000000e+01,2.688580408492416751e+01,2.235358040849241377e+02,-4.961419591507583959e+01,1.879969803452706856e+03,1.879969803452706856e+01
2.710000000000000142e+01,2.698495842487922047e+01,2.236349584248791871e+02,-4.951504157512079018e+01,1.851701987861494445e+03,1.851701987861494558e+01
2.719999999999999929e+01,2.708410965847875929e+01,2.237341096584787294e+02,-4.941589034152124782e+01,1.823872329982612428e+03,1.823872329982612328e+01
2.730000000000000071e+01,2.718325778586875430e+01,2.238332577858687387e+02,-4.931674221413123860e+01,1.796473835582465426e+03,1.796473835582465384e+01
2.739999999999999858e+01,2.728240280719517585e+01,2.239324028071951602e+02,-4.921759719280481704e+01,1.769499625301897140e+03,1.769499625301897083e+01
2.750000000000000000e+01,2.738154472260397654e+01,2.240315447226039396e+02,-4.911845527739603767e+01,1.742942932716625819e+03,1.742942932716625748e+01
2.760000000000000142e+01,2.748068353224110183e+01,2.241306835322410791e+02,-4.901931646775889817e+01,1.716797102431253052e+03,1.716797102431253208e+01
2.769999999999999929e+01,2.757981923625249365e+01,2.242298192362524674e+02,-4.892018076374750990e+01,1.691055588206454331e+03,1.691055588206454274e+01
2.780000000000000071e+01,2.767895183478407262e+01,2.243289518347840499e+02,-4.882104816521592738e+01,1.665711951118456454e+03,1.665711951118456469e+01
2.789999999999999858e+01,2.777808132798176288e+01,2.244280813279817437e+02,-4.872191867201823356e+01,1.640759857750501169e+03,1.640759857750501283e+01
2.800000000000000000e+01,2.787720771599147085e+01,2.245272077159914375e+02,-4.862279228400853981e+01,1.616193078415559057e+03,1.616193078415559015e+01
2.810000000000000142e+01,2.797633099895909936e+01,2.246263309989590766e+02,-4.852366900104090064e+01,1.592005485409853009e+03,1.592005485409853094e+01
2.819999999999999929e+01,2.807545117703054416e+01,2.247254511770305214e+02,-4.842454882296945584e+01,1.568191051296516434e+03,1.568191051296516392e+01
2.830000000000000071e+01,2.817456825035167967e+01,2.248245682503516605e+02,-4.832543174964831678e+01,1.544743847218969677e+03,1.544743847218969712e+01
2.839999999999999858e+01,2.827368221906838386e+01,2.249236822190683540e+02,-4.822631778093162325e+01,1.521658041243449816e+03,1.521658041243449766e+01
2.850000000000000000e+01,2.837279308332652050e+01,2.250227930833264907e+02,-4.812720691667348660e+01,1.498927896730087241e+03,1.498927896730087284e+01
2.860000000000000142e+01,2.847190084327194626e+01,2.251219008432719306e+02,-4.802809915672804664e+01,1.476547770732226354e+03,1.476547770732226361e+01
2.869999999999999929e+01,2.857100549905050002e+01,2.252210054990504773e+02,-4.792899450094949998e+01,1.454512112423264853e+03,1.454512112423264902e+01
2.880000000000000071e+01,2.867010705080802779e+01,2.253201070508079908e+02,-4.782989294919198642e+01,1.432815461550646432e+03,1.432815461550646496e+01
2.889999999999999858e+01,2.876920549869035071e+01,2.254192054986903315e+02,-4.773079450130964574e+01,1.411452446916519875e+03,1.411452446916519854e+01
2.900000000000000000e+01,2.886830084284328635e+01,2.255183008428432743e+02,-4.763169915715670300e+01,1.390417784884624325e+03,1.390417784884624375e+01
2.910000000000000142e+01,2.896739308341264874e+01,2.256173930834126224e+02,-4.753260691658735482e+01,1.369706277912770247e+03,1.369706277912770176e+01
2.919999999999999929e+01,2.906648222054423769e+01,2.257164822205442078e+02,-4.743351777945576941e+01,1.349312813110704383e+03,1.349312813110704390e+01
2.930000000000000071e+01,2.916556825438384237e+01,2.258155682543838054e+02,-4.733443174561617184e+01,1.329232360822699320e+03,1.329232360822699377e+01
2.939999999999999858e+01,2.926465118507724483e+01,2.259146511850772185e+02,-4.723534881492275872e+01,1.309459973234601193e+03,1.309459973234601193e+01
2.950000000000000000e+01,2.936373101277021647e+01,2.260137310127701937e+02,-4.713626898722978353e+01,1.289990783004762989e+03,1.289990783004762953e+01
2.960000000000000142e+01,2.946280773760852512e+01,2.261128077376085059e+02,-4.703719226239147133e+01,1.270820001918523985e+03,1.270820001918523978e+01
2.969999999999999929e+01,2.956188135973792086e+01,2.262118813597379017e+02,-4.693811864026207559e+01,1.251942919565797638e+03,1.251942919565797574e+01
2.980000000000000071e+01,2.966095187930415378e+01,2.263109518793041275e+02,-4.683904812069584978e+01,1.233354902041371361e+03,1.233354902041371304e+01
2.989999999999999858e+01,2.976001929645295263e+01,2.264100192964529299e+02,-4.673998070354704737e+01,1.215051390667471651e+03,1.215051390667471587e+01
3.000000000000000000e+01,2.985908361133005329e+01,2.265090836113300270e+02,-4.664091638866995027e+01,1.197027900738319659e+03,1.197027900738319595e+01
3.010000000000000142e+01,2.995814482408117030e+01,2.266081448240811369e+02,-4.654185517591884036e+01,1.179280020286077388e+03,1.179280020286077324e+01
3.019999999999999929e+01,3.005720293485200756e+01,2.267072029348519777e+02,-4.644279706514799955e+01,1.161803408868113138e+03,1.161803408868113152e+01
3.030000000000000071e+01,3.015625794378827251e+01,2.268062579437882391e+02,-4.634374205621173815e+01,1.144593796374850854e+03,1.144593796374850925e+01
3.039999999999999858e+01,3.025530985103565484e+01,2.269053098510356392e+02,-4.624469014896433805e+01,1.127646981858188838e+03,1.127646981858188902e+01
3.050000000000000000e+01,3.035435865673983002e+01,2.270043586567398108e+02,-4.614564134326016642e+01,1.110958832379882551e+03,1.110958832379882466e+01
3.060000000000000142e+01,3.045340436104648063e+01,2.271034043610464437e+02,-4.604659563895353358e+01,1.094525281879617296e+03,1.094525281879617218e+01
3.069999999999999929e+01,3.055244696410125727e+01,2.272024469641012274e+02,-4.594755303589874984e+01,1.078342330062473820e+03,1.078342330062473842e+01
3.080000000000000071e+01,3.065148646604982474e+01,2.273014864660497949e+02,-4.584851353395018236e+01,1.062406041305403278e+03,1.062406041305403193e+01
3.089999999999999858e+01,3.075052286703781945e+01,2.274005228670378074e+02,-4.574947713296216989e+01,1.046712543582349554e+03,1.046712543582349575e+01
3.100000000000000000e+01,3.084955616721088489e+01,2.274995561672108693e+02,-4.565044383278910800e+01,1.031258027407731106e+03,1.031258027407731070e+01
3.110000000000000142e+01,3.094858636671464325e+01,2.275985863667146134e+02,-4.555141363328536386e+01,1.016038744797973663e+03,1.016038744797973692e+01
3.119999999999999929e+01,3.104761346569471314e+01,2.276976134656947011e+02,-4.545238653430527620e+01,1.001051008250726682e+03,1.001051008250726682e+01
3.130000000000000071e+01,3.114663746429670610e+01,2.277966374642966798e+02,-4.535336253570329745e+01,9.862911897415342537e+02,9.862911897415342466e+00
3.139999999999999858e+01,3.124565836266621943e+01,2.278956583626661825e+02,-4.525434163733379478e+01,9.717557197374967473e+02,9.717557197374967259e+00
3.150000000000000000e+01,3.134467616094883979e+01,2.279946761609488135e+02,-4.515532383905116376e+01,9.574410862278813283e+02,9.574410862278813994e+00
3.160000000000000142e+01,3.144369085929015384e+01,2.280936908592901204e+02,-4.505630914070985682e+01,9.433438337711182839e+02,9.433438337711182342e+00
3.169999999999999929e+01,3.154270245783573046e+01,2.281927024578357077e+02,-4.495729754216426954e+01,9.294605625580645665e+02,9.294605625580645736e+00
3.180000000000000071e+01,3.164171095673113498e+01,2.282917109567311229e+02,-4.485828904326885436e+01,9.157879274911861103e+02,9.157879274911861600e+00
3.189999999999999858e+01,3.174071635612192210e+01,2.283907163561218852e+02,-4.475928364387809211e+01,9.023226372794249528e+02,9.023226372794249883e+00
3.200000000000000000e+01,3.183971865615362873e+01,2.284897186561535989e+02,-4.466028134384637838e+01,8.890614535484133967e+02,8.890614535484134606e+00
3.210000000000000142e+01,3.193871785697180243e+01,2.285887178569717832e+02,-4.456128214302819401e+01,8.760011899658114771e+02,8.760011899658115553e+00
3.220000000000000284e+01,3.203771395872195882e+01,2.287555990844214762e+02,-4.439440091557850110e+01,8.631394330910794679e+02,8.631394330910794110e+00
3.229999999999999716e+01,3.213670696154962059e+01,2.290327794923389320e+02,-4.411722050766104530e+01,8.504802664839323825e+02,8.504802664839324677e+00
3.239999999999999858e+01,3.223569686560029623e+01,2.293099512236807982e+02,-4.384004877631917907e+01,8.380221269643948290e+02,8.380221269643948645e+00
3.250000000000000000e+01,3.233468367101949070e+01,2.295871142788545285e+02,-4.356288572114544877e+01,8.257615793423188961e+02,8.257615793423189743e+00
3.260000000000000142e+01,3.243366737795268051e+01,2.298642686582674912e+02,-4.328573134173248604e+01,8.136952512628405429e+02,8.136952512628404577e+00
3.270000000000000284e+01,3.253264798654535639e+01,2.301414143623269695e+02,-4.300858563767300780e+01,8.018198319816866615e+02,8.018198319816866260e+00
3.279999999999999716e+01,3.263162549694298775e+01,2.304185513914403316e+02,-4.273144860855964566e+01,7.901320711657890570e+02,7.901320711657890961e+00
3.289999999999999858e+01,3.273059990929103691e+01,2.306956797460148891e+02,-4.245432025398508813e+01,7.786287777187030770e+02,7.786287777187030912e+00
3.300000000000000000e+01,3.282957122373495196e+01,2.309727994264578399e+02,-4.217720057354213736e+01,7.673068186302566573e+02,7.673068186302566929e+00
3.310000000000000142e+01,3.292853944042018810e+01,2.312499104331764954e+02,-4.190008956682348185e+01,7.561631178499034149e+02,7.561631178499034434e+00
3.320000000000000284e+01,3.302750455949217923e+01,2.315270127665780819e+02,-4.162298723342189533e+01,7.451946551832686509e+02,7.451946551832686616e+00
3.329999999999999716e+01,3.312646658109635212e+01,2.318041064270697404e+02,-4.134589357293023681e+01,7.343984652113952052e+02,7.343984652113952016e+00
3.339999999999999858e+01,3.322542550537811223e+01,2.320811914150586688e+02,-4.106880858494130848e+01,7.237716362321652923e+02,7.237716362321652497e+00
3.350000000000000000e+01,3.332438133248287215e+01,2.323582677309520363e+02,-4.079173226904794092e+01,7.133113092234434589e+02,7.133113092234435015e+00
3.360000000000000142e+01,3.342333406255604444e+01,2.326353353751568989e+02,-4.051466462484307840e+01,7.030146768274724991e+02,7.030146768274724955e+00
3.370000000000000284e+01,3.352228369574300615e+01,2.329123943480803973e+02,-4.023760565191957994e+01,6.928789823560207424e+02,6.928789823560207672e+00
3.379999999999999716e+01,3.362123023218913431e+01,2.331894446501295590e+02,-3.996055534987041824e+01,6.829015188158914498e+02,6.829015188158914285e+00
3.389999999999999858e+01,3.372017367203982019e+01,2.334664862817114681e+02,-3.968351371828850915e+01,6.730796279543033052e+02,6.730796279543032945e+00
3.400000000000000000e+01,3.381911401544040530e+01,2.337435192432331235e+02,-3.940648075676685380e+01,6.634106993237463712e+02,6.634106993237463890e+00
3.410000000000000142e+01,3.391805126253625247e+01,2.340205435351014955e+02,-3.912945646489848173e+01,6.538921693658691083e+02,6.538921693658690693e+00
3.420000000000000284e+01,3.401698541347270321e+01,2.342975591577235548e+02,-3.885244084227642247e+01,6.445215205140099215e+02,6.445215205140098824e+00
3.429999999999999716e+01,3.411591646839509906e+01,2.345745661115062717e+02,-3.857543388849370558e+01,6.352962803139469088e+02,6.352962803139469372e+00
3.439999999999999858e+01,3.421484442744876020e+01,2.348515643968565030e+02,-3.829843560314347428e+01,6.262140205625079261e+02,6.262140205625079226e+00
3.450000000000000000e+01,3.431376929077901394e+01,2.351285540141812191e+02,-3.802144598581875812e+01,6.172723564636077072e+02,6.172723564636076965e+00
3.460000000000000142e+01,3.441269105853115207e+01,2.354055349638871917e+02,-3.774446503611278558e+01,6.084689458014048569e+02,6.084689458014048924e+00
3.470000000000000284e+01,3.451160973085048056e+01,2.356825072463813342e+02,-3.746749275361864306e+01,5.998014881301376136e+02,5.998014881301376278e+00
3.479999999999999716e+01,3.461052530788229120e+01,2.359594708620703898e+02,-3.719052913792958748e+01,5.912677239803567772e+02,5.912677239803567630e+00
3.489999999999999858e+01,3.470943778977186867e+01,2.362364258113612152e+02,-3.691357418863876205e+01,5.828654340811383463e+02,5.828654340811383783e+00
3.500000000000000000e+01,3.480834717666447631e+01,2.365133720946605251e+02,-3.663662790533945213e+01,5.745924385979840281e+02,5.745924385979840565e+00
3.510000000000000142e+01,3.490725346870538459e+01,2.367903097123750626e+02,-3.635969028762491462e+01,5.664465963860512829e+02,5.664465963860513043e+00
3.520000000000000284e+01,3.500615666603983556e+01,2.370672386649115140e+02,-3.608276133508846328e+01,5.584258042583876431e+02,5.584258042583876147e+00
3.529999999999999716e+01,3.510505676881309256e+01,2.373441589526766222e+02,-3.580584104732335504e+01,5.505279962688586011e+02,5.505279962688586437e+00
3.539999999999999858e+01,3.520395377717036922e+01,2.376210705760770168e+02,-3.552892942392296050e+01,5.427511430094607476e+02,5.427511430094607903e+00
3.550000000000000000e+01,3.530284769125690048e+01,2.378979735355192986e+02,-3.525202646448067867e+01,5.350932509216914923e+02,5.350932509216915101e+00
3.560000000000000142e+01,3.540173851121791415e+01,2.381748678314101255e+02,-3.497513216858985174e+01,5.275523616217086555e+02,5.275523616217086875e+00
3.570000000000000284e+01,3.550062623719860255e+01,2.384517534641560701e+02,-3.469824653584390717e+01,5.201265512389626338e+02,5.201265512389626089e+00
3.579999999999999716e+01,3.559951086934417219e+01,2.387286304341636480e+02,-3.442136956583632923e+01,5.128139297680355639e+02,5.128139297680355924e+00
3.589999999999999858e+01,3.569839240779981537e+01,2.390054987418394603e+02,-3.414450125816051695e+01,5.056126404333965638e+02,5.056126404333965318e+00
3.600000000000000000e+01,3.579727085271070308e+01,2.392823583875899374e+02,-3.386764161241003990e+01,4.985208590668001420e+02,4.985208590668001705e+00
3.610000000000000142e+01,3.589614620422201341e+01,2.395592093718216233e+02,-3.359079062817835393e+01,4.915367934970751094e+02,4.915367934970751307e+00
3.620000000000000284e+01,3.599501846247891734e+01,2.398360516949409487e+02,-3.331394830505902860e+01,4.846586829520279593e+02,4.846586829520279416e+00
3.629999999999999716e+01,3.609388762762655745e+01,2.401128853573543438e+02,-3.303711464264563347e+01,4.778847974722111189e+02,4.778847974722110870e+00
3.639999999999999858e+01,3.619275369981007628e+01,2.403897103594681823e+02,-3.276028964053179493e+01,4.712134373363148825e+02,4.712134373363149109e+00
3.650000000000000000e+01,3.629161667917462353e+01,2.406665267016889231e+02,-3.248347329831105412e+01,4.646429324979250737e+02,4.646429324979250985e+00
3.660000000000000142e+01,3.639047656586530621e+01,2.409433343844228261e+02,-3.220666561557715113e+01,4.581716420334241207e+02,4.581716420334241313e+00
3.670000000000000284e+01,3.648933336002725270e+01,2.412201334080762933e+02,-3.192986659192368393e+01,4.517979536007869115e+02,4.517979536007868724e+00
3.679999999999999716e+01,3.658818706180557001e+01,2.414969237730555847e+02,-3.165307622694439260e+01,4.455202829090584942e+02,4.455202829090584515e+00
3.689999999999999858e+01,3.668703767134535809e+01,2.417737054797669884e+02,-3.137629452023298882e+01,4.393370731982817006e+02,4.393370731982816579e+00
3.700000000000000000e+01,3.678588518879170266e+01,2.420504785286167362e+02,-3.109952147138324108e+01,4.332467947296559032e+02,4.332467947296558819e+00
3.710000000000000142e+01,3.688472961428969654e+01,2.423272429200111162e+02,-3.082275707998886105e+01,4.272479442857203935e+02,4.272479442857203935e+00
3.720000000000000284e+01,3.698357094798439704e+01,2.426039986543562748e+02,-3.054600134564370251e+01,4.213390446803531972e+02,4.213390446803532363e+00
3.729999999999999716e+01,3.708240919002087566e+01,2.428807457320584149e+02,-3.026925426794156238e+01,4.155186442783728467e+02,4.155186442783728396e+00
3.739999999999999858e+01,3.718124434054418259e+01,2.431574841535236828e+02,-2.999251584647629443e+01,4.097853165245561513e+02,4.097853165245561868e+00
3.750000000000000000e+01,3.728007639969935383e+01,2.434342139191581680e+02,-2.971578608084180928e+01,4.041376594818705712e+02,4.041376594818705925e+00
3.760000000000000142e+01,3.737890536763144667e+01,2.437109350293680166e+02,-2.943906497063196070e+01,3.985742953787215015e+02,3.985742953787215104e+00
3.770000000000000284e+01,3.747773124448546866e+01,2.439876474845592895e+02,-2.916235251544068774e+01,3.930938701650524081e+02,3.930938701650524170e+00
3.779999999999999716e+01,3.757655403040644160e+01,2.442643512851380194e+02,-2.888564871486195784e+01,3.876950530770906198e+02,3.876950530770906234e+00
3.789999999999999858e+01,3.767537372553938013e+01,2.445410464315102388e+02,-2.860895356848973847e+01,3.823765362105705208e+02,3.823765362105705279e+00
3.800000000000000000e+01,3.777419033002927762e+01,2.448177329240819518e+02,-2.833226707591802551e+01,3.771370341022612251e+02,3.771370341022612038e+00
3.810000000000000142e+01,3.787300384402112741e+01,2.450944107632591340e+02,-2.805558923674084326e+01,3.719752833196246229e+02,3.719752833196246389e+00
3.820000000000000284e+01,3.797181426765990864e+01,2.453710799494477328e+02,-2.777892005055224445e+01,3.668900420584397466e+02,3.668900420584397359e+00
3.829999999999999716e+01,3.807062160109059334e+01,2.456477404830536386e+02,-2.750225951694633864e+01,3.618800897482246341e+02,3.618800897482246537e+00
3.839999999999999858e+01,3.816942584445813935e+01,2.459243923644827703e+02,-2.722560763551720697e+01,3.569442266652999933e+02,3.569442266653000129e+00
3.850000000000000000e+01,3.826822699790751159e+01,2.462010355941410182e+02,-2.694896440585895903e+01,3.520812735533384625e+02,3.520812735533384696e+00
3.860000000000000142e+01,3.836702506158365367e+01,2.464776701724342161e+02,-2.667232982756576121e+01,3.472900712512453651e+02,3.472900712512453580e+00
3.870000000000000284e+01,3.846582003563149499e+01,2.467542960997681689e+02,-2.639570390023180835e+01,3.425694803282186172e+02,3.425694803282186118e+00
3.879999999999999716e+01,3.856461192019595785e+01,2.470309133765486536e+02,-2.611908662345132370e+01,3.379183807258443153e+02,3.379183807258443029e+00
3.889999999999999858e+01,3.866340071542197165e+01,2.473075220031815036e+02,-2.584247799681847368e+01,3.333356714070848170e+02,3.333356714070847993e+00
3.900000000000000000e+01,3.876218642145443738e+01,2.475841219800724105e+02,-2.556587801992756681e+01,3.288202700120164081e+02,3.288202700120164135e+00
3.910000000000000142e+01,3.886096903843826311e+01,2.478607133076271225e+02,-2.528928669237285476e+01,3.243711125201807590e+02,3.243711125201807377e+00
3.920000000000000284e+01,3.895974856651833562e+01,2.481372959862513028e+02,-2.501270401374867447e+01,3.199871529194191453e+02,3.199871529194191488e+00
3.929999999999999716e+01,3.905852500583952747e+01,2.484138700163506428e+02,-2.473612998364933446e+01,3.156673628810461310e+02,3.156673628810461096e+00
3.939999999999999858e+01,3.915729835654672542e+01,2.486904353983308056e+02,-2.445956460166917168e+01,3.114107314412531764e+02,3.114107314412531746e+00
3.950000000000000000e+01,3.925606861878477361e+01,2.489669921325973405e+02,-2.418300786740263675e+01,3.072162646885946060e+02,3.072162646885946202e+00
3.960000000000000142e+01,3.935483579269853749e+01,2.492435402195558822e+02,-2.390645978044409503e+01,3.030829854574537308e+02,3.030829854574537130e+00
3.970000000000000284e+01,3.945359987843286831e+01,2.495200796596120085e+02,-2.362992034038796874e+01,2.990099330273485521e+02,2.990099330273485734e+00
3.979999999999999716e+01,3.955236087613260310e+01,2.497966104531712688e+02,-2.335338954682870849e+01,2.949961628279748993e+02,2.949961628279749171e+00
3.989999999999999858e+01,3.965111878594255757e+01,2.500731326006391271e+02,-2.307686739936085019e+01,2.910407461498663793e+02,2.910407461498663917e+00
4.000000000000000000e+01,3.974987360800754743e+01,2.503496461024211044e+02,-2.280035389757887287e+01,2.871427698605487535e+02,2.871427698605487411e+00
4.010000000000000142e+01,3.984862534247238841e+01,2.506261509589226648e+02,-2.252384904107731245e+01,2.833013361260944976e+02,2.833013361260944940e+00
4.020000000000000284e+01,3.994737398948188911e+01,2.509026471705492440e+02,-2.224735282945073322e+01,2.795155621379598188e+02,2.795155621379598276e+00
4.029999999999999716e+01,4.004611954918082262e+01,2.511791347377062777e+02,-2.197086526229369952e+01,2.757845798449907875e+02,2.757845798449908070e+00
4.039999999999999858e+01,4.014486202171399043e+01,2.514556136607991448e+02,-2.169438633920083248e+01,2.721075356905160447e+02,2.721075356905160447e+00
4.050000000000000000e+01,4.024360140722614432e+01,2.517320839402331956e+02,-2.141791605976678170e+01,2.684835903544019970e+02,2.684835903544020130e+00
4.060000000000000142e+01,4.034233770586207157e+01,2.520085455764137805e+02,-2.114145442358619675e+01,2.649119184999844379e+02,2.649119184999844556e+00
4.070000000000000284e+01,4.044107091776650265e+01,2.522849985697461932e+02,-2.086500143025378406e+01,2.613917085257726285e+02,2.613917085257726480e+00
4.079999999999999716e+01,4.053980104308419641e+01,2.525614429206357272e+02,-2.058855707936425006e+01,2.579221623218400623e+02,2.579221623218400428e+00
4.089999999999999858e+01,4.063852808195989041e+01,2.528378786294876761e+02,-2.031212137051230116e+01,2.545024950307907545e+02,2.545024950307907652e+00
4.100000000000000000e+01,4.073725203453830801e+01,2.531143056967072482e+02,-2.003569430329272905e+01,2.511319348132325615e+02,2.511319348132325491e+00
4.110000000000000142e+01,4.083597290096416543e+01,2.533907241226996518e+02,-1.975927587730032542e+01,2.478097226176497827e+02,2.478097226176497969e+00
4.120000000000000284e+01,4.093469068138217892e+01,2.536671339078700669e+02,-1.948286609212991038e+01,2.445351119545927645e+02,2.445351119545927432e+00
4.129999999999999716e+01,4.103340537593704340e+01,2.539435350526237016e+02,-1.920646494737627563e+01,2.413073686751057210e+02,2.413073686751057156e+00
4.139999999999999858e+01,4.113211698477344669e+01,2.542199275573656223e+02,-1.893007244263435496e+01,2.381257707532992924e+02,2.381257707532992818e+00
4.150000000000000000e+01,4.123082550803608370e+01,2.544963114225010088e+02,-1.865368857749896847e+01,2.349896080729889150e+02,2.349896080729889203e+00
4.160000000000000142e+01,4.132953094586961384e+01,2.547726866484348989e+02,-1.837731335156507839e+01,2.318981822183241945e+02,2.318981822183241892e+00
4.170000000000000284e+01,4.142823329841871782e+01,2.550490532355723872e+02,-1.810094676442759010e+01,2.288508062683188200e+02,2.288508062683188182e+00
4.179999999999999716e+01,4.152693256582802661e+01,2.553254111843184546e+02,-1.782458881568152265e+01,2.258468045952165539e+02,2.258468045952165326e+00
4.189999999999999858e+01,4.162562874824221382e+01,2.556017604950781674e+02,-1.754823950492180984e+01,2.228855126666068998e+02,2.228855126666068998e+00
4.200000000000000000e+01,4.172432184580588910e+01,2.558781011682564781e+02,-1.727189883174349916e+01,2.199662768512274624e+02,2.199662768512274713e+00
4.210000000000000142e+01,4.182301185866370474e+01,2.561544332042583392e+02,-1.699556679574163809e+01,2.170884542283675671e+02,2.170884542283675778e+00
4.220000000000000284e+01,4.192169878696027041e+01,2.564307566034887031e+02,-1.671924339651127411e+01,2.142514124008149849e+02,2.142514124008149778e+00
4.229999999999999716e+01,4.202038263084018865e+01,2.567070713663525225e+02,-1.644292863364745472e+01,2.114545293112662137e+02,2.114545293112662261e+00
4.239999999999999858e+01,4.211906339044806913e+01,2.569833774932545793e+02,-1.616662250674539791e+01,2.086971930621417357e+02,2.086971930621417393e+00
4.250000000000000000e+01,4.221774106592850018e+01,2.572596749845997692e+02,-1.589032501540020803e+01,2.059788017387285493e+02,2.059788017387285564e+00
4.260000000000000142e+01,4.231641565742606304e+01,2.575359638407929310e+02,-1.561403615920704624e+01,2.032987632355957999e+02,2.032987632355958141e+00
4.270000000000000284e+01,4.241508716508533894e+01,2.578122440622389036e+02,-1.533775593776107371e+01,2.006564950862106116e+02,2.006564950862105956e+00
4.279999999999999716e+01,4.251375558905088070e+01,2.580885156493424688e+02,-1.506148435065750846e+01,1.980514242956998316e+02,1.980514242956998405e+00
4.289999999999999858e+01,4.261242092946725535e+01,2.583647786025082951e+02,-1.478522139749168218e+01,1.954829871766889937e+02,1.954829871766889937e+00
4.300000000000000000e+01,4.271108318647900859e+01,2.586410329221412212e+02,-1.450896707785875606e+01,1.929506291881602920e+02,1.929506291881602831e+00
4.310000000000000142e+01,4.280974236023066481e+01,2.589172786086458586e+02,-1.423272139135411862e+01,1.904538047772786911e+02,1.904538047772786902e+00
4.320000000000000284e+01,4.290839845086676974e+01,2.591935156624269325e+02,-1.395648433757304474e+01,1.879919772241117641e+02,1.879919772241117615e+00
4.329999999999999716e+01,4.300705145853183353e+01,2.594697440838891112e+02,-1.368025591611086611e+01,1.855646184892079589e+02,1.855646184892079553e+00
4.339999999999999858e+01,4.310570138337036639e+01,2.597459638734370060e+02,-1.340403612656297128e+01,1.831712090639599353e+02,1.831712090639599388e+00
4.350000000000000000e+01,4.320434822552687848e+01,2.600221750314752285e+02,-1.312782496852474878e+01,1.808112378237073017e+02,1.808112378237072937e+00
4.360000000000000142e+01,4.330299198514584447e+01,2.602983775584083332e+02,-1.285162244159164402e+01,1.784842018835282715e+02,1.784842018835282706e+00
4.370000000000000284e+01,4.340163266237176742e+01,2.605745714546409317e+02,-1.257542854535904553e+01,1.761896064566588223e+02,1.761896064566588205e+00
4.379999999999999716e+01,4.350027025734912201e+01,2.608507567205775217e+02,-1.229924327942245554e+01,1.739269647155000484e+02,1.739269647155000431e+00
4.389999999999999858e+01,4.359890477022234734e+01,2.611269333566225441e+02,-1.202306664337743314e+01,1.716957976551540526e+02,1.716957976551540588e+00
4.400000000000000000e+01,4.369753620113592518e+01,2.614031013631805536e+02,-1.174689863681942370e+01,1.694956339594450014e+02,1.694956339594450023e+00
4.410000000000000142e+01,4.379616455023429467e+01,2.616792607406559910e+02,-1.147073925934398630e+01,1.673260098693766906e+02,1.673260098693766906e+00
4.420000000000000284e+01,4.389478981766189492e+01,2.619554114894532972e+02,-1.119458851054668003e+01,1.651864690539777598e+02,1.651864690539777580e+00
4.429999999999999716e+01,4.399341200356315795e+01,2.622315536099767996e+02,-1.091844639002317763e+01,1.630765624834930918e+02,1.630765624834930927e+00
4.439999999999999858e+01,4.409203110808249448e+01,2.625076871026309391e+02,-1.064231289736903818e+01,1.609958483048683320e+02,1.609958483048683275e+00
4.450000000000000000e+01,4.419064713136432943e+01,2.627838119678200997e+02,-1.036618803217987761e+01,1.589438917194941610e+02,1.589438917194941681e+00
4.460000000000000142e+01,4.428926007355305217e+01,2.630599282059484949e+02,-1.009007179405148236e+01,1.569202648631589625e+02,1.569202648631589536e+00
4.470000000000000284e+01,4.438786993479305920e+01,2.633360358174205658e+02,-9.813964182579411499e+00,1.549245466881678510e+02,1.549245466881678412e+00
4.479999999999999716e+01,4.448647671522874703e+01,2.636121348026404689e+02,-9.537865197359508329e+00,1.529563228475952599e+02,1.529563228475952608e+00
4.489999999999999858e+01,4.458508041500446950e+01,2.638882251620124748e+02,-9.261774837987502451e+00,1.510151855816166631e+02,1.510151855816166622e+00
4.500000000000000000e+01,4.468368103426460891e+01,2.641643068959408538e+02,-8.985693104059123471e+00,1.491007336058929695e+02,1.491007336058929766e+00
4.510000000000000142e+01,4.478227857315351201e+01,2.644403800048298194e+02,-8.709619995170157836e+00,1.472125720019604387e+02,1.472125720019604289e+00
4.520000000000000284e+01,4.488087303181553267e+01,2.647164444890834716e+02,-8.433555510916505682e+00,1.453503121095903339e+02,1.453503121095903294e+00
4.529999999999999716e+01,4.497946441039501764e+01,2.649925003491060238e+02,-8.157499650893953458e+00,1.435135714210803428e+02,1.435135714210803437e+00
4.539999999999999858e+01,4.507805270903628525e+01,2.652685475853015760e+02,-7.881452414698401299e+00,1.417019734774428628e+02,1.417019734774428663e+00
4.550000000000000000e+01,4.517663792788366095e+01,2.655445861980742279e+02,-7.605413801925749340e+00,1.399151477664517245e+02,1.399151477664517307e+00
4.560000000000000142e+01,4.527522006708144886e+01,2.658206161878280227e+02,-7.329383812171954560e+00,1.381527296225150110e+02,1.381527296225150137e+00
4.570000000000000284e+01,4.537379912677396021e+01,2.660966375549670602e+02,-7.053362445032917094e+00,1.364143601283332998e+02,1.364143601283333007e+00
4.579999999999999716e+01,4.547237510710549202e+01,2.663726502998953833e+02,-6.777349700104593921e+00,1.346996860183193121e+02,1.346996860183193201e+00
4.589999999999999858e+01,4.557094800822031999e+01,2.666486544230168647e+02,-6.501345576983112551e+00,1.330083595837390362e+02,1.330083595837390442e+00
4.600000000000000000e+01,4.566951783026273404e+01,2.669246499247356041e+02,-6.225350075264373118e+00,1.313400385795379748e+02,1.313400385795379766e+00
4.610000000000000142e+01,4.576808457337698144e+01,2.672006368054555310e+02,-5.949363194544446287e+00,1.296943861328333298e+02,1.296943861328333281e+00
4.620000000000000284e+01,4.586664823770733790e+01,2.674766150655805177e+02,-5.673384934419459569e+00,1.280710706530288121e+02,1.280710706530288068e+00
4.629999999999999716e+01,4.596520882339803649e+01,2.677525847055144936e+02,-5.397415294485483628e+00,1.264697657435267359e+02,1.264697657435267297e+00
4.639999999999999858e+01,4.606376633059333159e+01,2.680285457256612744e+02,-5.121454274338702817e+00,1.248901501150080264e+02,1.248901501150080362e+00
4.650000000000000000e+01,4.616232075943744917e+01,2.683044981264248463e+02,-4.845501873575130958e+00,1.233319075002460039e+02,1.233319075002460075e+00
4.660000000000000142e+01,4.626087211007460098e+01,2.685804419082088543e+02,-4.569558091791122934e+00,1.217947265704357704e+02,1.217947265704357740e+00
4.670000000000000284e+01,4.635942038264902010e+01,2.688563770714172279e+02,-4.293622928582749410e+00,1.202783008529928424e+02,1.202783008529928477e+00
4.679999999999999716e+01,4.645796557730489695e+01,2.691323036164536688e+02,-4.017696383546308425e+00,1.187823286508151881e+02,1.187823286508151943e+00
4.689999999999999858e+01,4.655650769418642199e+01,2.694082215437219929e+02,-3.741778456277984333e+00,1.173065129629628416e+02,1.173065129629628389e+00
4.700000000000000000e+01,4.665504673343779274e+01,2.696841308536257884e+02,-3.465869146374188858e+00,1.158505614067406100e+02,1.158505614067406153e+00
4.710000000000000142e+01,4.675358269520317833e+01,2.699600315465688709e+02,-3.189968453431106354e+00,1.144141861411487611e+02,1.144141861411487548e+00
4.720000000000000284e+01,4.685211557962674789e+01,2.702359236229548856e+02,-2.914076377045091704e+00,1.129971037916866123e+02,1.129971037916866150e+00
4.729999999999999716e+01,4.695064538685266342e+01,2.705118070831874206e+02,-2.638192916812556632e+00,1.115990353764736653e+02,1.115990353764736653e+00
4.739999999999999858e+01,4.704917211702507274e+01,2.706499999999999773e+02,-2.500000000000000000e+00,1.102195322853560384e+02,1.102195322853560366e+00
4.750000000000000000e+01,4.714769577028811653e+01,2.706499999999999773e+02,-2.500000000000000000e+00,1.088572970429822959e+02,1.088572970429823039e+00
4.760000000000000142e+01,4.724621634678592841e+01,2.706499999999999773e+02,-2.500000000000000000e+00,1.075119398163457305e+02,1.075119398163457252e+00
4.770000000000000284e+01,4.734473384666262774e+01,2.706499999999999773e+02,-2.500000000000000000e+00,1.061832509711511818e+02,1.061832509711511774e+00
4.779999999999999716e+01,4.744324827006232681e+01,2.706499999999999773e+02,-2.500000000000000000e+00,1.048710234832861374e+02,1.048710234832861410e+00
4.789999999999999858e+01,4.754175961712913789e+01,2.706499999999999773e+02,-2.500000000000000000e+00,1.035750529062417229e+02,1.035750529062417158e+00
4.800000000000000000e+01,4.764026788800714485e+01,2.706499999999999773e+02,-2.500000000000000000e+00,1.022951373389405205e+02,1.022951373389405116e+00
4.810000000000000142e+01,4.773877308284045284e+01,2.706499999999999773e+02,-2.500000000000000000e+00,1.010310773939674078e+02,1.010310773939674167e+00
4.820000000000000284e+01,4.783727520177312442e+01,2.706499999999999773e+02,-2.500000000000000000e+00,9.978267616619807256e+01,9.978267616619806990e-01
4.829999999999999716e+01,4.793577424494922923e+01,2.706499999999999773e+02,-2.500000000000000000e+00,9.854973920181951996e+01,9.854973920181951952e-01
4.839999999999999858e+01,4.803427021251283691e+01,2.706499999999999773e+02,-2.500000000000000000e+00,9.733207446773818106e+01,9.733207446773818328e-01
4.850000000000000000e+01,4.813276310460798868e+01,2.706499999999999773e+02,-2.500000000000000000e+00,9.612949232137127353e+01,9.612949232137126820e-01
4.860000000000000142e+01,4.823125292137873288e+01,2.706499999999999773e+02,-2.500000000000000000e+00,9.494180548081568816e+01,9.494180548081568860e-01
4.870000000000000284e+01,4.832973966296908941e+01,2.706499999999999773e+02,-2.500000000000000000e+00,9.376882899538985328e+01,9.376882899538985239e-01
4.879999999999999716e+01,4.842822332952310660e+01,2.706499999999999773e+02,-2.500000000000000000e+00,9.261038021654420049e+01,9.261038021654419694e-01
4.889999999999999858e+01,4.852670392118477594e+01,2.706499999999999773e+02,-2.500000000000000000e+00,9.146627876913619559e+01,9.146627876913620003e-01
4.900000000000000000e+01,4.862518143809811733e+01,2.706499999999999773e+02,-2.500000000000000000e+00,9.033634652306336932e+01,9.033634652306337109e-01
4.910000000000000142e+01,4.872365588040711515e+01,2.706499999999999773e+02,-2.500000000000000000e+00,8.922040756525254324e+01,8.922040756525254634e-01
4.920000000000000284e+01,4.882212724825576800e+01,2.706499999999999773e+02,-2.500000000000000000e+00,8.811828817199824471e+01,8.811828817199824915e-01
4.929999999999999716e+01,4.892059554178804603e+01,2.706499999999999773e+02,-2.500000000000000000e+00,8.702981678164779566e+01,8.702981678164779522e-01
4.939999999999999858e+01,4.901906076114792654e+01,2.706499999999999773e+02,-2.500000000000000000e+00,8.595482396762767507e+01,8.595482396762768040e-01
4.950000000000000000e+01,4.911752290647937258e+01,2.706499999999999773e+02,-2.500000000000000000e+00,8.489314241180753129e+01,8.489314241180753173e-01
4.960000000000000142e+01,4.921598197792633300e+01,2.706499999999999773e+02,-2.500000000000000000e+00,8.384460687819702684e+01,8.384460687819702551e-01
4.970000000000000284e+01,4.931443797563274956e+01,2.706499999999999773e+02,-2.500000000000000000e+00,8.280905418697182085e+01,8.280905418697181997e-01
4.979999999999999716e+01,4.941289089974254267e+01,2.706499999999999773e+02,-2.500000000000000000e+00,8.178632318882405627e+01,8.178632318882406160e-01
4.989999999999999858e+01,4.951134075039966120e+01,2.706499999999999773e+02,-2.500000000000000000e+00,8.077625473963388458e+01,8.077625473963387925e-01
5.000000000000000000e+01,4.960978752774801137e+01,2.706499999999999773e+02,-2.500000000000000000e+00,7.977869167545775042e+01,7.977869167545774687e-01
5.010000000000000142e+01,4.970823123193149229e+01,2.706499999999999773e+02,-2.500000000000000000e+00,7.879347878782918713e+01,7.879347878782918535e-01
5.020000000000000284e+01,4.980667186309401728e+01,2.706499999999999773e+02,-2.500000000000000000e+00,7.782046279936842836e+01,7.782046279936842836e-01
5.029999999999999716e+01,4.990510942137945705e+01,2.706499999999999773e+02,-2.500000000000000000e+00,7.685949233969735417e+01,7.685949233969735506e-01
5.039999999999999858e+01,5.000354390693171069e+01,2.706499999999999773e+02,-2.500000000000000000e+00,7.591041792165506763e+01,7.591041792165507118e-01
5.050000000000000000e+01,5.010197531989463471e+01,2.706499999999999773e+02,-2.500000000000000000e+00,7.497309191781127424e+01,7.497309191781127424e-01
5.060000000000000142e+01,5.020040366041209268e+01,2.706499999999999773e+02,-2.500000000000000000e+00,7.404736853727308699e+01,7.404736853727308388e-01
5.070000000000000284e+01,5.029882892862794819e+01,2.706499999999999773e+02,-2.500000000000000000e+00,7.313310380278153389e+01,7.313310380278152945e-01
5.079999999999999716e+01,5.039725112468603641e+01,2.706499999999999773e+02,-2.500000000000000000e+00,7.223015552809501116e+01,7.223015552809500806e-01
5.089999999999999858e+01,5.049567024873019250e+01,2.706499999999999773e+02,-2.500000000000000000e+00,7.133838329565502079e+01,7.133838329565501679e-01
5.100000000000000000e+01,5.059408630090424452e+01,2.706499999999999773e+02,-2.500000000000000000e+00,7.045764843453108028e+01,7.045764843453108384e-01
5.110000000000000142e+01,5.069249928135201344e+01,2.706499999999999773e+02,-2.500000000000000000e+00,6.958781399864136574e+01,6.958781399864136796e-01
5.120000000000000284e+01,5.079090919021729889e+01,2.706499999999999773e+02,-2.500000000000000000e+00,6.872874474524604693e+01,6.872874474524605093e-01
5.129999999999999716e+01,5.088931602764390760e+01,2.706499999999999773e+02,-2.500000000000000000e+00,6.788030711370861070e+01,6.788030711370861559e-01
5.139999999999999858e+01,5.098771979377562502e+01,2.706499999999999773e+02,-2.500000000000000000e+00,6.704236920452338211e+01,6.704236920452337767e-01
5.150000000000000000e+01,5.108612048875624367e+01,2.704088626314825206e+02,-2.741137368517456707e+00,6.621447991321346649e+01,6.621447991321346427e-01
5.160000000000000142e+01,5.118451811272951346e+01,2.701333492843573367e+02,-3.016650715642640534e+00,6.539601748327054054e+01,6.539601748327054098e-01
5.170000000000000284e+01,5.128291266583921981e+01,2.698578445356501447e+02,-3.292155464349832528e+00,6.458687725283240866e+01,6.458687725283240866e-01
5.179999999999999716e+01,5.138130414822909842e+01,2.695823483849584932e+02,-3.567651615041484092e+00,6.378696208669874324e+01,6.378696208669873968e-01
5.189999999999999858e+01,5.147969256004291339e+01,2.693068608318798169e+02,-3.843139168120160321e+00,6.299617576771175465e+01,6.299617576771175953e-01
5.200000000000000000e+01,5.157807790142439330e+01,2.690313818760116646e+02,-4.118618123988312618e+00,6.221442298896661782e+01,6.221442298896662226e-01
5.210000000000000142e+01,5.167646017251725965e+01,2.687559115169516417e+02,-4.394088483048335547e+00,6.144160934608042623e+01,6.144160934608042801e-01
5.220000000000000284e+01,5.177483937346523390e+01,2.684804497542972967e+02,-4.669550245702680513e+00,6.067764132951862166e+01,6.067764132951861678e-01
5.229999999999999716e+01,5.187321550441203044e+01,2.682049965876462920e+02,-4.945003412353685235e+00,5.992242631698079691e+01,5.992242631698079247e-01
5.239999999999999858e+01,5.197158856550134942e+01,2.679295520165961761e+02,-5.220447983403801118e+00,5.917587256584187116e+01,5.917587256584186939e-01
5.250000000000000000e+01,5.206995855687687680e+01,2.676541160407447251e+02,-5.495883959255252194e+00,5.843788920565290823e+01,5.843788920565290423e-01
5.260000000000000142e+01,5.216832547868229142e+01,2.673786886596895442e+02,-5.771311340310433025e+00,5.770838623069574425e+01,5.770838623069574069e-01
5.270000000000000284e+01,5.226668933106127923e+01,2.671032698730284096e+02,-6.046730126971567643e+00,5.698727449259688171e+01,5.698727449259688438e-01
5.279999999999999716e+01,5.236505011415749067e+01,2.668278596803589835e+02,-6.322140319640993766e+00,5.627446569299456769e+01,5.627446569299456858e-01
5.289999999999999858e+01,5.246340782811459746e+01,2.665524580812790987e+02,-6.597541918720878584e+00,5.556987237626371723e+01,5.556987237626371812e-01
5.300000000000000000e+01,5.256176247307624294e+01,2.662770650753865311e+02,-6.872934924613446128e+00,5.487340792229484521e+01,5.487340792229484787e-01
5.310000000000000142e+01,5.266011404918604910e+01,2.660016806622790568e+02,-7.148319337720920430e+00,5.418498653932783782e+01,5.418498653932783959e-01
5.320000000000000284e+01,5.275846255658766637e+01,2.657263048415545086e+02,-7.423695158445468678e+00,5.350452325684088350e+01,5.350452325684088573e-01
5.329999999999999716e+01,5.285680799542469543e+01,2.654509376128108329e+02,-7.699062387189144374e+00,5.283193391849328435e+01,5.283193391849327902e-01
5.339999999999999858e+01,5.295515036584075830e+01,2.651755789756458626e+02,-7.974421024354114707e+00,5.216713517512126685e+01,5.216713517512127085e-01
5.350000000000000000e+01,5.305348966797945565e+01,2.649002289296574872e+02,-8.249771070342490020e+00,5.151004447778822737e+01,5.151004447778823048e-01
5.360000000000000142e+01,5.315182590198438106e+01,2.646248874744437103e+02,-8.525112525556266974e+00,5.086058007088799116e+01,5.086058007088799515e-01
5.370000000000000284e+01,5.325015906799911392e+01,2.643495546096024782e+02,-8.800445390397499068e+00,5.021866098529969946e+01,5.021866098529970124e-01
5.379999999999999716e+01,5.334848916616722647e+01,2.640742303347317375e+02,-9.075769665268239805e+00,4.958420703159610810e+01,4.958420703159610587e-01
5.389999999999999858e+01,5.344681619663230521e+01,2.637989146494295483e+02,-9.351085350570429000e+00,4.895713879330389062e+01,4.895713879330388929e-01
5.400000000000000000e+01,5.354514015953787975e+01,2.635236075532939140e+02,-9.626392446706063311e+00,4.833737762021453221e+01,4.833737762021453332e-01
5.410000000000000142e+01,5.364346105502750817e+01,2.632483090459229516e+02,-9.901690954077025708e+00,4.772484562174807365e+01,4.772484562174807432e-01
5.420000000000000284e+01,5.374177888324474139e+01,2.629730191269147213e+02,-1.017698087308525601e+01,4.711946566036616701e+01,4.711946566036616657e-01
5.429999999999999716e+01,5.384009364433309486e+01,2.626977377958673401e+02,-1.045226220413263718e+01,4.652116134503719280e+01,4.652116134503719302e-01
5.439999999999999858e+01,5.393840533843609819e+01,2.624224650523789251e+02,-1.072753494762105220e+01,4.592985702475079535e+01,4.592985702475079757e-01
5.450000000000000000e+01,5.403671396569725971e+01,2.621472008960476501e+02,-1.100279910395232719e+01,4.534547778208258961e+01,4.534547778208258828e-01
5.460000000000000142e+01,5.413501952626008062e+01,2.618719453264717458e+02,-1.127805467352823143e+01,4.476794942680876233e+01,4.476794942680876188e-01
5.470000000000000284e+01,5.423332202026806215e+01,2.615966983432493862e+02,-1.155330165675059106e+01,4.419719848956927422e+01,4.419719848956927266e-01
5.479999999999999716e+01,5.433162144786468417e+01,2.613214599459788587e+02,-1.182854005402111852e+01,4.363315221558089263e+01,4.363315221558089485e-01
5.489999999999999858e+01,5.442991780919342659e+01,2.610462301342583942e+02,-1.210376986574158309e+01,4.307573855839780919e+01,4.307573855839780808e-01
5.500000000000000000e+01,5.452821110439775509e+01,2.607710089076862801e+02,-1.237899109231369721e+01,4.252488617372154067e+01,4.252488617372154334e-01
5.510000000000000142e+01,5.462650133362113536e+01,2.604957962658608039e+02,-1.265420373413917332e+01,4.198052441325818052e+01,4.198052441325818007e-01
5.520000000000000284e+01,5.472478849700699755e+01,2.602205922083803671e+02,-1.292940779161961018e+01,4.144258331862369005e+01,4.144258331862368805e-01
5.529999999999999716e+01,5.482307259469880734e+01,2.599453967348433139e+02,-1.320460326515666338e+01,4.091099361529586531e+01,4.091099361529586531e-01
5.539999999999999858e+01,5.492135362683997357e+01,2.596702098448480456e+02,-1.347979015515193169e+01,4.038568670661381788e+01,4.038568670661381588e-01
5.550000000000000000e+01,5.501963159357394062e+01,2.593950315379929634e+02,-1.375496846200701384e+01,3.986659466782419514e+01,3.986659466782419559e-01
5.560000000000000142e+01,5.511790649504411022e+01,2.591198618138764687e+02,-1.403013818612350860e+01,3.935365024017336566e+01,3.935365024017336566e-01
5.570000000000000284e+01,5.521617833139387699e+01,2.588447006720971331e+02,-1.430529932790284420e+01,3.884678682504618052e+01,3.884678682504618119e-01
5.579999999999999716e+01,5.531444710276665688e+01,2.585695481122533579e+02,-1.458045188774661938e+01,3.834593847814942791e+01,3.834593847814942724e-01
5.589999999999999858e+01,5.541271280930583742e+01,2.582944041339436581e+02,-1.485559586605631921e+01,3.785103990374214789e+01,3.785103990374214522e-01
5.600000000000000000e+01,5.551097545115477061e+01,2.580192687367666053e+02,-1.513073126323337192e+01,3.736202644891009328e+01,3.736202644891009061e-01
5.610000000000000142e+01,5.560923502845685107e+01,2.577441419203207715e+02,-1.540585807967920573e+01,3.687883409788494760e+01,3.687883409788494937e-01
5.620000000000000284e+01,5.570749154135543080e+01,2.574690236842047852e+02,-1.568097631579519202e+01,3.640139946640872637e+01,3.640139946640872370e-01
5.629999999999999716e+01,5.580574498999386890e+01,2.571939140280171614e+02,-1.595608597198281586e+01,3.592965979614130134e+01,3.592965979614130001e-01
5.639999999999999858e+01,5.590399537451548184e+01,2.569188129513566423e+02,-1.623118704864333495e+01,3.546355294911340650e+01,3.546355294911340827e-01
5.650000000000000000e+01,5.600224269506363584e+01,2.566437204538217998e+02,-1.650627954617817750e+01,3.500301740222122504e+01,3.500301740222122593e-01
5.660000000000000142e+01,5.610048695178164024e+01,2.563686365350113761e+02,-1.678136346498860121e+01,3.454799224176614558e+01,3.454799224176614558e-01
5.670000000000000284e+01,5.619872814481280443e+01,2.560935611945241135e+02,-1.705643880547586377e+01,3.409841715803641193e+01,3.409841715803640927e-01
5.679999999999999716e+01,5.629696627430044487e+01,2.558184944319587260e+02,-1.733150556804125131e+01,3.365423243993147651e+01,3.365423243993147517e-01
5.689999999999999858e+01,5.639520134038784960e+01,2.555434362469139842e+02,-1.760656375308599308e+01,3.321537896962932734e+01,3.321537896962932779e-01
5.700000000000000000e+01,5.649343334321832089e+01,2.552683866389886873e+02,-1.788161336101128995e+01,3.278179821729556664e+01,3.278179821729556576e-01
5.710000000000000142e+01,5.659166228293512546e+01,2.549933456077816345e+02,-1.815665439221834276e+01,3.235343223583421235e+01,3.235343223583421191e-01
5.720000000000000284e+01,5.668988815968155137e+01,2.547183131528916533e+02,-1.843168684710832395e+01,3.193022365568031873e+01,3.193022365568031762e-01
5.729999999999999716e+01,5.678811097360082982e+01,2.544432892739176566e+02,-1.870671072608232066e+01,3.151211567963381199e+01,3.151211567963381199e-01
5.739999999999999858e+01,5.688633072483624886e+01,2.541682739704584719e+02,-1.898172602954150534e+01,3.109905207773380198e+01,3.109905207773380198e-01
5.750000000000000000e+01,5.698454741353102548e+01,2.538932672421130974e+02,-1.925673275788687988e+01,3.069097718217432558e+01,3.069097718217432824e-01
5.760000000000000142e+01,5.708276103982841221e+01,2.536182690884804174e+02,-1.953173091151955987e+01,3.028783588225989476e+01,3.028783588225989476e-01
5.770000000000000284e+01,5.718097160387161892e+01,2.533432795091594301e+02,-1.980672049084054720e+01,2.988957361940139279e+01,2.988957361940139390e-01
5.779999999999999716e+01,5.727917910580388394e+01,2.530682985037491051e+02,-2.008170149625087220e+01,2.949613638215186384e+01,2.949613638215186628e-01
5.789999999999999858e+01,5.737738354576840294e+01,2.527933260718484405e+02,-2.035667392815153676e+01,2.910747070128163827e+01,2.910747070128164027e-01
5.800000000000000000e+01,5.747558492390837159e+01,2.525183622130565482e+02,-2.063163778694342909e+01,2.872352364489312748e+01,2.872352364489312859e-01
5.810000000000000142e+01,5.757378324036697848e+01,2.522434069269724262e+02,-2.090659307302755110e+01,2.834424281357410891e+01,2.834424281357411091e-01
5.820000000000000284e+01,5.767197849528742637e+01,2.519684602131951863e+02,-2.118153978680479099e+01,2.796957633559019740e+01,2.796957633559019607e-01
5.829999999999999716e+01,5.777017068881286832e+01,2.516935220713239403e+02,-2.145647792867603698e+01,2.759947286211560424e+01,2.759947286211560380e-01
5.839999999999999858e+01,5.786835982108646448e+01,2.514185925009578852e+02,-2.173140749904209201e+01,2.723388156250209136e+01,2.723388156250209358e-01
5.850000000000000000e+01,5.796654589225138920e+01,2.511436715016961045e+02,-2.200632849830387272e+01,2.687275211958576193e+01,2.687275211958576326e-01
5.860000000000000142e+01,5.806472890245076712e+01,2.508687590731378236e+02,-2.228124092686215363e+01,2.651603472503191838e+01,2.651603472503191727e-01
5.870000000000000284e+01,5.816290885182775838e+01,2.505938552148822680e+02,-2.255614478511770926e+01,2.616368007471681878e+01,2.616368007471681634e-01
5.879999999999999716e+01,5.826108574052546629e+01,2.503189599265286915e+02,-2.283104007347128572e+01,2.581563936414683269e+01,2.581563936414683069e-01
5.889999999999999858e+01,5.835925956868702968e+01,2.500440732076763197e+02,-2.310592679232365754e+01,2.547186428391451685e+01,2.547186428391451929e-01
5.900000000000000000e+01,5.845743033645553766e+01,2.497691950579244633e+02,-2.338080494207551396e+01,2.513230701519122690e+01,2.513230701519122423e-01
5.910000000000000142e+01,5.855559804397410772e+01,2.494943254768724614e+02,-2.365567452312751584e+01,2.479692022525606987e+01,2.479692022525606943e-01
5.920000000000000284e+01,5.865376269138583609e+01,2.492194644641196533e+02,-2.393053553588032401e+01,2.446565706306104460e+01,2.446565706306104426e-01
5.929999999999999716e+01,5.875192427883378343e+01,2.489446120192653780e+02,-2.420538798073459930e+01,2.413847115483200412e+01,2.413847115483200301e-01
5.939999999999999858e+01,5.885008280646105305e+01,2.486697681419090316e+02,-2.448023185809094571e+01,2.381531659970518788e+01,2.381531659970518855e-01
5.950000000000000000e+01,5.894823827441069142e+01,2.483949328316500385e+02,-2.475506716834993881e+01,2.349614796539923844e+01,2.349614796539923889e-01
5.960000000000000142e+01,5.904639068282575920e+01,2.481201060880878515e+02,-2.502989391191212576e+01,2.318092028392207737e+01,2.318092028392207682e-01
5.970000000000000284e+01,5.914454003184930286e+01,2.478452879108219236e+02,-2.530471208917805370e+01,2.286958904731285713e+01,2.286958904731285769e-01
5.979999999999999716e+01,5.924268632162437598e+01,2.475704782994517359e+02,-2.557952170054824137e+01,2.256211020341841689e+01,2.256211020341841733e-01
5.989999999999999858e+01,5.934082955229398237e+01,2.472956772535768266e+02,-2.585432274642315065e+01,2.225844015170416412e+01,2.225844015170416468e-01
6.000000000000000000e+01,5.943896972400116141e+01,2.470208847727967338e+02,-2.612911522720324342e+01,2.195853573909892020e+01,2.195853573909891943e-01
6.010000000000000142e+01,5.953710683688890981e+01,2.467461008567110241e+02,-2.640389914328895316e+01,2.166235425587383290e+01,2.166235425587383356e-01
6.020000000000000284e+01,5.963524089110025272e+01,2.464713255049192639e+02,-2.667867449508071331e+01,2.136985343155484429e+01,2.136985343155484440e-01
6.029999999999999716e+01,5.973337188677816556e+01,2.461965587170211052e+02,-2.695344128297887210e+01,2.108099143086856131e+01,2.108099143086856198e-01
6.039999999999999858e+01,5.983149982406564504e+01,2.459218004926161711e+02,-2.722819950738380612e+01,2.079572684972107410e+01,2.079572684972107455e-01
6.050000000000000000e+01,5.992962470310565237e+01,2.456470508313041421e+02,-2.750294916869583517e+01,2.051401871121020903e+01,2.051401871121020792e-01
6.060000000000000142e+01,6.002774652404117006e+01,2.453723097326846982e+02,-2.777769026731527902e+01,2.023582646166990884e+01,2.023582646166990906e-01
6.070000000000000284e+01,6.012586528701515931e+01,2.450975771963575482e+02,-2.805242280364242902e+01,1.996110996674731908e+01,1.996110996674732019e-01
6.079999999999999716e+01,6.022398099217055290e+01,2.448228532219224292e+02,-2.832714677807754811e+01,1.968982950751220073e+01,1.968982950751220207e-01
6.089999999999999858e+01,6.032209363965030491e+01,2.445481378089791349e+02,-2.860186219102084237e+01,1.942194577659810761e+01,1.942194577659810684e-01
6.100000000000000000e+01,6.042020322959734102e+01,2.442734309571274309e+02,-2.887656904287254633e+01,1.915741987437543514e+01,1.915741987437543647e-01
6.110000000000000142e+01,6.051830976215457980e+01,2.439987326659671396e+02,-2.915126733403283765e+01,1.889621330515596043e+01,1.889621330515595943e-01
6.120000000000000284e+01,6.061641323746495402e+01,2.437240429350981117e+02,-2.942595706490186558e+01,1.863828797342879184e+01,1.863828797342879096e-01
6.129999999999999716e+01,6.071451365567134673e+01,2.434493617641201979e+02,-2.970063823587977936e+01,1.838360618012719172e+01,1.838360618012719050e-01
6.139999999999999858e+01,6.081261101691666937e+01,2.431746891526333059e+02,-2.997531084736667140e+01,1.813213061892653499e+01,1.813213061892653410e-01
6.150000000000000000e+01,6.091070532134380500e+01,2.429000251002373147e+02,-3.024997489976266252e+01,1.788382437257255120e+01,1.788382437257255153e-01
6.160000000000000142e+01,6.100879656909562954e+01,2.426253696065322174e+02,-3.052463039346775986e+01,1.763865090924042534e+01,1.763865090924042478e-01
6.170000000000000284e+01,6.110688476031500471e+01,2.423507226711179499e+02,-3.079927732888202740e+01,1.739657407892354612e+01,1.739657407892354624e-01
6.179999999999999716e+01,6.120496989514479935e+01,2.420760842935945334e+02,-3.107391570640544387e+01,1.715755810985278274e+01,1.715755810985278296e-01
6.189999999999999858e+01,6.130305197372787518e+01,2.418014544735619324e+02,-3.134854552643804482e+01,1.692156760494497547e+01,1.692156760494497592e-01
6.200000000000000000e+01,6.140113099620705839e+01,2.415268332106202251e+02,-3.162316678937975212e+01,1.668856753828156769e+01,1.668856753828156791e-01
6.210000000000000142e+01,6.149920696272518938e+01,2.412522205043694328e+02,-3.189777949563054449e+01,1.645852325161597207e+01,1.645852325161597240e-01
6.220000000000000284e+01,6.159727987342509437e+01,2.409776163544096903e+02,-3.217238364559028696e+01,1.623140045091045991e+01,1.623140045091046035e-01
6.229999999999999716e+01,6.169534972844959242e+01,2.407030207603411327e+02,-3.244697923965884456e+01,1.600716520290183809e+01,1.600716520290183797e-01
6.239999999999999858e+01,6.179341652794148132e+01,2.404284337217638381e+02,-3.272156627823613917e+01,1.578578393169560812e+01,1.578578393169560723e-01
6.250000000000000000e+01,6.189148027204355884e+01,2.401538552382779983e+02,-3.299614476172197897e+01,1.556722341538900878e+01,1.556722341538900878e-01
6.260000000000000142e+01,6.198954096089862986e+01,2.398792853094838051e+02,-3.327071469051617214e+01,1.535145078272205588e+01,1.535145078272205643e-01
6.270000000000000284e+01,6.208759859464946373e+01,2.396047239349814788e+02,-3.354527606501849846e+01,1.513843350975662183e+01,1.513843350975662139e-01
6.279999999999999716e+01,6.218565317343882981e+01,2.393301711143712680e+02,-3.381982888562870926e+01,1.492813941658356214e+01,1.492813941658356347e-01
6.289999999999999858e+01,6.228370469740949034e+01,2.390556268472533930e+02,-3.409437315274658431e+01,1.472053666405739136e+01,1.472053666405739036e-01
6.300000000000000000e+01,6.238175316670420756e+01,2.387810911332281876e+02,-3.436890886677178969e+01,1.451559375055843226e+01,1.451559375055843093e-01
6.310000000000000142e+01,6.247979858146572241e+01,2.385065639718959574e+02,-3.464343602810401990e+01,1.431327950878220001e+01,1.431327950878220068e-01
6.320000000000000284e+01,6.257784094183676871e+01,2.382320453628570363e+02,-3.491795463714294101e+01,1.411356310255590607e+01,1.411356310255590663e-01
6.329999999999999716e+01,6.267588024796007318e+01,2.379575353057117866e+02,-3.519246469428819069e+01,1.391641402368173885e+01,1.391641402368173908e-01
6.339999999999999858e+01,6.277391649997834833e+01,2.376830338000605991e+02,-3.546696619993937816e+01,1.372180208880683949e+01,1.372180208880683927e-01
6.350000000000000000e+01,6.287194969803432087e+01,2.374085408455038930e+02,-3.574145915449608424e+01,1.352969743631981103e+01,1.352969743631980970e-01
6.360000000000000142e+01,6.296997984227067491e+01,2.371340564416420875e+02,-3.601594355835788974e+01,1.334007052327333653e+01,1.334007052327333687e-01
6.370000000000000284e+01,6.306800693283010872e+01,2.368595805880756586e+02,-3.629041941192431864e+01,1.315289212233303573e+01,1.315289212233303473e-01
6.379999999999999716e+01,6.316603096985529930e+01,2.365851132844051392e+02,-3.656488671559483805e+01,1.296813331875209840e+01,1.296813331875209807e-01
6.389999999999999858e+01,6.326405195348893784e+01,2.363106545302309485e+02,-3.683934546976902880e+01,1.278576550737158790e+01,1.278576550737158812e-01
6.400000000000000000e+01,6.336206988387367289e+01,2.360362043251537045e+02,-3.711379567484627273e+01,1.260576038964641121e+01,1.260576038964641155e-01
6.409999999999999432e+01,6.346008476115215302e+01,2.357617626687739403e+02,-3.738823733122603699e+01,1.242808997069641208e+01,1.242808997069641264e-01
6.420000000000000284e+01,6.355809658546704100e+01,2.354873295606922738e+02,-3.766267043930770342e+01,1.225272655638268837e+01,1.225272655638268843e-01
6.429999999999999716e+01,6.365610535696097827e+01,2.352129050005092381e+02,-3.793709499949073916e+01,1.207964275040870739e+01,1.207964275040870755e-01
6.440000000000000568e+01,6.375411107577657788e+01,2.349384889878255649e+02,-3.821151101217441237e+01,1.190881145144651576e+01,1.190881145144651598e-01
6.450000000000000000e+01,6.385211374205646706e+01,2.346640815222418723e+02,-3.848591847775810493e+01,1.174020585028702790e+01,1.174020585028702768e-01
6.459999999999999432e+01,6.395011335594327306e+01,2.343896826033588354e+02,-3.876031739664114184e+01,1.157379942701511055e+01,1.157379942701511066e-01
6.470000000000000284e+01,6.404810991757956629e+01,2.341152922307771860e+02,-3.903470776922279128e+01,1.140956594820867132e+01,1.140956594820867198e-01
6.479999999999999716e+01,6.414610342710797397e+01,2.338409104040976558e+02,-3.930908959590232143e+01,1.124747946416178657e+01,1.124747946416178590e-01
6.490000000000000568e+01,6.424409388467104520e+01,2.335665371229210336e+02,-3.958346287707894362e+01,1.108751430613176581e+01,1.108751430613176547e-01
6.500000000000000000e+01,6.434208129041138591e+01,2.332921723868480797e+02,-3.985782761315189759e+01,1.092964508360964615e+01,1.092964508360964593e-01
6.509999999999999432e+01,6.444006564447155938e+01,2.330178161954796110e+02,-4.013218380452036627e+01,1.077384668161453263e+01,1.077384668161453229e-01
6.520000000000000284e+01,6.453804694699411471e+01,2.327434685484164447e+02,-4.040653145158353254e+01,1.062009425801089257e+01,1.062009425801089257e-01
6.529999999999999716e+01,6.463602519812160097e+01,2.324691294452595116e+02,-4.068087055474046565e+01,1.046836324084925174e+01,1.046836324084925163e-01
6.540000000000000568e+01,6.473400039799656724e+01,2.321947988856096003e+02,-4.095520111439037692e+01,1.031862932572957270e+01,1.031862932572957248e-01
6.550000000000000000e+01,6.483197254676153420e+01,2.319204768690676701e+02,-4.122952313093230714e+01,1.017086847318782183e+01,1.017086847318782183e-01
6.559999999999999432e+01,6.492994164455903672e+01,2.316461633952346801e+02,-4.150383660476529712e+01,1.002505690610472655e+01,1.002505690610472622e-01
6.570000000000000284e+01,6.502790769153156702e+01,2.313718584637115896e+02,-4.177814153628838767e+01,9.881171107137268095e+00,9.881171107137268206e-02
6.579999999999999716e+01,6.512587068782166000e+01,2.310975620740993293e+02,-4.205243792590064800e+01,9.739187816172233170e+00,9.739187816172233114e-02
6.590000000000000568e+01,6.522383063357179367e+01,2.308232742259989436e+02,-4.232672577400103364e+01,9.599084027802160080e+00,9.599084027802159969e-02
6.600000000000000000e+01,6.532178752892446028e+01,2.305489949190115055e+02,-4.260100508098847172e+01,9.460836988822963534e+00,9.460836988822964033e-02
6.609999999999999432e+01,6.541974137402212364e+01,2.302747241527380311e+02,-4.287527584726194618e+01,9.324424195753362454e+00,9.324424195753362732e-02
6.620000000000000284e+01,6.551769216900727599e+01,2.300004619267795931e+02,-4.314953807322038415e+01,9.189823392376094802e+00,9.189823392376095246e-02
6.629999999999999716e+01,6.561563991402236695e+01,2.297262082407373498e+02,-4.342379175926262747e+01,9.057012567300402495e+00,9.057012567300402883e-02
6.640000000000000568e+01,6.571358460920984612e+01,2.294519630942124024e+02,-4.369803690578757482e+01,8.925969951545848602e+00,8.925969951545847936e-02
6.650000000000000000e+01,6.581152625471216311e+01,2.291777264868059092e+02,-4.397227351319406807e+01,8.796674016147301600e+00,8.796674016147301711e-02
6.659999999999999432e+01,6.590946485067175331e+01,2.289034984181190850e+02,-4.424650158188089222e+01,8.669103469780834459e+00,8.669103469780833904e-02
6.670000000000000284e+01,6.600740039723103791e+01,2.286292788877530882e+02,-4.452072111224688911e+01,8.543237256410375124e+00,8.543237256410375624e-02
6.679999999999999716e+01,6.610533289453242389e+01,2.283550678953092188e+02,-4.479493210469075848e+01,8.419054552955094195e+00,8.419054552955093640e-02
6.690000000000000568e+01,6.620326234271831822e+01,2.280808654403886919e+02,-4.506913455961128534e+01,8.296534766977231357e+00,8.296534766977231579e-02
6.700000000000000000e+01,6.630118874193114209e+01,2.278066715225927794e+02,-4.534332847740719785e+01,8.175657534390241565e+00,8.175657534390241843e-02
6.709999999999999432e+01,6.639911209231325984e+01,2.275324861415228668e+02,-4.561751385847711049e+01,8.056402717187122420e+00,8.056402717187122198e-02
6.720000000000000284e+01,6.649703239400706423e+01,2.272583092967801974e+02,-4.589169070321977983e+01,7.938750401188694461e+00,7.938750401188694739e-02
6.729999999999999716e+01,6.659494964715493381e+01,2.269841409879661569e+02,-4.616585901203382036e+01,7.822680893811888581e+00,7.822680893811888303e-02
6.740000000000000568e+01,6.669286385189921873e+01,2.267099812146821591e+02,-4.644001878531781813e+01,7.708174721857603551e+00,7.708174721857603828e-02
6.750000000000000000e+01,6.679077500838226911e+01,2.264358299765295897e+02,-4.671417002347038760e+01,7.595212629318171871e+00,7.595212629318172370e-02
6.759999999999999432e+01,6.688868311674644929e+01,2.261616872731099193e+02,-4.698831272689005800e+01,7.483775575204230535e+00,7.483775575204230923e-02
6.770000000000000284e+01,6.698658817713409519e+01,2.258875531040245050e+02,-4.726244689597547222e+01,7.373844731390805762e+00,7.373844731390805096e-02
6.779999999999999716e+01,6.708449018968752853e+01,2.256134274688749031e+02,-4.753657253112507419e+01,7.265401480482665875e+00,7.265401480482665264e-02
6.790000000000000568e+01,6.718238915454904259e+01,2.253393103672626410e+02,-4.781068963273733630e+01,7.158427413698432495e+00,7.158427413698432995e-02
6.800000000000000000e+01,6.728028507186098750e+01,2.250652017987892179e+02,-4.808479820121075932e+01,7.052904328773551335e+00,7.052904328773551557e-02
6.809999999999999432e+01,6.737817794176564234e+01,2.247911017630561901e+02,-4.835889823694378720e+01,6.948814227882041727e+00,6.948814227882041394e-02
6.820000000000000284e+01,6.747606776440528620e+01,2.245170102596651702e+02,-4.863298974033480704e+01,6.846139315576682982e+00,6.846139315576682538e-02
6.829999999999999716e+01,6.757395453992224077e+01,2.242429272882177145e+02,-4.890707271178226279e+01,6.744861996747534505e+00,6.744861996747535116e-02
6.840000000000000568e+01,6.767183826845874250e+01,2.239688528483154926e+02,-4.918114715168448470e+01,6.644964874598840332e+00,6.644964874598840998e-02
6.850000000000000000e+01,6.776971895015708469e+01,2.236947869395601458e+02,-4.945521306043983145e+01,6.546430748643881081e+00,6.546430748643880526e-02
6.859999999999999432e+01,6.786759658515950377e+01,2.234207295615533440e+02,-4.972927043844663331e+01,6.449242612717802636e+00,6.449242612717802359e-02
6.870000000000000284e+01,6.796547117360826462e+01,2.231466807138968420e+02,-5.000331928610313525e+01,6.353383653008410015e+00,6.353383653008409793e-02
6.879999999999999716e+01,6.806334271564558946e+01,2.228726403961923381e+02,-5.027735960380763913e+01,6.258837246104362428e+00,6.258837246104362317e-02
6.890000000000000568e+01,6.816121121141372896e+01,2.225986086080415589e+02,-5.055139139195841835e+01,6.165586957061159445e+00,6.165586957061159473e-02
6.900000000000000000e+01,6.825907666105489113e+01,2.223245853490462878e+02,-5.082541465095368949e+01,6.073616537484393341e+00,6.073616537484393535e-02
6.909999999999999432e+01,6.835693906471126979e+01,2.220505706188084218e+02,-5.109942938119155542e+01,5.982909923630352012e+00,5.982909923630352206e-02
6.920000000000000284e+01,6.845479842252511560e+01,2.217765644169296593e+02,-5.137343558307031799e+01,5.893451234523508830e+00,5.893451234523508497e-02
6.929999999999999716e+01,6.855265473463857973e+01,2.215025667430119540e+02,-5.164743325698802323e+01,5.805224770091425235e+00,5.805224770091425152e-02
6.940000000000000568e+01,6.865050800119387020e+01,2.212285775966571464e+02,-5.192142240334283088e+01,5.718215009316106823e+00,5.718215009316107017e-02
6.950000000000000000e+01,6.874835822233316662e+01,2.209545969774671335e+02,-5.219540302253284381e+01,5.632406608402298787e+00,5.632406608402298898e-02
6.959999999999999432e+01,6.884620539819860596e+01,2.206806248850438692e+02,-5.246937511495610806e+01,5.547784398962329888e+00,5.547784398962329888e-02
6.970000000000000284e+01,6.894404952893238203e+01,2.204066613189892792e+02,-5.274333868101069811e+01,5.464333386217410826e+00,5.464333386217410521e-02
6.979999999999999716e+01,6.904189061467663180e+01,2.201327062789054025e+02,-5.301729372109457472e+01,5.382038747215291963e+00,5.382038747215291824e-02
6.990000000000000568e+01,6.913972865557352065e+01,2.198587597643941081e+02,-5.329124023560586920e+01,5.300885829064013954e+00,5.300885829064014287e-02
7.000000000000000000e+01,6.923756365176512872e+01,2.195848217750576055e+02,-5.356517822494237180e+01,5.220860147181991096e+00,5.220860147181990984e-02
7.009999999999999432e+01,6.933539560339362140e+01,2.193108923104978203e+02,-5.383910768950215697e+01,5.141947383563662655e+00,5.141947383563662960e-02
7.020000000000000284e+01,6.943322451060110723e+01,2.190369713703168770e+02,-5.411302862968310023e+01,5.064133385061351689e+00,5.064133385061351383e-02
7.029999999999999716e+01,6.953105037352969475e+01,2.187630589541168433e+02,-5.438694104588313394e+01,4.987404161682542636e+00,4.987404161682542497e-02
7.040000000000000568e+01,6.962887319232146410e+01,2.184891550614998721e+02,-5.466084493850010517e+01,4.911745884902853909e+00,4.911745884902853770e-02
7.050000000000000000e+01,6.972669296711852382e+01,2.182152596920681162e+02,-5.493474030793186103e+01,4.837144885994460353e+00,4.837144885994460602e-02
7.059999999999999432e+01,6.982450969806293983e+01,2.179413728454237287e+02,-5.520862715457624859e+01,4.763587654369766611e+00,4.763587654369766389e-02
7.070000000000000284e+01,6.992232338529677804e+01,2.176674945211689760e+02,-5.548250547883100126e+01,4.691060835940362495e+00,4.691060835940362439e-02
7.079999999999999716e+01,7.002013402896213279e+01,2.173936247189060111e+02,-5.575637528109396612e+01,4.619551231490960141e+00,4.619551231490959947e-02
7.090000000000000568e+01,7.011794162920101314e+01,2.171197634382371291e+02,-5.603023656176284817e+01,4.549045795068435538e+00,4.549045795068435566e-02
7.100000000000000000e+01,7.021574618615549923e+01,2.168459106787645680e+02,-5.630408932123540922e+01,4.479531632385549855e+00,4.479531632385549966e-02
7.109999999999999432e+01,7.031354769996760012e+01,2.165720664400906799e+02,-5.657793355990929740e+01,4.410995999239504251e+00,4.410995999239504528e-02
7.120000000000000284e+01,7.041134617077938174e+01,2.162982307218177311e+02,-5.685176927818224613e+01,4.343426299945011060e+00,4.343426299945010727e-02
7.129999999999999716e+01,7.050914159873281051e+01,2.160244035235481306e+02,-5.712559647645184668e+01,4.276810085781956872e+00,4.276810085781956872e-02
7.140000000000000568e+01,7.060693398396992393e+01,2.157505848448842016e+02,-5.739941515511577563e+01,4.211135053457289779e+00,4.211135053457289862e-02
7.150000000000000000e+01,7.070472332663271686e+01,2.154767746854283530e+02,-5.767322531457162427e+01,4.146389043581296008e+00,4.146389043581295841e-02
7.159999999999999432e+01,7.080250962686318417e+01,2.152029730447830502e+02,-5.794702695521692704e+01,4.082560039157939968e+00,4.082560039157939746e-02
7.170000000000000284e+01,7.090029288480330649e+01,2.149291799225507305e+02,-5.822082007744924681e+01,4.019636164089198438e+00,4.019636164089198521e-02
7.179999999999999716e+01,7.099807310059506449e+01,2.146553953183338024e+02,-5.849460468166617488e+01,3.957605681693394661e+00,3.957605681693394939e-02
7.190000000000000568e+01,7.109585027438041038e+01,2.144582994512391565e+02,-5.869170054876082077e+01,3.896467625729604478e+00,3.896467625729604228e-02
7.200000000000000000e+01,7.119362440630129640e+01,2.142627511873973845e+02,-5.888724881260259281e+01,3.836221415746523977e+00,3.836221415746524088e-02
7.209999999999999432e+01,7.129139549649968899e+01,2.140672090070005993e+02,-5.908279099299937798e+01,3.776854813623910179e+00,3.776854813623910234e-02
7.220000000000000284e+01,7.138916354511752616e+01,2.138716729097649250e+02,-5.927832709023505231e+01,3.718355734411342262e+00,3.718355734411342428e-02
7.229999999999999716e+01,7.148692855229671750e+01,2.136761428954065423e+02,-5.947385710459343500e+01,3.660712248794612655e+00,3.660712248794612683e-02
7.240000000000000568e+01,7.158469051817918682e+01,2.134806189636416036e+02,-5.966938103635837365e+01,3.603912581225067857e+00,3.603912581225068162e-02
7.250000000000000000e+01,7.168244944290685794e+01,2.132851011141862614e+02,-5.986489888581371588e+01,3.547945108069909814e+00,3.547945108069909537e-02
7.259999999999999432e+01,7.178020532662162623e+01,2.130895893467567248e+02,-6.006041065324325245e+01,3.492798355783089281e+00,3.492798355783089531e-02
7.270000000000000284e+01,7.187795816946538707e+01,2.128940836610692031e+02,-6.025591633893077415e+01,3.438460999096735637e+00,3.438460999096735332e-02
7.279999999999999716e+01,7.197570797158003586e+01,2.126985840568399055e+02,-6.045141594316007172e+01,3.384921859232703056e+00,3.384921859232702807e-02
7.290000000000000568e+01,7.207345473310743955e+01,2.125030905337850982e+02,-6.064690946621487910e+01,3.332169902134300976e+00,3.332169902134300699e-02
7.300000000000000000e+01,7.217119845418946511e+01,2.123076030916210470e+02,-6.084239690837893022e+01,3.280194236717696832e+00,3.280194236717696998e-02
7.309999999999999432e+01,7.226893913496797950e+01,2.121121217300640183e+02,-6.103787826993595900e+01,3.228984113143034129e+00,3.228984113143033852e-02
7.320000000000000284e+01,7.236667677558480705e+01,2.119166464488303632e+02,-6.123335355116961409e+01,3.178528921104947003e+00,3.178528921104947086e-02
7.329999999999999716e+01,7.246441137618182893e+01,2.117211772476363194e+02,-6.142882275236365786e+01,3.128818188142238998e+00,3.128818188142239165e-02
7.340000000000000568e+01,7.256214293690085526e+01,2.115257141261982667e+02,-6.162428587380171052e+01,3.079841577966655919e+00,3.079841577966655961e-02
7.350000000000000000e+01,7.265987145788369617e+01,2.113302570842325849e+02,-6.181974291576739233e+01,3.031588888810420546e+00,3.031588888810420393e-02
7.359999999999999432e+01,7.275759693927220439e+01,2.111348061214555685e+02,-6.201519387854440879e+01,2.984050051792383140e+00,2.984050051792383126e-02
7.370000000000000284e+01,7.285531938120814743e+01,2.109393612375836824e+02,-6.221063876241629487e+01,2.937215129302638505e+00,2.937215129302638353e-02
7.379999999999999716e+01,7.295303878383333540e+01,2.107439224323333065e+02,-6.240607756766667080e+01,2.891074313405362695e+00,2.891074313405362847e-02
7.390000000000000568e+01,7.305075514728957842e+01,2.105484897054208204e+02,-6.260151029457915683e+01,2.845617924259639331e+00,2.845617924259639248e-02
7.400000000000000000e+01,7.314846847171861555e+01,2.103530630565627462e+02,-6.279693694343723109e+01,2.800836408558279977e+00,2.800836408558279866e-02
7.409999999999999432e+01,7.324617875726224270e+01,2.101576424854754919e+02,-6.299235751452448540e+01,2.756720337984138069e+00,2.756720337984137903e-02
7.420000000000000284e+01,7.334388600406222736e+01,2.099622279918755225e+02,-6.318777200812445471e+01,2.713260407684054520e+00,2.713260407684054548e-02
7.429999999999999716e+01,7.344159021226029438e+01,2.097668195754793885e+02,-6.338318042452058876e+01,2.670447434760047312e+00,2.670447434760047159e-02
7.440000000000000568e+01,7.353929138199822546e+01,2.095714172360035263e+02,-6.357858276399645092e+01,2.628272356777576757e+00,2.628272356777576826e-02
7.450000000000000000e+01,7.363698951341773125e+01,2.093760209731645148e+02,-6.377397902683546249e+01,2.586726230290877560e+00,2.586726230290877643e-02
7.459999999999999432e+01,7.373468460666055080e+01,2.091806307866788757e+02,-6.396936921332110160e+01,2.545800229384916236e+00,2.545800229384916069e-02
7.470000000000000284e+01,7.383237666186838055e+01,2.089852466762632162e+02,-6.416475332373676110e+01,2.505485644234043185e+00,2.505485644234043199e-02
7.479999999999999716e+01,7.393006567918295957e+01,2.087898686416340581e+02,-6.436013135836591914e+01,2.465773879676982361e+00,2.465773879676982222e-02
7.490000000000000568e+01,7.402775165874595587e+01,2.085944966825080655e+02,-6.455550331749191173e+01,2.426656453808143432e+00,2.426656453808143446e-02
7.500000000000000000e+01,7.412543460069909429e+01,2.083991307986017887e+02,-6.475086920139818858e+01,2.388124996584903847e+00,2.388124996584903986e-02
7.509999999999999432e+01,7.422311450518402864e+01,2.082037709896319200e+02,-6.494622901036805729e+01,2.350171248450894979e+00,2.350171248450895131e-02
7.520000000000000284e+01,7.432079137234245536e+01,2.080084172553150665e+02,-6.514158274468491072e+01,2.312787058974954402e+00,2.312787058974954263e-02
7.529999999999999716e+01,7.441846520231601403e+01,2.078130695953679492e+02,-6.533693040463202806e+01,2.275964385505675924e+00,2.275964385505675758e-02
7.540000000000000568e+01,7.451613599524640108e+01,2.076177280095071751e+02,-6.553227199049280216e+01,2.239695291841335312e+00,2.239695291841335353e-02
7.550000000000000000e+01,7.461380375127519926e+01,2.074223924974495787e+02,-6.572760750255039852e+01,2.203971946915124214e+00,2.203971946915124144e-02
7.559999999999999432e+01,7.471146847054411921e+01,2.072270630589117388e+02,-6.592293694108823843e+01,2.168786623495336130e+00,2.168786623495336241e-02
7.570000000000000284e+01,7.480913015319475790e+01,2.070317396936104615e+02,-6.611826030638951579e+01,2.134131696900639863e+00,2.134131696900639849e-02
7.579999999999999716e+01,7.490678879936871226e+01,2.068364224012625527e+02,-6.631357759873742452e+01,2.099999643729983934e+00,2.099999643729983864e-02
7.590000000000000568e+01,7.500444440920763611e+01,2.066411111815847050e+02,-6.650888881841527223e+01,2.066383040607120414e+00,2.066383040607120553e-02
7.600000000000000000e+01,7.510209698285309798e+01,2.064458060342937813e+02,-6.670419396570619597e+01,2.033274562939680674e+00,2.033274562939680827e-02
7.609999999999999432e+01,7.519974652044670904e+01,2.062505069591065592e+02,-6.689949304089341808e+01,2.000666983692403811e+00,2.000666983692403825e-02
7.620000000000000284e+01,7.529739302213006624e+01,2.060552139557398448e+02,-6.709478604426013248e+01,1.968553172174619892e+00,1.968553172174620017e-02
7.629999999999999716e+01,7.539503648804472391e+01,2.058599270239105294e+02,-6.729007297608944782e+01,1.936926092841687819e+00,1.936926092841687735e-02
7.640000000000000568e+01,7.549267691833227900e+01,2.056646461633354193e+02,-6.748535383666455800e+01,1.905778804110251246e+00,1.905778804110251287e-02
7.650000000000000000e+01,7.559031431313427163e+01,2.054693713737314340e+02,-6.768062862626854326e+01,1.875104457187259710e+00,1.875104457187259585e-02
7.659999999999999432e+01,7.568794867259222769e+01,2.052741026548155219e+02,-6.787589734518445539e+01,1.844896294912466761e+00,1.844896294912466705e-02
7.670000000000000284e+01,7.578557999684772994e+01,2.050788400063045174e+02,-6.807115999369545989e+01,1.815147650614363339e+00,1.815147650614363367e-02
7.679999999999999716e+01,7.588320828604229007e+01,2.048835834279153971e+02,-6.826641657208458014e+01,1.785851946979407634e+00,1.785851946979407495e-02
7.690000000000000568e+01,7.598083354031744818e+01,2.046883329193650809e+02,-6.846166708063489637e+01,1.757002694934330478e+00,1.757002694934330436e-02
7.700000000000000000e+01,7.607845575981470176e+01,2.044930884803705737e+02,-6.865691151962940353e+01,1.728593492541427468e+00,1.728593492541427579e-02
7.709999999999999432e+01,7.617607494467556251e+01,2.042978501106488523e+02,-6.885214988935112501e+01,1.700618023906717680e+00,1.700618023906717846e-02
7.720000000000000284e+01,7.627369109504152789e+01,2.041026178099169215e+02,-6.904738219008305578e+01,1.673070058100777802e+00,1.673070058100777774e-02
7.729999999999999716e+01,7.637130421105409539e+01,2.039073915778917865e+02,-6.924260842210819078e+01,1.645943448092163974e+00,1.645943448092164127e-02
7.740000000000000568e+01,7.646891429285473407e+01,2.037121714142905091e+02,-6.943782858570946814e+01,1.619232129693252809e+00,1.619232129693252975e-02
7.750000000000000000e+01,7.656652134058492720e+01,2.035169573188301229e+02,-6.963304268116985440e+01,1.592930120518379677e+00,1.592930120518379691e-02
7.759999999999999432e+01,7.666412535438612963e+01,2.033217492912277180e+02,-6.982825070877225926e+01,1.567031518954154379e+00,1.567031518954154282e-02
7.770000000000000284e+01,7.676172633439978199e+01,2.031265473312004133e+02,-7.002345266879956398e+01,1.541530503141809616e+00,1.541530503141809623e-02
7.779999999999999716e+01,7.685932428076733913e+01,2.029313514384652990e+02,-7.021864856153467827e+01,1.516421329971424425e+00,1.516421329971424405e-02
7.790000000000000568e+01,7.695691919363025590e+01,2.027361616127394655e+02,-7.041383838726051181e+01,1.491698334087965705e+00,1.491698334087965781e-02
7.800000000000000000e+01,7.705451107312993031e+01,2.025409778537401166e+02,-7.060902214625986062e+01,1.467355926908977537e+00,1.467355926908977572e-02
7.809999999999999432e+01,7.715209991940780299e+01,2.023458001611843713e+02,-7.080419983881560597e+01,1.443388595653736450e+00,1.443388595653736367e-02
7.820000000000000284e+01,7.724968573260527194e+01,2.021506285347894334e+02,-7.099937146521054387e+01,1.419790902383875952e+00,1.419790902383875897e-02
7.829999999999999716e+01,7.734726851286373517e+01,2.019554629742725069e+02,-7.119453702572747034e+01,1.396557483055244520e+00,1.396557483055244596e-02
7.840000000000000568e+01,7.744484826032459068e+01,2.017603034793507959e+02,-7.138969652064918137e+01,1.373683046580913336e+00,1.373683046580913281e-02
7.850000000000000000e+01,7.754242497512923649e+01,2.015651500497415043e+02,-7.158484995025847297e+01,1.351162373905250957e+00,1.351162373905250881e-02
7.859999999999999432e+01,7.763999865741901374e+01,2.013700026851619498e+02,-7.177999731483802748e+01,1.328990317088872164e+00,1.328990317088872206e-02
7.870000000000000284e+01,7.773756930733532045e+01,2.011748613853293364e+02,-7.197513861467064089e+01,1.307161798404379960e+00,1.307161798404380022e-02
7.879999999999999716e+01,7.783513692501949777e+01,2.009797261499609817e+02,-7.217027385003899553e+01,1.285671809442818780e+00,1.285671809442818711e-02
7.890000000000000568e+01,7.793270151061288686e+01,2.007845969787742035e+02,-7.236540302122577373e+01,1.264515410230649062e+00,1.264515410230649013e-02
7.900000000000000000e+01,7.803026306425684311e+01,2.005894738714862910e+02,-7.256052612851368622e+01,1.243687728357172340e+00,1.243687728357172409e-02
7.909999999999999432e+01,7.812782158609269345e+01,2.003943568278145904e+02,-7.275564317218538690e+01,1.223183958112314729e+00,1.223183958112314743e-02
7.920000000000000284e+01,7.822537707626175063e+01,2.001992458474764760e+02,-7.295075415252350126e+01,1.202999359634572940e+00,1.202999359634572898e-02
7.929999999999999716e+01,7.832292953490532739e+01,2.000041409301893225e+02,-7.314585906981065477e+01,1.183129258069126832e+00,1.183129258069126784e-02
7.940000000000000568e+01,7.842047896216473646e+01,1.998090420756705043e+02,-7.334095792432947292e+01,1.163569042735887127e+00,1.163569042735887113e-02
7.950000000000000000e+01,7.851802535818129058e+01,1.996139492836373961e+02,-7.353605071636258117e+01,1.144314166307480285e+00,1.144314166307480209e-02
7.959999999999999432e+01,7.861556872309623145e+01,1.994188625538075144e+02,-7.373113744619246290e+01,1.125360143996978035e+00,1.125360143996977959e-02
7.970000000000000284e+01,7.871310905705087180e+01,1.992237818858982337e+02,-7.392621811410174359e+01,1.106702552755288282e+00,1.106702552755288275e-02
7.979999999999999716e+01,7.881064636018646752e+01,1.990287072796270422e+02,-7.412129272037293504e+01,1.088337030478145451e+00,1.088337030478145513e-02
7.990000000000000568e+01,7.890818063264428872e+01,1.988336387347113998e+02,-7.431636126528857744e+01,1.070259275222527728e+00,1.070259275222527721e-02
8.000000000000000000e+01,7.900571187456557709e+01,1.986385762508688231e+02,-7.451142374913115418e+01,1.052465044432429719e+00,1.052465044432429782e-02
8.009999999999999432e+01,7.910324008609157431e+01,1.984435198278168286e+02,-7.470648017218314862e+01,1.034950154173906123e+00,1.034950154173906040e-02
8.020000000000000284e+01,7.920076526736353628e+01,1.982484694652729047e+02,-7.490153053472707256e+01,1.017710478379230565e+00,1.017710478379230642e-02
8.029999999999999716e+01,7.929828741852266205e+01,1.980534251629546247e+02,-7.509657483704535252e+01,1.000741948100142276e+00,1.000741948100142276e-02
8.040000000000000568e+01,7.939580653971017909e+01,1.978583869205796191e+02,-7.529161307942035819e+01,9.840405507700129561e-01,9.840405507700130186e-03
8.050000000000000000e+01,7.949332263106728647e+01,1.976633547378654043e+02,-7.548664526213457293e+01,9.676023294748491432e-01,9.676023294748491849e-03
8.059999999999999432e+01,7.959083569273519743e+01,1.974683286145295824e+02,-7.568167138547039485e+01,9.514233822330830925e-01,9.514233822330830578e-03
8.070000000000000284e+01,7.968834572485508261e+01,1.972733085502898120e+02,-7.587669144971016522e+01,9.354998612839985350e-01,9.354998612839985142e-03
8.079999999999999716e+01,7.978585272756815527e+01,1.970782945448636667e+02,-7.607170545513631055e+01,9.198279723846977118e-01,9.198279723846977327e-03
8.090000000000000568e+01,7.988335670101555763e+01,1.968832865979688620e+02,-7.626671340203111527e+01,9.044039741155655010e-01,9.044039741155654455e-03
8.100000000000000000e+01,7.998085764533846032e+01,1.966882847093230566e+02,-7.646171529067692063e+01,8.892241771940634365e-01,8.892241771940635059e-03
8.109999999999999432e+01,8.007835556067803395e+01,1.964932888786439094e+02,-7.665671112135606791e+01,8.742849437968304160e-01,8.742849437968304438e-03
8.120000000000000284e+01,8.017585044717539233e+01,1.962982991056491642e+02,-7.685170089435081309e+01,8.595826868899554274e-01,8.595826868899553858e-03
8.129999999999999716e+01,8.027334230497170608e+01,1.961033153900565651e+02,-7.704668460994341217e+01,8.451138695673372503e-01,8.451138695673371740e-03
8.140000000000000568e+01,8.037083113420810321e+01,1.959083377315837708e+02,-7.724166226841620642e+01,8.308750043970438703e-01,8.308750043970438565e-03
8.150000000000000000e+01,8.046831693502568328e+01,1.957133661299486107e+02,-7.743663387005136656e+01,8.168626527756064348e-01,8.168626527756064556e-03
8.159999999999999432e+01,8.056579970756556008e+01,1.955184005848688571e+02,-7.763159941513112017e+01,8.030734242901119702e-01,8.030734242901120534e-03
8.170000000000000284e+01,8.066327945196883320e+01,1.953234410960623109e+02,-7.782655890393766640e+01,7.895039760880411261e-01,7.895039760880412025e-03
8.179999999999999716e+01,8.076075616837663063e+01,1.951284876632467160e+02,-7.802151233675326125e+01,7.761510122547610191e-01,7.761510122547610191e-03
8.190000000000000568e+01,8.085822985692999509e+01,1.949335402861399871e+02,-7.821645971385999019e+01,7.630112831985833566e-01,7.630112831985833184e-03
8.200000000000000000e+01,8.095570051777002618e+01,1.947385989644599249e+02,-7.841140103554005236e+01,7.500815850432842602e-01,7.500815850432842290e-03
8.209999999999999432e+01,8.105316815103778083e+01,1.945436636979244156e+02,-7.860633630207556166e+01,7.373587590280468174e-01,7.373587590280467757e-03
8.220000000000000284e+01,8.115063275687431599e+01,1.943487344862513453e+02,-7.880126551374863197e+01,7.248396909146894718e-01,7.248396909146894752e-03
8.229999999999999716e+01,8.124809433542070281e+01,1.941538113291585717e+02,-7.899618867084140561e+01,7.125213104021448363e-01,7.125213104021448605e-03
8.240000000000000568e+01,8.134555288681795560e+01,1.939588942263640661e+02,-7.919110577363591119e+01,7.004005905480812366e-01,7.004005905480812505e-03
8.250000000000000000e+01,8.144300841120711709e+01,1.937639831775857431e+02,-7.938601682241423418e+01,6.884745471975777242e-01,6.884745471975777312e-03
8.259999999999999432e+01,8.154046090872921582e+01,1.935690781825415456e+02,-7.958092181745843163e+01,6.767402384188150322e-01,6.767402384188150530e-03
8.270000000000000284e+01,8.163791037952526608e+01,1.933741792409494451e+02,-7.977582075905053216e+01,6.651947639456519124e-01,6.651947639456519054e-03
8.279999999999999716e+01,8.173535682373626798e+01,1.931792863525274413e+02,-7.997071364747253597e+01,6.538352646270455537e-01,6.538352646270455433e-03
8.290000000000000568e+01,8.183280024150320742e+01,1.929843995169935624e+02,-8.016560048300641483e+01,6.426589218832249317e-01,6.426589218832249109e-03
8.300000000000000000e+01,8.193024063296709869e+01,1.927895187340657799e+02,-8.036048126593419738e+01,6.316629571685311584e-01,6.316629571685311757e-03
8.309999999999999432e+01,8.202767799826889927e+01,1.925946440034621787e+02,-8.055535599653779855e+01,6.208446314408786471e-01,6.208446314408786609e-03
8.320000000000000284e+01,8.212511233754960926e+01,1.923997753249007587e+02,-8.075022467509921853e+01,6.102012446377266253e-01,6.102012446377266287e-03
8.329999999999999716e+01,8.222254365095015771e+01,1.922049126980996618e+02,-8.094508730190031542e+01,5.997301351585181406e-01,5.997301351585181128e-03
8.340000000000000568e+01,8.231997193861151629e+01,1.920100561227769447e+02,-8.113994387722303259e+01,5.894286793534779800e-01,5.894286793534779870e-03
8.350000000000000000e+01,8.241739720067462827e+01,1.918152055986507207e+02,-8.133479440134925653e+01,5.792942910187405259e-01,5.792942910187405189e-03
8.359999999999999432e+01,8.251481943728042268e+01,1.916203611254391319e+02,-8.152963887456084535e+01,5.693244208977031873e-01,5.693244208977031942e-03
8.370000000000000284e+01,8.261223864856984278e+01,1.914255227028602917e+02,-8.172447729713968556e+01,5.595165561885349081e-01,5.595165561885349047e-03
8.379999999999999716e+01,8.270965483468377499e+01,1.912306903306324273e+02,-8.191930966936754999e+01,5.498682200578006718e-01,5.498682200578006857e-03
8.390000000000000568e+01,8.280706799576316257e+01,1.910358640084736521e+02,-8.211413599152632514e+01,5.403769711600823200e-01,5.403769711600823512e-03
8.400000000000000000e+01,8.290447813194889193e+01,1.908410437361021934e+02,-8.230895626389778386e+01,5.310404031635784783e-01,5.310404031635784609e-03
