latitude,longitude,CO2_1000_hPa,CO2_500_hPa,CO2_300_hPa,CO2_10_hPa,CO2_1_hPa
90.0,-175.0,0.00065341743,0.00065310276,0.0006485075,0.0006274234,0.00062788173
90.0,-170.0,0.00065341743,0.00065310276,0.0006485075,0.0006274234,0.00062788173
90.0,-165.0,0.00065341743,0.00065310276,0.0006485075,0.0006274234,0.00062788173
90.0,-160.0,0.00065341743,0.00065310276,0.0006485075,0.0006274234,0.00062788173
90.0,-155.0,0.00065341743,0.00065310276,0.0006485075,0.0006274234,0.00062788173
90.0,-150.0,0.00065341743,0.00065310276,0.0006485075,0.0006274234,0.00062788173
90.0,-145.0,0.00065341743,0.00065310276,0.0006485075,0.0006274234,0.00062788173
90.0,-140.0,0.00065341743,0.00065310276,0.0006485075,0.0006274234,0.00062788173
90.0,-135.0,0.00065341743,0.00065310276,0.0006485075,0.0006274234,0.00062788173
90.0,-130.0,0.00065341743,0.00065310276,0.0006485075,0.0006274234,0.00062788173
90.0,-125.0,0.00065341743,0.00065310276,0.0006485075,0.0006274234,0.00062788173
90.0,-120.0,0.00065341743,0.00065310276,0.0006485075,0.0006274234,0.00062788173
90.0,-115.0,0.00065341743,0.00065310276,0.0006485075,0.0006274234,0.00062788173
90.0,-110.0,0.00065341743,0.00065310276,0.0006485075,0.0006274234,0.00062788173
90.0,-105.0,0.00065341743,0.00065310276,0.0006485075,0.0006274234,0.00062788173
90.0,-100.0,0.00065341743,0.00065310276,0.0006485075,0.0006274234,0.00062788173
90.0,-95.0,0.00065341743,0.00065310276,0.0006485075,0.0006274234,0.00062788173
90.0,-90.0,0.00065341743,0.00065310276,0.0006485075,0.0006274234,0.00062788173
90.0,-85.0,0.00065341743,0.00065310276,0.0006485075,0.0006274234,0.00062788173
90.0,-80.0,0.00065341743,0.00065310276,0.0006485075,0.0006274234,0.00062788173
90.0,-75.0,0.00065341743,0.00065310276,0.0006485075,0.0006274234,0.00062788173
90.0,-70.0,0.00065341743,0.00065310276,0.0006485075,0.0006274234,0.00062788173
90.0,-65.0,0.00065341743,0.00065310276,0.0006485075,0.0006274234,0.00062788173
90.0,-60.0,0.00065341743,0.00065310276,0.0006485075,0.0006274234,0.00062788173
90.0,-55.0,0.00065341743,0.00065310276,0.0006485075,0.0006274234,0.00062788173
90.0,-50.0,0.00065341743,0.00065310276,0.0006485075,0.0006274234,0.00062788173
90.0,-45.0,0.00065341743,0.00065310276,0.0006485075,0.0006274234,0.00062788173
90.0,-40.0,0.00065341743,0.00065310276,0.0006485075,0.0006274234,0.00062788173
90.0,-35.0,0.00065341743,0.00065310276,0.0006485075,0.0006274234,0.00062788173
90.0,-30.0,0.00065341743,0.00065310276,0.0006485075,0.0006274234,0.00062788173
90.0,-25.0,0.00065341743,0.00065310276,0.0006485075,0.0006274234,0.00062788173
90.0,-20.0,0.00065341743,0.00065310276,0.0006485075,0.0006274234,0.00062788173
90.0,-15.0,0.00065341743,0.00065310276,0.0006485075,0.0006274234,0.00062788173
90.0,-10.0,0.00065341743,0.00065310276,0.0006485075,0.0006274234,0.00062788173
90.0,-5.0,0.00065341743,0.00065310276,0.0006485075,0.0006274234,0.00062788173
90.0,0.0,0.00065341743,0.00065310276,0.0006485075,0.0006274234,0.00062788173
90.0,5.0,0.00065341743,0.00065310276,0.0006485075,0.0006274234,0.00062788173
90.0,10.0,0.00065341743,0.00065310276,0.0006485075,0.0006274234,0.00062788173
90.0,15.0,0.00065341743,0.00065310276,0.0006485075,0.0006274234,0.00062788173
90.0,20.0,0.00065341743,0.00065310276,0.0006485075,0.0006274234,0.00062788173
90.0,25.0,0.00065341743,0.00065310276,0.0006485075,0.0006274234,0.00062788173
90.0,30.0,0.00065341743,0.00065310276,0.0006485075,0.0006274234,0.00062788173
90.0,35.0,0.00065341743,0.00065310276,0.0006485075,0.0006274234,0.00062788173
90.0,40.0,0.00065341743,0.00065310276,0.0006485075,0.0006274234,0.00062788173
90.0,45.0,0.00065341743,0.00065310276,0.0006485075,0.0006274234,0.00062788173
90.0,50.0,0.00065341743,0.00065310276,0.0006485075,0.0006274234,0.00062788173
90.0,55.0,0.00065341743,0.00065310276,0.0006485075,0.0006274234,0.00062788173
90.0,60.0,0.00065341743,0.00065310276,0.0006485075,0.0006274234,0.00062788173
90.0,65.0,0.00065341743,0.00065310276,0.0006485075,0.0006274234,0.00062788173
90.0,70.0,0.00065341743,0.00065310276,0.0006485075,0.0006274234,0.00062788173
90.0,75.0,0.00065341743,0.00065310276,0.0006485075,0.0006274234,0.00062788173
90.0,80.0,0.00065341743,0.00065310276,0.0006485075,0.0006274234,0.00062788173
90.0,85.0,0.00065341743,0.00065310276,0.0006485075,0.0006274234,0.00062788173
90.0,90.0,0.00065341743,0.00065310276,0.0006485075,0.0006274234,0.00062788173
90.0,95.0,0.00065341743,0.00065310276,0.0006485075,0.0006274234,0.00062788173
90.0,100.0,0.00065341743,0.00065310276,0.0006485075,0.0006274234,0.00062788173
90.0,105.0,0.00065341743,0.00065310276,0.0006485075,0.0006274234,0.00062788173
90.0,110.0,0.00065341743,0.00065310276,0.0006485075,0.0006274234,0.00062788173
90.0,115.0,0.00065341743,0.00065310276,0.0006485075,0.0006274234,0.00062788173
90.0,120.0,0.00065341743,0.00065310276,0.0006485075,0.0006274234,0.00062788173
90.0,125.0,0.00065341743,0.00065310276,0.0006485075,0.0006274234,0.00062788173
90.0,130.0,0.00065341743,0.00065310276,0.0006485075,0.0006274234,0.00062788173
90.0,135.0,0.00065341743,0.00065310276,0.0006485075,0.0006274234,0.00062788173
90.0,140.0,0.00065341743,0.00065310276,0.0006485075,0.0006274234,0.00062788173
90.0,145.0,0.00065341743,0.00065310276,0.0006485075,0.0006274234,0.00062788173
90.0,150.0,0.00065341743,0.00065310276,0.0006485075,0.0006274234,0.00062788173
90.0,155.0,0.00065341743,0.00065310276,0.0006485075,0.0006274234,0.00062788173
90.0,160.0,0.00065341743,0.00065310276,0.0006485075,0.0006274234,0.00062788173
90.0,165.0,0.00065341743,0.00065310276,0.0006485075,0.0006274234,0.00062788173
90.0,170.0,0.00065341743,0.00065310276,0.0006485075,0.0006274234,0.00062788173
90.0,175.0,0.00065341743,0.00065310276,0.0006485075,0.0006274234,0.00062788173
90.0,180.0,0.00065341743,0.00065310276,0.0006485075,0.0006274234,0.00062788173
85.0,-175.0,0.00065449753,0.0006519019,0.00064490724,0.0006271847,0.0006278636
85.0,-170.0,0.0006545357,0.0006524456,0.0006448936,0.0006271665,0.0006278576
85.0,-165.0,0.000654448,0.0006530721,0.00064483477,0.0006271599,0.00062785175
85.0,-160.0,0.00065443653,0.0006530529,0.0006440913,0.00062716356,0.00062785076
85.0,-155.0,0.0006542369,0.0006527585,0.0006433695,0.00062717823,0.0006278545
85.0,-150.0,0.00065405964,0.0006521221,0.0006429971,0.0006271893,0.00062786025
85.0,-145.0,0.0006534839,0.0006512584,0.00064266653,0.00062718726,0.0006278621
85.0,-140.0,0.0006531123,0.0006508021,0.00064263045,0.00062720483,0.000627861
85.0,-135.0,0.00065327453,0.0006509517,0.0006425849,0.0006272364,0.00062785816
85.0,-130.0,0.00065335113,0.00065178686,0.00064266723,0.00062727503,0.00062785717
85.0,-125.0,0.0006532979,0.00065299147,0.0006426696,0.0006272901,0.00062785664
85.0,-120.0,0.0006537709,0.00065316365,0.0006426227,0.0006273298,0.00062785286
85.0,-115.0,0.0006550511,0.0006538895,0.0006427207,0.00062735326,0.000627848
85.0,-110.0,0.00065408833,0.0006542451,0.0006425572,0.00062736653,0.0006278395
85.0,-105.0,0.0006531826,0.000653874,0.0006435089,0.00062737527,0.00062783115
85.0,-100.0,0.0006530317,0.000652804,0.00064352795,0.0006273781,0.00062783435
85.0,-95.0,0.0006531353,0.00065252866,0.0006432997,0.0006273949,0.0006278404
85.0,-90.0,0.00065295864,0.00065262715,0.0006429814,0.000627407,0.0006278365
85.0,-85.0,0.0006532095,0.00065261486,0.00064304273,0.00062740926,0.0006278317
85.0,-80.0,0.0006531888,0.000652725,0.0006434418,0.00062741514,0.0006278303
85.0,-75.0,0.0006529243,0.00065300765,0.0006431862,0.0006274451,0.0006278238
85.0,-70.0,0.0006527907,0.00065287255,0.0006448485,0.00062745274,0.000627822
85.0,-65.0,0.00065276626,0.00065255543,0.000644495,0.00062748167,0.000627837
85.0,-60.0,0.000652816,0.0006523882,0.00064447476,0.0006274968,0.00062785536
85.0,-55.0,0.0006528604,0.0006522342,0.0006446319,0.0006275047,0.00062786584
85.0,-50.0,0.00065293995,0.000652061,0.00064468326,0.00062755076,0.00062785926
85.0,-45.0,0.0006529571,0.0006518997,0.0006450098,0.000627661,0.0006278423
85.0,-40.0,0.00065296836,0.00065155345,0.0006452448,0.0006278948,0.00062783604
85.0,-35.0,0.0006529647,0.0006517841,0.00064539036,0.00062822097,0.0006278368
85.0,-30.0,0.0006529814,0.0006520123,0.0006457854,0.00062856666,0.00062783476
85.0,-25.0,0.0006529313,0.0006519578,0.00064798165,0.0006285905,0.00062783394
85.0,-20.0,0.0006529737,0.0006551774,0.00064936245,0.0006281416,0.0006278419
85.0,-15.0,0.0006530914,0.0006544287,0.00065167254,0.0006280862,0.0006278407
85.0,-10.0,0.00065326085,0.0006531545,0.00065249053,0.00062854704,0.000627838
85.0,-5.0,0.00065343303,0.00065305457,0.00065302115,0.00062870304,0.0006278397
85.0,0.0,0.0006534787,0.00065318163,0.0006527712,0.0006287485,0.0006278425
85.0,5.0,0.0006535725,0.00065321027,0.0006522177,0.0006287606,0.0006278471
85.0,10.0,0.0006537972,0.0006538794,0.0006520943,0.00062875246,0.00062785135
85.0,15.0,0.0006539903,0.00065367774,0.00065210566,0.0006287259,0.00062785414
85.0,20.0,0.00065394584,0.00065382884,0.000651877,0.00062865904,0.0006278552
85.0,25.0,0.0006538067,0.00065386586,0.0006516602,0.0006284482,0.0006278596
85.0,30.0,0.0006537069,0.0006536794,0.00065122824,0.00062814256,0.00062786014
85.0,35.0,0.0006535616,0.0006532647,0.00065047643,0.0006281391,0.0006278605
85.0,40.0,0.00065326114,0.00065300753,0.0006496181,0.00062844955,0.0006278654
85.0,45.0,0.0006530659,0.00065295945,0.0006490166,0.0006285737,0.0006278735
85.0,50.0,0.0006527826,0.0006517853,0.0006490278,0.00062841707,0.00062787393
85.0,55.0,0.0006526079,0.0006509206,0.0006482674,0.0006280885,0.0006278731
85.0,60.0,0.0006526178,0.0006512215,0.0006472658,0.0006278404,0.0006278756
85.0,65.0,0.00065254,0.0006523357,0.000647855,0.00062766945,0.00062787766
85.0,70.0,0.0006524775,0.0006545483,0.00064795587,0.00062757975,0.00062787824
85.0,75.0,0.00065247517,0.0006540207,0.0006488129,0.0006274965,0.0006278732
85.0,80.0,0.0006524686,0.00065213785,0.00064845773,0.00062745856,0.0006278662
85.0,85.0,0.00065245136,0.0006512562,0.0006484028,0.0006274508,0.0006278672
85.0,90.0,0.00065248064,0.0006505998,0.00064874755,0.00062744605,0.00062787323
85.0,95.0,0.0006526123,0.00065031095,0.0006473465,0.00062742305,0.0006278796
85.0,100.0,0.0006526622,0.00065036723,0.00064665586,0.00062738813,0.00062787964
85.0,105.0,0.0006528516,0.00065053964,0.0006464006,0.0006273888,0.00062788633
85.0,110.0,0.0006528498,0.00065090833,0.00064655,0.00062741124,0.00062788645
85.0,115.0,0.0006523878,0.00065148046,0.0006475015,0.0006274298,0.00062789296
85.0,120.0,0.00065257377,0.0006526591,0.0006486343,0.00062742224,0.0006278981
85.0,125.0,0.00065286254,0.00065397477,0.0006482033,0.0006274028,0.0006278981
85.0,130.0,0.0006530637,0.0006553131,0.0006478349,0.0006273923,0.00062789844
85.0,135.0,0.000653273,0.0006552887,0.0006488215,0.00062738126,0.000627904
85.0,140.0,0.00065339333,0.00065540016,0.00064893765,0.0006273626,0.00062790554
85.0,145.0,0.0006534273,0.0006554302,0.000648228,0.000627346,0.00062790373
85.0,150.0,0.0006533884,0.00065537536,0.00064717844,0.0006273373,0.0006279018
85.0,155.0,0.0006533729,0.000655374,0.0006462835,0.0006273186,0.0006278975
85.0,160.0,0.0006532785,0.00065536017,0.0006461323,0.0006272838,0.00062788825
85.0,165.0,0.00065321656,0.00065533456,0.0006471276,0.00062725536,0.00062785484
85.0,170.0,0.00065323396,0.0006553343,0.00064771227,0.00062723295,0.0006278662
85.0,175.0,0.00065405725,0.0006552207,0.00064597616,0.00062721065,0.0006278651
85.0,180.0,0.0006540866,0.00065239077,0.0006443779,0.00062720093,0.00062786223
80.0,-175.0,0.0006538438,0.0006546805,0.00065583567,0.000627819,0.0006278819
80.0,-170.0,0.0006538369,0.0006547227,0.0006542679,0.0006278219,0.00062789465
80.0,-165.0,0.00065347814,0.00065512967,0.00065219373,0.0006278571,0.0006279083
80.0,-160.0,0.0006534472,0.0006546154,0.0006497084,0.0006278976,0.00062792294
80.0,-155.0,0.00065364316,0.0006545236,0.0006490644,0.0006277416,0.000627923
80.0,-150.0,0.0006541549,0.00065454596,0.00064809696,0.00062777806,0.0006279156
80.0,-145.0,0.000655067,0.0006543727,0.00064958114,0.0006278985,0.00062792486
80.0,-140.0,0.00065478496,0.00065408205,0.0006496881,0.0006278883,0.0006279332
80.0,-135.0,0.00065452006,0.0006538569,0.0006476101,0.0006277172,0.00062792946
80.0,-130.0,0.00065453356,0.00065403694,0.00064642425,0.000627721,0.00062791276
80.0,-125.0,0.00065473624,0.00065370044,0.0006464575,0.00062766677,0.0006279124
80.0,-120.0,0.0006549675,0.0006534774,0.00064652605,0.0006276034,0.0006279035
80.0,-115.0,0.0006550584,0.0006535789,0.00064649014,0.0006274064,0.0006279015
80.0,-110.0,0.00065387343,0.00065329496,0.0006451385,0.0006272216,0.00062787964
80.0,-105.0,0.00065315026,0.0006527405,0.0006449939,0.0006272476,0.0006278617
80.0,-100.0,0.00065319374,0.00065386825,0.00064383214,0.0006272617,0.0006278498
80.0,-95.0,0.0006534867,0.0006543639,0.000642189,0.000627289,0.00062784046
80.0,-90.0,0.00065468095,0.00065384613,0.0006431182,0.00062733097,0.0006278104
80.0,-85.0,0.0006535491,0.0006530049,0.0006433037,0.0006273334,0.0006277982
80.0,-80.0,0.0006536446,0.0006546212,0.0006443932,0.00062738155,0.00062776206
80.0,-75.0,0.00065392494,0.0006523184,0.00064321,0.00062775286,0.0006277688
80.0,-70.0,0.00065501576,0.00065249065,0.00064357487,0.0006284084,0.0006277636
80.0,-65.0,0.00065360684,0.0006523485,0.0006461062,0.0006279653,0.000627761
80.0,-60.0,0.00065308856,0.00065195415,0.0006489941,0.0006288145,0.00062776223
80.0,-55.0,0.0006527744,0.00065184187,0.00064809097,0.0006290826,0.00062780484
80.0,-50.0,0.00065258413,0.00065186695,0.0006480003,0.0006295907,0.00062781945
80.0,-45.0,0.0006525741,0.0006515592,0.00064829306,0.00062894274,0.0006278343
80.0,-40.0,0.0006527237,0.00065142417,0.0006483358,0.0006290839,0.00062784844
80.0,-35.0,0.000653003,0.00065156387,0.0006481619,0.00062893593,0.00062783534
80.0,-30.0,0.0006531517,0.0006510032,0.00064913114,0.0006289643,0.00062783854
80.0,-25.0,0.00065369846,0.000652233,0.0006468649,0.0006290852,0.00062782853
80.0,-20.0,0.00065412134,0.00065480964,0.0006443216,0.00062916015,0.00062783377
80.0,-15.0,0.00065418374,0.000653697,0.0006505436,0.0006291731,0.0006278332
80.0,-10.0,0.0006538977,0.00065269717,0.00065035257,0.0006291342,0.00062783627
80.0,-5.0,0.00065368257,0.0006525302,0.00065069785,0.00062930124,0.0006278427
80.0,0.0,0.0006536634,0.0006525017,0.00065076177,0.00062924303,0.00062784564
80.0,5.0,0.0006540835,0.0006524042,0.00065047183,0.000629102,0.0006278521
80.0,10.0,0.00065377215,0.0006524584,0.0006502171,0.00062906364,0.00062786235
80.0,15.0,0.0006537733,0.0006526958,0.0006496674,0.0006290312,0.0006278693
80.0,20.0,0.00065388205,0.00065271027,0.00064817566,0.000629023,0.00062786904
80.0,25.0,0.00065382454,0.00065187115,0.00064839335,0.0006290265,0.00062786974
80.0,30.0,0.00065375963,0.00065230514,0.0006490972,0.0006290542,0.0006278686
80.0,35.0,0.00065395137,0.0006523408,0.000649141,0.0006291503,0.000627868
80.0,40.0,0.00065412064,0.00065241853,0.0006480088,0.00062926137,0.0006278638
80.0,45.0,0.000655161,0.00065283896,0.0006475464,0.00062923314,0.00062786695
80.0,50.0,0.0006550833,0.00065298437,0.0006449531,0.0006291974,0.0006278648
80.0,55.0,0.0006540096,0.0006524428,0.00064322347,0.00062918285,0.00062786543
80.0,60.0,0.00065334357,0.0006535195,0.00064387836,0.0006289674,0.00062786473
80.0,65.0,0.0006540337,0.00065496087,0.00064014026,0.00062910176,0.000627864
80.0,70.0,0.0006540753,0.00065279927,0.00064106437,0.0006291256,0.00062786794
80.0,75.0,0.000654527,0.0006548002,0.0006439883,0.0006292371,0.0006278737
80.0,80.0,0.00065425574,0.0006563491,0.0006446269,0.00062878465,0.00062787527
80.0,85.0,0.00065460295,0.0006542683,0.0006447575,0.0006283855,0.00062786735
80.0,90.0,0.0006545759,0.0006532603,0.0006450373,0.0006281677,0.0006278688
80.0,95.0,0.0006542765,0.0006531316,0.00064505293,0.00062769273,0.0006278704
80.0,100.0,0.0006548072,0.00065390865,0.00064489245,0.0006275063,0.00062787166
80.0,105.0,0.0006545211,0.00065475365,0.0006444392,0.0006274783,0.0006278731
80.0,110.0,0.0006545348,0.00065640715,0.0006434372,0.0006274663,0.00062787015
80.0,115.0,0.00065456575,0.00065313856,0.000640363,0.000627439,0.00062787766
80.0,120.0,0.00065480947,0.0006528266,0.0006426387,0.000627431,0.0006278853
80.0,125.0,0.00065506116,0.0006556246,0.0006468991,0.0006273857,0.0006278825
80.0,130.0,0.0006531628,0.00065546983,0.00064534135,0.00062733225,0.0006278923
80.0,135.0,0.00065348146,0.0006547181,0.0006493439,0.0006273089,0.00062789285
80.0,140.0,0.0006533593,0.0006554033,0.00065169577,0.00062727043,0.00062788825
80.0,145.0,0.0006537643,0.00065515307,0.0006520681,0.0006272799,0.000627877
80.0,150.0,0.0006538134,0.00065388286,0.000653615,0.00062735355,0.00062785833
80.0,155.0,0.00065379567,0.0006546711,0.0006545631,0.00062740705,0.00062786246
80.0,160.0,0.00065386127,0.000654816,0.0006547561,0.00062744797,0.000627853
80.0,165.0,0.0006538073,0.0006547098,0.0006533293,0.0006275087,0.0006278541
80.0,170.0,0.0006538362,0.00065445655,0.0006526161,0.00062755,0.0006278552
80.0,175.0,0.00065416173,0.00065460784,0.00065474835,0.0006276357,0.00062787015
80.0,180.0,0.00065394735,0.0006545516,0.000656458,0.0006277655,0.0006278844
75.0,-175.0,0.00065350486,0.0006551805,0.0006480804,0.0006288175,0.00062792556
75.0,-170.0,0.00065378787,0.00065485906,0.00064619165,0.0006291036,0.00062792667
75.0,-165.0,0.0006540356,0.0006548253,0.00064761686,0.0006292426,0.00062793284
75.0,-160.0,0.00065415405,0.00065267703,0.0006471981,0.00062911987,0.0006279378
75.0,-155.0,0.00065430166,0.00065226504,0.0006451262,0.00062887423,0.0006279326
75.0,-150.0,0.00065457233,0.0006519034,0.0006445949,0.0006287976,0.0006279262
75.0,-145.0,0.0006545984,0.00065170205,0.00064448226,0.000628761,0.00062793575
75.0,-140.0,0.0006545984,0.0006525158,0.0006442598,0.00062877865,0.0006279394
75.0,-135.0,0.00065420737,0.0006521349,0.0006433067,0.00062874425,0.00062794937
75.0,-130.0,0.0006540628,0.00065251783,0.00064304087,0.00062864664,0.0006279434
75.0,-125.0,0.0006540851,0.0006527307,0.00064424315,0.00062849757,0.0006279464
75.0,-120.0,0.0006541845,0.0006529489,0.0006451636,0.00062852027,0.00062795077
75.0,-115.0,0.0006546033,0.0006527089,0.00064490264,0.0006282702,0.00062794256
75.0,-110.0,0.0006541115,0.0006537753,0.00064441137,0.00062816223,0.000627939
75.0,-105.0,0.00065348455,0.00065340573,0.00064433727,0.00062770117,0.00062792987
75.0,-100.0,0.0006535936,0.0006526736,0.0006458405,0.0006274428,0.00062791246
75.0,-95.0,0.0006536872,0.0006527384,0.0006455408,0.0006275355,0.0006278881
75.0,-90.0,0.0006534286,0.0006529468,0.00064414693,0.0006284824,0.0006278733
75.0,-85.0,0.00065335596,0.0006530953,0.0006440309,0.0006284225,0.00062786095
75.0,-80.0,0.00065377273,0.00065289746,0.00064518256,0.00062884047,0.00062785344
75.0,-75.0,0.00065357477,0.00065201946,0.00064482185,0.0006290697,0.0006278377
75.0,-70.0,0.00065365364,0.0006518502,0.0006430031,0.0006293304,0.00062779535
75.0,-65.0,0.00065368373,0.00065268914,0.00064312876,0.00062927965,0.00062778866
75.0,-60.0,0.00065331924,0.0006526286,0.0006455496,0.00062947354,0.0006278007
75.0,-55.0,0.0006523907,0.000651383,0.00064868643,0.00062897435,0.0006278501
75.0,-50.0,0.00065225404,0.000651291,0.00065050996,0.0006288609,0.0006278225
75.0,-45.0,0.0006517721,0.00065178674,0.0006524431,0.00062886317,0.0006278064
75.0,-40.0,0.000651516,0.00065196725,0.000651359,0.00062908453,0.0006278199
75.0,-35.0,0.0006517594,0.0006522022,0.0006516463,0.000629064,0.00062783767
75.0,-30.0,0.00065204443,0.0006515561,0.0006520943,0.00062929216,0.0006278544
75.0,-25.0,0.0006524994,0.0006521957,0.0006502829,0.00062893523,0.0006278599
75.0,-20.0,0.00065375067,0.000651179,0.0006507131,0.0006291103,0.00062785845
75.0,-15.0,0.0006539056,0.0006514432,0.00064544834,0.0006290612,0.00062785245
75.0,-10.0,0.0006536678,0.00065184303,0.0006441153,0.0006291009,0.0006278665
75.0,-5.0,0.00065348047,0.00065199484,0.00064421835,0.0006289406,0.0006278615
75.0,0.0,0.00065347395,0.0006530881,0.000642776,0.00062887283,0.00062785816
75.0,5.0,0.00065349345,0.0006524029,0.0006415723,0.0006287824,0.0006278667
75.0,10.0,0.0006535014,0.0006529541,0.0006407844,0.0006285945,0.0006278756
75.0,15.0,0.00065371225,0.0006513555,0.0006401028,0.0006285479,0.000627872
75.0,20.0,0.00065339054,0.0006507126,0.0006396364,0.0006286141,0.00062786584
75.0,25.0,0.0006533792,0.0006516726,0.0006392183,0.0006285923,0.0006278638
75.0,30.0,0.0006533056,0.0006540141,0.0006395185,0.0006287289,0.000627862
75.0,35.0,0.00065408694,0.00065330137,0.00063994754,0.0006287088,0.00062787463
75.0,40.0,0.000654174,0.00065349304,0.000639943,0.00062866206,0.0006278763
75.0,45.0,0.00065428147,0.0006539626,0.00064018223,0.00062857254,0.00062787853
75.0,50.0,0.00065431703,0.0006541241,0.000640534,0.00062836264,0.00062787184
75.0,55.0,0.0006545742,0.00065277505,0.00064059487,0.0006286629,0.00062787224
75.0,60.0,0.0006542006,0.00065117533,0.00064095145,0.0006291342,0.00062788045
75.0,65.0,0.0006536904,0.00065414,0.000641387,0.0006290698,0.00062787946
75.0,70.0,0.0006549205,0.0006556783,0.00064286496,0.00062913063,0.0006278939
75.0,75.0,0.0006548834,0.00065454264,0.00064493873,0.00062925095,0.0006278873
75.0,80.0,0.00065480097,0.0006528618,0.0006458615,0.00062912697,0.00062788156
75.0,85.0,0.0006546906,0.0006531762,0.00064262655,0.00062899204,0.0006278553
75.0,90.0,0.0006555355,0.00065572443,0.0006442281,0.00062916527,0.00062784855
75.0,95.0,0.00065590243,0.0006525144,0.0006460209,0.00062935817,0.00062786066
75.0,100.0,0.00065554294,0.00065283215,0.0006460231,0.0006285698,0.00062787137
75.0,105.0,0.00065528473,0.0006526536,0.0006470374,0.00062840886,0.00062786957
75.0,110.0,0.00065503374,0.00065332296,0.00064568286,0.0006280662,0.00062787137
75.0,115.0,0.00065494946,0.0006570052,0.00064515806,0.00062789547,0.0006278727
75.0,120.0,0.00065431447,0.0006523743,0.0006413843,0.0006277628,0.00062788936
75.0,125.0,0.0006544787,0.000655923,0.0006469008,0.0006277365,0.0006278796
75.0,130.0,0.00065503025,0.00065527356,0.00064646755,0.0006276842,0.0006278736
75.0,135.0,0.00065327383,0.0006545174,0.00064853363,0.00062763004,0.0006278953
75.0,140.0,0.0006537782,0.00065559306,0.00065086863,0.0006276717,0.00062789494
75.0,145.0,0.0006542182,0.0006552446,0.0006536225,0.0006276993,0.00062787987
75.0,150.0,0.00065434695,0.0006546209,0.0006524566,0.00062776764,0.00062788615
75.0,155.0,0.0006542906,0.0006545353,0.00064981217,0.00062791596,0.000627882
75.0,160.0,0.0006540056,0.0006558597,0.00064975984,0.0006282093,0.0006278792
75.0,165.0,0.0006537722,0.0006561733,0.00064981676,0.00062843226,0.0006278788
75.0,170.0,0.00065369747,0.0006546046,0.0006494027,0.0006286458,0.0006278728
75.0,175.0,0.0006537772,0.00065436854,0.00064939633,0.00062887534,0.00062787585
75.0,180.0,0.0006536064,0.0006546948,0.00064944726,0.0006288371,0.0006278836
70.0,-175.0,0.0006543477,0.00065440463,0.0006513213,0.00062904664,0.0006278834
70.0,-170.0,0.0006544364,0.0006537257,0.00065182714,0.0006289966,0.0006278851
70.0,-165.0,0.00065450306,0.00065343844,0.0006515918,0.0006285714,0.0006279032
70.0,-160.0,0.0006546726,0.00065309275,0.0006518613,0.0006288183,0.00062790874
70.0,-155.0,0.0006546637,0.00065246964,0.00065259304,0.0006289818,0.000627958
70.0,-150.0,0.0006545367,0.0006525627,0.0006527441,0.000629036,0.0006279659
70.0,-145.0,0.00065477425,0.0006526103,0.0006518504,0.0006290674,0.0006279425
70.0,-140.0,0.0006549533,0.0006518663,0.0006523469,0.00062910723,0.0006279488
70.0,-135.0,0.00065511354,0.0006547156,0.00065247377,0.00062896096,0.00062792207
70.0,-130.0,0.0006546679,0.00065213616,0.0006525576,0.00062875234,0.0006279173
70.0,-125.0,0.00065432396,0.0006535044,0.0006522653,0.00062871666,0.0006279382
70.0,-120.0,0.0006541121,0.0006531384,0.0006515667,0.00062840804,0.0006279386
70.0,-115.0,0.0006543311,0.0006527059,0.00065159705,0.0006278919,0.0006279406
70.0,-110.0,0.00065395434,0.00065284816,0.0006464819,0.000628124,0.0006279602
70.0,-105.0,0.00065407646,0.00065323303,0.00064553233,0.00062784913,0.00062796747
70.0,-100.0,0.00065344776,0.000656017,0.0006439872,0.00062894146,0.0006279502
70.0,-95.0,0.00065355696,0.0006520747,0.0006458447,0.0006289252,0.0006279323
70.0,-90.0,0.00065340847,0.00065309217,0.00064334035,0.0006290902,0.0006278863
70.0,-85.0,0.0006535594,0.00065223884,0.00064148847,0.00062931795,0.0006278421
70.0,-80.0,0.0006537129,0.0006513595,0.0006409853,0.0006291765,0.0006278035
70.0,-75.0,0.00065362756,0.0006522477,0.0006428069,0.00062919426,0.00062778563
70.0,-70.0,0.0006538185,0.00065079663,0.0006439841,0.0006292874,0.000627856
70.0,-65.0,0.0006536307,0.00065224676,0.0006433545,0.0006289825,0.00062787154
70.0,-60.0,0.00065372826,0.0006512298,0.0006445732,0.0006288552,0.0006278757
70.0,-55.0,0.000653486,0.0006508395,0.0006472446,0.0006287989,0.0006278721
70.0,-50.0,0.00065326784,0.0006517621,0.0006467408,0.00062884984,0.0006278397
70.0,-45.0,0.00065283646,0.00065237464,0.0006472963,0.00062896457,0.00062783476
70.0,-40.0,0.0006523667,0.00065106084,0.00064876,0.00062911946,0.0006278229
70.0,-35.0,0.000651988,0.0006518732,0.0006503146,0.0006291229,0.00062783365
70.0,-30.0,0.00065257197,0.0006517142,0.00065092347,0.0006290861,0.00062784384
70.0,-25.0,0.0006544122,0.00065162097,0.0006506382,0.00062898046,0.0006278618
70.0,-20.0,0.00065381976,0.0006515795,0.00065014564,0.0006289925,0.0006278568
70.0,-15.0,0.00065298483,0.0006513434,0.00064770284,0.000629069,0.0006278479
70.0,-10.0,0.000653708,0.000651808,0.00064956496,0.00062892004,0.0006278453
70.0,-5.0,0.00065365445,0.0006515951,0.0006473543,0.00062886695,0.000627836
70.0,0.0,0.0006527287,0.0006520739,0.00064541865,0.0006288087,0.0006278439
70.0,5.0,0.00065265404,0.000651718,0.00064352935,0.0006288814,0.00062781206
70.0,10.0,0.000652983,0.00065145903,0.00064477866,0.0006289885,0.0006278135
70.0,15.0,0.0006537832,0.00065147417,0.00064494164,0.00062906276,0.00062782865
70.0,20.0,0.0006545184,0.0006514648,0.00064421527,0.0006290481,0.00062783435
70.0,25.0,0.00065485155,0.00065245974,0.00064568745,0.0006285404,0.0006278318
70.0,30.0,0.000654267,0.0006519698,0.00064406876,0.00062850025,0.0006278091
70.0,35.0,0.00065419596,0.0006518989,0.0006478157,0.000628502,0.00062782096
70.0,40.0,0.00065435446,0.0006522237,0.0006493662,0.0006285705,0.00062782166
70.0,45.0,0.00065494195,0.000652255,0.00065081054,0.0006286023,0.0006278421
70.0,50.0,0.0006544356,0.0006516451,0.0006506022,0.0006285269,0.0006278534
70.0,55.0,0.0006545624,0.0006510235,0.00065015693,0.0006284165,0.00062785955
70.0,60.0,0.0006555289,0.0006510816,0.0006492505,0.0006284895,0.00062787056
70.0,65.0,0.0006557393,0.0006518278,0.00064550916,0.00062830816,0.00062789663
70.0,70.0,0.0006562789,0.0006525658,0.0006431091,0.0006286122,0.0006278927
70.0,75.0,0.0006558891,0.00065356935,0.0006426981,0.0006289974,0.00062788685
70.0,80.0,0.00065461546,0.00065463496,0.00064315286,0.000629117,0.0006278845
70.0,85.0,0.000654364,0.000653852,0.00064275303,0.0006292817,0.0006278613
70.0,90.0,0.0006549329,0.000652592,0.00064517383,0.00062903744,0.00062786846
70.0,95.0,0.0006549876,0.0006550278,0.000645437,0.0006289101,0.00062786404
70.0,100.0,0.00065632426,0.0006558117,0.00064449006,0.0006291384,0.0006278594
70.0,105.0,0.00065718533,0.00065139885,0.00064514816,0.00062918884,0.0006278595
70.0,110.0,0.0006568576,0.00065173116,0.00064561627,0.0006294154,0.0006278874
70.0,115.0,0.00065625086,0.000652609,0.0006470502,0.00062911614,0.0006278875
70.0,120.0,0.00065577216,0.0006525938,0.0006448181,0.0006288464,0.00062788744
70.0,125.0,0.000655057,0.00065274717,0.00064023986,0.0006287216,0.00062788144
70.0,130.0,0.00065567426,0.000655361,0.0006459487,0.00062858267,0.0006278997
70.0,135.0,0.00065558375,0.00065461383,0.0006448087,0.00062853785,0.00062790303
70.0,140.0,0.0006553118,0.00065330614,0.0006461842,0.0006287058,0.00062790856
70.0,145.0,0.00065393664,0.0006581984,0.00064687297,0.0006289371,0.0006278906
70.0,150.0,0.0006543793,0.00065745064,0.00064723525,0.0006292205,0.0006278886
70.0,155.0,0.0006548156,0.0006537848,0.00064805103,0.0006291716,0.0006278997
70.0,160.0,0.0006549785,0.0006525657,0.0006535618,0.0006288601,0.0006279152
70.0,165.0,0.0006549799,0.0006540626,0.00065246836,0.00062923174,0.0006279195
70.0,170.0,0.00065446924,0.00065308076,0.0006488202,0.00062942825,0.00062791887
70.0,175.0,0.00065410713,0.0006535641,0.00065084285,0.00062958314,0.00062790443
70.0,180.0,0.0006542271,0.0006536814,0.0006524846,0.00062943035,0.00062789867
65.0,-175.0,0.00065477565,0.0006512261,0.00065054244,0.0006290465,0.0006279223
65.0,-170.0,0.00065452093,0.0006551461,0.00064933597,0.0006288296,0.00062790926
65.0,-165.0,0.0006548063,0.0006542349,0.0006514051,0.00062850525,0.0006279027
65.0,-160.0,0.0006551834,0.0006546831,0.0006516095,0.0006283888,0.0006279115
65.0,-155.0,0.00065563776,0.00065316254,0.00065323117,0.0006285863,0.0006279215
65.0,-150.0,0.0006565364,0.00065285264,0.0006480932,0.00062905025,0.0006279057
65.0,-145.0,0.00065468065,0.00065330445,0.0006460058,0.00062884256,0.0006279359
65.0,-140.0,0.0006546319,0.00065423804,0.00064650865,0.00062889425,0.0006279335
65.0,-135.0,0.0006546568,0.0006541667,0.0006466947,0.0006287969,0.00062791794
65.0,-130.0,0.0006541406,0.00065206725,0.0006507729,0.0006286052,0.00062790746
65.0,-125.0,0.00065776246,0.0006532331,0.00065502635,0.00062844425,0.00062790734
65.0,-120.0,0.0006566762,0.00065069814,0.00065267674,0.00062828476,0.00062789104
65.0,-115.0,0.0006554415,0.00065243617,0.0006515063,0.0006289272,0.000627909
65.0,-110.0,0.0006543058,0.00065300456,0.00065319706,0.0006290496,0.0006279717
65.0,-105.0,0.00065390853,0.00065265916,0.0006501797,0.00062905665,0.00062797335
65.0,-100.0,0.00065379,0.00065387524,0.00064835435,0.0006292306,0.0006279831
65.0,-95.0,0.0006537929,0.0006526068,0.0006471205,0.0006291249,0.0006279862
65.0,-90.0,0.00065380003,0.00065300456,0.00064450246,0.0006290097,0.0006279375
65.0,-85.0,0.0006537155,0.0006522252,0.00064279645,0.0006288259,0.0006278919
65.0,-80.0,0.0006533012,0.0006514514,0.00064479606,0.00062935037,0.0006278439
65.0,-75.0,0.0006541463,0.00065272936,0.00064683263,0.0006290533,0.000627843
65.0,-70.0,0.0006542399,0.0006518246,0.0006497549,0.00062899303,0.0006278617
65.0,-65.0,0.0006535161,0.00065180403,0.00065028534,0.0006288789,0.0006278868
65.0,-60.0,0.00065354316,0.00065149856,0.0006509584,0.0006289947,0.0006278941
65.0,-55.0,0.0006530496,0.0006515912,0.000648344,0.0006291629,0.00062793127
65.0,-50.0,0.0006531123,0.0006518631,0.00064731843,0.00062909524,0.0006279153
65.0,-45.0,0.0006529947,0.000651593,0.00064813235,0.00062899507,0.0006278886
65.0,-40.0,0.00065303216,0.0006501949,0.00064483035,0.0006290358,0.0006278786
65.0,-35.0,0.0006532171,0.00065048225,0.0006482719,0.00062892935,0.00062786683
65.0,-30.0,0.00065351365,0.0006516062,0.00064697734,0.00062911445,0.00062784087
65.0,-25.0,0.00065335137,0.00065308344,0.00064332224,0.0006290544,0.0006278256
65.0,-20.0,0.0006543053,0.00065298576,0.00064196816,0.00062904827,0.00062780513
65.0,-15.0,0.00065679377,0.0006526644,0.0006422022,0.0006289304,0.00062784844
65.0,-10.0,0.0006525257,0.00065239624,0.0006418532,0.0006290681,0.0006278503
65.0,-5.0,0.00065268273,0.0006531427,0.0006423847,0.00062904006,0.00062782975
65.0,0.0,0.0006526411,0.000651896,0.00064757274,0.0006290285,0.00062780717
65.0,5.0,0.0006528113,0.0006530204,0.0006485269,0.0006289842,0.0006277945
65.0,10.0,0.0006530127,0.00065235805,0.00064853503,0.0006289701,0.00062778627
65.0,15.0,0.0006555834,0.0006527156,0.0006489242,0.000628928,0.00062778255
65.0,20.0,0.0006582059,0.0006516113,0.0006473138,0.00062900875,0.00062779937
65.0,25.0,0.00065476017,0.0006513945,0.0006450354,0.0006291301,0.0006278141
65.0,30.0,0.00065998494,0.0006517362,0.00064900785,0.0006288555,0.0006277929
65.0,35.0,0.00065587735,0.0006522319,0.00065086933,0.00062844274,0.00062781596
65.0,40.0,0.0006540124,0.00065213646,0.000651778,0.0006285305,0.0006278033
65.0,45.0,0.0006544911,0.00065240083,0.0006512389,0.00062851753,0.0006278168
65.0,50.0,0.00065513677,0.00065154466,0.0006515271,0.00062853994,0.0006278286
65.0,55.0,0.0006579154,0.0006519226,0.0006524133,0.0006285274,0.0006278436
65.0,60.0,0.0006579356,0.00065204717,0.000653006,0.00062853354,0.0006278695
65.0,65.0,0.0006585678,0.0006515132,0.00065193913,0.0006286095,0.0006278825
65.0,70.0,0.0006570507,0.00065138575,0.0006486482,0.00062848657,0.00062788534
65.0,75.0,0.00065592333,0.00065333024,0.00064166775,0.0006292287,0.00062787486
65.0,80.0,0.00065567653,0.00065186614,0.0006423242,0.0006291437,0.0006278574
65.0,85.0,0.0006541472,0.0006523192,0.0006457472,0.0006291108,0.00062785204
65.0,90.0,0.000654862,0.00065234746,0.00064467837,0.00062920066,0.00062785007
65.0,95.0,0.0006557346,0.00065071986,0.00064603484,0.000629085,0.0006278649
65.0,100.0,0.0006571652,0.0006512438,0.0006467853,0.0006289913,0.00062787917
65.0,105.0,0.00065746385,0.000651412,0.00064962223,0.00062887714,0.0006278787
65.0,110.0,0.0006575667,0.0006516211,0.00064970535,0.0006288176,0.0006278904
65.0,115.0,0.0006584511,0.00065163546,0.00064747257,0.00062888284,0.00062787713
65.0,120.0,0.00065862207,0.0006515378,0.0006467573,0.00062898564,0.00062788243
65.0,125.0,0.0006555001,0.0006543472,0.00064092246,0.0006289183,0.0006278978
65.0,130.0,0.0006562923,0.0006524739,0.00064509816,0.00062889047,0.0006278977
65.0,135.0,0.00065662846,0.000652878,0.00064544304,0.0006288434,0.0006278976
65.0,140.0,0.0006559027,0.0006541999,0.0006447335,0.00062879384,0.00062789524
65.0,145.0,0.00065638707,0.00065267686,0.0006433655,0.0006287354,0.00062789477
65.0,150.0,0.0006567187,0.0006540516,0.0006465849,0.0006288443,0.000627905
65.0,155.0,0.000656683,0.0006521923,0.0006467567,0.000629017,0.0006278953
65.0,160.0,0.00065677305,0.00065312604,0.0006452728,0.00062927837,0.00062788813
65.0,165.0,0.0006568751,0.000653113,0.00064370496,0.00062929525,0.00062790274
65.0,170.0,0.00065468694,0.0006519312,0.00064798276,0.0006288975,0.000627901
65.0,175.0,0.0006541194,0.0006542703,0.0006512623,0.0006287149,0.0006278897
65.0,180.0,0.00065415906,0.0006540861,0.00064828055,0.0006288082,0.0006278567
60.0,-175.0,0.0006542029,0.0006535244,0.0006483235,0.00062866975,0.0006278911
60.0,-170.0,0.0006537846,0.00065456325,0.0006460209,0.0006285872,0.0006278825
60.0,-165.0,0.00065435027,0.00065299205,0.00064636586,0.00062858354,0.00062785484
60.0,-160.0,0.00065581145,0.0006542413,0.00064909796,0.0006287289,0.0006278761
60.0,-155.0,0.00065499946,0.0006541638,0.0006489154,0.0006289107,0.0006278928
60.0,-150.0,0.00065446936,0.00065329205,0.0006486147,0.00062886387,0.0006279203
60.0,-145.0,0.0006538094,0.00065390783,0.00064382434,0.0006289791,0.00062792416
60.0,-140.0,0.0006545801,0.0006537124,0.0006480305,0.0006286595,0.00062786014
60.0,-135.0,0.0006539548,0.0006529685,0.00064581615,0.0006285609,0.00062781863
60.0,-130.0,0.0006543555,0.0006524157,0.00064722926,0.00062842376,0.00062785635
60.0,-125.0,0.0006536174,0.0006526306,0.00065057236,0.0006274709,0.0006278791
60.0,-120.0,0.00065318047,0.00065216277,0.00065354124,0.00062837906,0.000627741
60.0,-115.0,0.00066050777,0.00065159507,0.00065240124,0.0006289701,0.0006276979
60.0,-110.0,0.0006547149,0.0006520949,0.0006516036,0.0006291209,0.0006277765
60.0,-105.0,0.0006543556,0.00065275945,0.0006520578,0.0006291971,0.0006279361
60.0,-100.0,0.000653811,0.00065157237,0.0006455232,0.0006290469,0.0006279973
60.0,-95.0,0.00065380527,0.00065333484,0.0006446242,0.0006291056,0.0006279564
60.0,-90.0,0.0006532598,0.00065293175,0.0006467693,0.0006288691,0.00062798394
60.0,-85.0,0.000653353,0.000652375,0.000647311,0.00062935834,0.0006279781
60.0,-80.0,0.0006545277,0.0006523585,0.00064880913,0.0006290968,0.0006279671
60.0,-75.0,0.0006551666,0.0006535286,0.0006499732,0.0006290629,0.00062792684
60.0,-70.0,0.0006541828,0.0006530651,0.00064717093,0.0006290163,0.00062797614
60.0,-65.0,0.0006560781,0.0006526795,0.00064840174,0.0006292111,0.0006279541
60.0,-60.0,0.00065455725,0.0006523971,0.00065025984,0.0006291646,0.0006279674
60.0,-55.0,0.00065341085,0.0006518423,0.0006511103,0.0006290279,0.00062793377
60.0,-50.0,0.0006533555,0.00065209594,0.00065086596,0.0006289869,0.00062796177
60.0,-45.0,0.0006531878,0.00065138564,0.0006446039,0.00062898383,0.00062794314
60.0,-40.0,0.00065342523,0.00065129786,0.00064481894,0.0006290448,0.00062792416
60.0,-35.0,0.0006542163,0.0006525831,0.00064197095,0.0006289307,0.000627908
60.0,-30.0,0.0006543245,0.0006523221,0.0006419092,0.00062923186,0.000627907
60.0,-25.0,0.00065396767,0.0006510965,0.0006427487,0.0006292787,0.0006279104
60.0,-20.0,0.00065432116,0.00065230025,0.00064249284,0.00062917167,0.0006279032
60.0,-15.0,0.0006533503,0.00065215456,0.00064139446,0.0006290861,0.00062787277
60.0,-10.0,0.00065273873,0.0006526191,0.0006406896,0.00062900153,0.000627827
60.0,-5.0,0.00065074314,0.0006513662,0.0006474631,0.00062916556,0.0006277681
60.0,0.0,0.0006544323,0.0006522289,0.00064891414,0.0006289056,0.0006277854
60.0,5.0,0.0006556798,0.00065200875,0.00065039576,0.00062903337,0.0006278499
60.0,10.0,0.000705075,0.00065079343,0.00065115443,0.00062901503,0.00062795536
60.0,15.0,0.00067326886,0.0006513991,0.0006496203,0.000628949,0.00062803226
60.0,20.0,0.00065387104,0.0006513494,0.00065014866,0.00062884943,0.00062794186
60.0,25.0,0.0006532659,0.00065188785,0.00064553786,0.0006288546,0.0006278924
60.0,30.0,0.00065989105,0.000651605,0.00065085315,0.00062892796,0.00062793103
60.0,35.0,0.0006585273,0.00065196434,0.00065191527,0.0006289477,0.0006278497
60.0,40.0,0.0006594499,0.0006515689,0.00065128173,0.0006289401,0.0006278267
60.0,45.0,0.00066481123,0.0006512819,0.0006510887,0.0006290432,0.00062784355
60.0,50.0,0.0006592966,0.0006514099,0.0006506996,0.0006291772,0.00062783103
60.0,55.0,0.00066229404,0.00065172074,0.0006512781,0.0006292443,0.0006278407
60.0,60.0,0.00066067796,0.0006518861,0.0006511138,0.00062926905,0.0006278436
60.0,65.0,0.00066097017,0.0006506201,0.00065153284,0.0006292804,0.0006278428
60.0,70.0,0.0006565581,0.000650285,0.0006473432,0.0006293634,0.00062784966
60.0,75.0,0.00065623847,0.0006513504,0.0006438893,0.0006293447,0.00062784867
60.0,80.0,0.00065641495,0.00065212476,0.0006431058,0.0006292719,0.0006278437
60.0,85.0,0.00065463834,0.0006523094,0.000646276,0.00062914926,0.0006278575
60.0,90.0,0.0006561032,0.00065210555,0.00064870674,0.0006290247,0.00062785996
60.0,95.0,0.0006584702,0.0006527711,0.0006511265,0.0006289707,0.0006278615
60.0,100.0,0.0006649153,0.00065491727,0.00065155746,0.0006289732,0.0006278607
60.0,105.0,0.00066097674,0.0006555782,0.0006523688,0.0006289776,0.0006278628
60.0,110.0,0.00066107546,0.0006524292,0.0006516835,0.00062894216,0.0006278663
60.0,115.0,0.0006590602,0.0006511391,0.00065119565,0.0006288885,0.00062787835
60.0,120.0,0.0006593626,0.00065175304,0.0006482088,0.00062886445,0.00062787335
60.0,125.0,0.0006560756,0.0006519222,0.00064155663,0.00062889996,0.00062787917
60.0,130.0,0.0006554225,0.0006480027,0.00064490095,0.0006288897,0.0006278619
60.0,135.0,0.00065584277,0.00065349287,0.00064380845,0.000628904,0.0006278486
60.0,140.0,0.0006569266,0.0006549145,0.00064986217,0.0006289362,0.00062784867
60.0,145.0,0.0006575248,0.00065431267,0.00065521576,0.0006289784,0.00062784535
60.0,150.0,0.0006587545,0.0006528059,0.00065414753,0.0006285206,0.0006278378
60.0,155.0,0.00065805117,0.0006515602,0.00065473875,0.0006283456,0.000627829
60.0,160.0,0.00065720786,0.00065317046,0.0006544561,0.0006283302,0.0006278741
60.0,165.0,0.00065889844,0.0006528296,0.00065477914,0.0006285312,0.00062790595
60.0,170.0,0.000657591,0.0006539037,0.00065049605,0.0006288444,0.0006279038
60.0,175.0,0.00065640255,0.0006524343,0.0006458383,0.00062896335,0.00062790996
60.0,180.0,0.0006540085,0.00065560755,0.0006498372,0.0006282757,0.00062788505
55.0,-175.0,0.00065448275,0.0006532053,0.0006470092,0.0006286928,0.000627846
55.0,-170.0,0.00065471116,0.00065119285,0.00064205617,0.00062796084,0.00062787026
55.0,-165.0,0.00065503974,0.0006547322,0.0006555824,0.00062778714,0.0006278604
55.0,-160.0,0.0006541212,0.0006540243,0.0006537669,0.00062813325,0.0006277046
55.0,-155.0,0.0006549555,0.00065479684,0.0006528747,0.00062881137,0.00062770466
55.0,-150.0,0.00065500103,0.0006529296,0.0006529863,0.00062908896,0.00062776287
55.0,-145.0,0.00065539667,0.00064560474,0.000647417,0.00062898034,0.0006277349
55.0,-140.0,0.00065547414,0.0006547502,0.0006472939,0.00062897196,0.00062785565
55.0,-135.0,0.00065511,0.00065161736,0.0006459728,0.0006286561,0.00062768394
55.0,-130.0,0.0006505174,0.0006530917,0.0006457629,0.0006282678,0.0006276048
55.0,-125.0,0.00065285654,0.00065380597,0.0006494005,0.0006278296,0.000627604
55.0,-120.0,0.00065251015,0.0006510884,0.0006502502,0.00062747125,0.00062763295
55.0,-115.0,0.0006507655,0.0006512411,0.0006501664,0.0006285074,0.00062769145
55.0,-110.0,0.0006540715,0.0006505714,0.0006515938,0.0006291348,0.00062776025
55.0,-105.0,0.0006550101,0.00065249123,0.00065100094,0.0006291766,0.00062791177
55.0,-100.0,0.00065467646,0.000651847,0.0006525333,0.000629028,0.0006279075
55.0,-95.0,0.000653982,0.00065196207,0.0006484164,0.0006292155,0.00062791485
55.0,-90.0,0.00065336586,0.00065241393,0.0006527503,0.00062920206,0.0006279344
55.0,-85.0,0.00065348577,0.0006515737,0.0006541857,0.0006292734,0.0006279831
55.0,-80.0,0.0006585371,0.00065308047,0.00065393065,0.0006291137,0.00062799867
55.0,-75.0,0.0006577874,0.0006510129,0.0006520799,0.00062911457,0.00062799454
55.0,-70.0,0.0006577666,0.0006523835,0.0006515294,0.00062905846,0.00062801177
55.0,-65.0,0.000656643,0.00065173645,0.00064506975,0.0006291383,0.00062802143
55.0,-60.0,0.00065453764,0.00065178255,0.00064992666,0.00062900264,0.00062802015
55.0,-55.0,0.00065459247,0.00065165455,0.0006517389,0.000629018,0.00062800874
55.0,-50.0,0.000653591,0.0006515247,0.00065130804,0.0006290493,0.000627984
55.0,-45.0,0.0006530632,0.0006518651,0.0006506741,0.00062901166,0.00062797347
55.0,-40.0,0.0006531642,0.000651206,0.0006504023,0.00062892615,0.0006279832
55.0,-35.0,0.00065338676,0.00065109314,0.0006480099,0.0006289968,0.00062795554
55.0,-30.0,0.0006528414,0.00064964755,0.0006426724,0.00062915473,0.0006279766
55.0,-25.0,0.00065391464,0.00065265887,0.00064516976,0.00062912476,0.00062797574
55.0,-20.0,0.0006533886,0.0006535063,0.00064281945,0.0006290276,0.0006279738
55.0,-15.0,0.00065326167,0.00065310876,0.00064362417,0.0006288751,0.0006279211
55.0,-10.0,0.0006523747,0.0006522608,0.0006409831,0.00062927295,0.00062786177
55.0,-5.0,0.0006577234,0.00065245054,0.00064931175,0.0006289997,0.00062789436
55.0,0.0,0.00065359543,0.0006522193,0.00065115135,0.0006292177,0.0006278615
55.0,5.0,0.00065250875,0.00065157074,0.00065145944,0.00062883075,0.00062793045
55.0,10.0,0.00065349677,0.000651326,0.00065055233,0.00062932295,0.0006279758
55.0,15.0,0.0006514524,0.00065195013,0.0006526983,0.0006290563,0.0006279807
55.0,20.0,0.0006543909,0.0006517506,0.0006506181,0.00062889373,0.0006279925
55.0,25.0,0.00066008425,0.00065161375,0.00065055926,0.0006288791,0.0006280183
55.0,30.0,0.00065812113,0.0006519285,0.00065178616,0.00062887697,0.00062796654
55.0,35.0,0.00065980933,0.00065162464,0.00065147405,0.00062889094,0.00062794186
55.0,40.0,0.0006638567,0.00065180915,0.00065134425,0.00062891573,0.0006278941
55.0,45.0,0.0006659674,0.00065169943,0.00065093784,0.0006289364,0.000627865
55.0,50.0,0.0006584764,0.00065214717,0.0006508808,0.0006289375,0.0006278405
55.0,55.0,0.000661987,0.0006509385,0.0006508507,0.00062893645,0.00062781584
55.0,60.0,0.00067132467,0.00065069203,0.0006512723,0.00062890974,0.0006278184
55.0,65.0,0.00066367857,0.0006509007,0.00064424233,0.00062882324,0.00062780315
55.0,70.0,0.00066200295,0.0006528549,0.0006438814,0.00062894216,0.0006277856
55.0,75.0,0.00066027656,0.00065373845,0.0006473605,0.0006288971,0.0006278113
55.0,80.0,0.00067830697,0.0006539308,0.0006506331,0.0006289256,0.0006278033
55.0,85.0,0.000662328,0.0006528879,0.00064943504,0.0006289426,0.0006278122
55.0,90.0,0.0006612436,0.0006525963,0.0006493221,0.0006289278,0.00062782306
55.0,95.0,0.00066503225,0.00065120327,0.00065144524,0.0006289101,0.0006278161
55.0,100.0,0.0006702188,0.0006521952,0.00065108034,0.00062891055,0.00062779686
55.0,105.0,0.00068577734,0.00065179035,0.00065167074,0.0006289448,0.0006277837
55.0,110.0,0.0006617597,0.0006530378,0.0006522311,0.00062894885,0.0006277641
55.0,115.0,0.0006618498,0.00065185694,0.0006523044,0.0006289629,0.0006277391
55.0,120.0,0.0006567529,0.0006509341,0.00064943417,0.00062888634,0.0006277583
55.0,125.0,0.0006563105,0.0006521085,0.00064360874,0.00062866136,0.0006277778
55.0,130.0,0.0006560723,0.00065256323,0.0006463891,0.00062884524,0.000627826
55.0,135.0,0.0006571391,0.00065578194,0.00065340113,0.0006288327,0.00062782376
55.0,140.0,0.00065965345,0.0006542178,0.0006538142,0.00062903005,0.0006278108
55.0,145.0,0.0006561631,0.0006557303,0.0006535585,0.0006290116,0.0006277649
55.0,150.0,0.00065737707,0.0006525422,0.0006516855,0.0006290157,0.0006277374
55.0,155.0,0.00065968116,0.0006536986,0.0006541458,0.00062878005,0.0006277048
55.0,160.0,0.0006562939,0.0006529155,0.00065622653,0.00062879035,0.00062772504
55.0,165.0,0.00065796496,0.00065441086,0.0006546041,0.0006287934,0.0006278169
55.0,170.0,0.00065909437,0.00065430073,0.0006583925,0.0006288178,0.0006278446
55.0,175.0,0.0006572111,0.0006534407,0.00065143756,0.0006289881,0.0006278574
55.0,180.0,0.0006544276,0.00065173005,0.0006463815,0.00062867487,0.000627867
50.0,-175.0,0.00065509,0.00064880576,0.0006450893,0.0006287074,0.0006278198
50.0,-170.0,0.00065482355,0.000653453,0.0006558814,0.0006284595,0.0006278626
50.0,-165.0,0.00065376173,0.00065278215,0.0006526564,0.00062802364,0.00062778674
50.0,-160.0,0.0006536408,0.00065296644,0.0006530777,0.00062734267,0.00062765507
50.0,-155.0,0.00065315055,0.0006523879,0.0006517697,0.00062804663,0.000627641
50.0,-150.0,0.0006538884,0.00065227714,0.00065155217,0.0006290033,0.0006277603
50.0,-145.0,0.0006543832,0.00065351423,0.00065160886,0.0006293074,0.00062758353
50.0,-140.0,0.0006550884,0.00065210124,0.0006514403,0.0006290945,0.000627555
50.0,-135.0,0.00065472693,0.00065695925,0.00065127946,0.000628261,0.0006275998
50.0,-130.0,0.00065309723,0.000653213,0.0006474827,0.00062892906,0.0006276601
50.0,-125.0,0.000645017,0.00065238663,0.00065089425,0.00062890723,0.0006276277
50.0,-120.0,0.0006512483,0.00065397134,0.0006500309,0.00062855723,0.0006276803
50.0,-115.0,0.00065294123,0.00065157557,0.0006504046,0.00062817725,0.00062769325
50.0,-110.0,0.0006551726,0.00065172353,0.00065087085,0.0006292181,0.0006277362
50.0,-105.0,0.0006553057,0.00065244443,0.0006512446,0.0006292194,0.0006277569
50.0,-100.0,0.0006571162,0.00065162487,0.0006485745,0.0006291441,0.0006277663
50.0,-95.0,0.0006549617,0.00065206055,0.00065189943,0.000629389,0.0006278344
50.0,-90.0,0.0006559233,0.00065279,0.0006539095,0.00062888785,0.0006278602
50.0,-85.0,0.00065990584,0.0006553434,0.00065166224,0.0006289892,0.00062786177
50.0,-80.0,0.00065627333,0.0006527837,0.0006491112,0.0006291514,0.000627994
50.0,-75.0,0.00065731665,0.0006520686,0.000652893,0.00062909425,0.0006280183
50.0,-70.0,0.000655858,0.00065122463,0.00065256894,0.0006291156,0.0006280107
50.0,-65.0,0.000654883,0.00065088796,0.0006496169,0.00062910415,0.00062803476
50.0,-60.0,0.00065412535,0.0006515996,0.00065152644,0.0006290667,0.0006280054
50.0,-55.0,0.00065181765,0.0006503528,0.0006477256,0.00062912726,0.0006280053
50.0,-50.0,0.0006515754,0.0006508239,0.0006516382,0.0006291914,0.00062801613
50.0,-45.0,0.0006524819,0.00065142463,0.00065204117,0.00062916125,0.0006280195
50.0,-40.0,0.0006529268,0.0006524885,0.0006516923,0.0006291143,0.00062801177
50.0,-35.0,0.0006531171,0.0006526124,0.0006513115,0.0006291368,0.0006280077
50.0,-30.0,0.0006533325,0.0006516075,0.0006496203,0.00062921306,0.000628003
50.0,-25.0,0.00065316504,0.0006513657,0.00064732914,0.0006293052,0.0006280555
50.0,-20.0,0.0006532471,0.0006517083,0.0006446381,0.00062893546,0.0006279588
50.0,-15.0,0.0006529081,0.0006530966,0.0006441331,0.00062924996,0.00062794774
50.0,-10.0,0.00065268576,0.000651197,0.0006473936,0.00062938896,0.0006279033
50.0,-5.0,0.00065389375,0.0006520247,0.00065074256,0.0006289478,0.0006278869
50.0,0.0,0.00065594265,0.00065023033,0.0006507083,0.0006290148,0.0006279538
50.0,5.0,0.00066667417,0.0006525228,0.00065094465,0.0006292241,0.0006280133
50.0,10.0,0.0006712829,0.00065183255,0.0006527007,0.00062916934,0.0006280087
50.0,15.0,0.0006619946,0.0006514842,0.00065269385,0.00062934513,0.0006280319
50.0,20.0,0.00067926565,0.0006516282,0.0006525978,0.0006296727,0.00062803144
50.0,25.0,0.00065669155,0.0006521671,0.00065230276,0.0006290823,0.00062802254
50.0,30.0,0.00065770897,0.000651588,0.0006520367,0.0006294938,0.0006280189
50.0,35.0,0.00065835303,0.00065143954,0.0006504274,0.0006291679,0.0006280165
50.0,40.0,0.00065618684,0.0006511062,0.0006514443,0.0006290735,0.00062800484
50.0,45.0,0.0006582898,0.0006510688,0.0006507164,0.0006291279,0.0006279438
50.0,50.0,0.00065518636,0.0006511639,0.0006504673,0.0006289978,0.00062790344
50.0,55.0,0.0006656772,0.00065073103,0.00065058074,0.00062898954,0.00062778563
50.0,60.0,0.00066648005,0.00065102783,0.00064516964,0.00062903133,0.0006277949
50.0,65.0,0.00066042284,0.00065168313,0.00064428936,0.00062902796,0.0006278203
50.0,70.0,0.0006618296,0.0006523797,0.0006516255,0.00062902924,0.0006278067
50.0,75.0,0.0006565187,0.00065236096,0.0006485418,0.0006289626,0.0006277598
50.0,80.0,0.0006637789,0.0006519458,0.0006469677,0.0006291092,0.0006277506
50.0,85.0,0.00066475285,0.0006515207,0.00064958783,0.00062906323,0.00062776846
50.0,90.0,0.0006573959,0.000651462,0.0006510429,0.000629043,0.0006277548
50.0,95.0,0.00066025543,0.0006519063,0.00065075106,0.0006289742,0.00062769
50.0,100.0,0.00066391006,0.000652785,0.00065304484,0.0006289733,0.00062770926
50.0,105.0,0.0006651327,0.0006521232,0.00065211096,0.00062892376,0.0006276293
50.0,110.0,0.00067480764,0.0006523818,0.00065271667,0.0006289999,0.000627564
50.0,115.0,0.0006636215,0.0006520683,0.00065150886,0.00062887935,0.0006275841
50.0,120.0,0.0006596975,0.00065161416,0.00065067795,0.00062888215,0.00062758604
50.0,125.0,0.0006583592,0.0006515839,0.00064706925,0.0006287059,0.0006275781
50.0,130.0,0.00065958494,0.0006517221,0.00065029284,0.00062747096,0.00062764203
50.0,135.0,0.000661404,0.0006557545,0.0006510255,0.0006273712,0.0006276573
50.0,140.0,0.00065960037,0.0006550844,0.00065256405,0.0006274421,0.0006277266
50.0,145.0,0.000656382,0.00065456267,0.00065443554,0.0006278276,0.0006276999
50.0,150.0,0.0006568492,0.0006532351,0.00065331155,0.0006277039,0.0006276922
50.0,155.0,0.0006585925,0.00065447233,0.00065371103,0.0006277338,0.0006276738
50.0,160.0,0.000658326,0.0006562421,0.0006528309,0.0006288209,0.00062766526
50.0,165.0,0.0006600374,0.0006547943,0.00065568974,0.0006291297,0.0006276679
50.0,170.0,0.00065945555,0.00065383397,0.00065642653,0.0006289225,0.00062776817
50.0,175.0,0.00065502856,0.0006545049,0.0006526493,0.0006289519,0.00062779424
50.0,180.0,0.0006552546,0.00065337046,0.00064634345,0.00062863034,0.00062777917
45.0,-175.0,0.0006549197,0.00065423665,0.0006415938,0.0006279467,0.000627733
45.0,-170.0,0.0006519789,0.00065620197,0.0006523154,0.0006279315,0.00062768714
45.0,-165.0,0.00065223506,0.0006519362,0.00065257296,0.0006276242,0.0006275991
45.0,-160.0,0.00065411674,0.0006521249,0.0006537734,0.0006283289,0.00062754314
45.0,-155.0,0.00065398286,0.0006507796,0.0006530923,0.0006293465,0.00062754954
45.0,-150.0,0.0006533422,0.00065137295,0.00065159996,0.0006294848,0.00062756875
45.0,-145.0,0.0006540793,0.0006523793,0.00065167004,0.00062934624,0.000627505
45.0,-140.0,0.0006544655,0.0006545437,0.00065238884,0.000629307,0.00062754814
45.0,-135.0,0.0006532337,0.0006528948,0.00064989063,0.00062915456,0.00062766
45.0,-130.0,0.00065201527,0.0006520671,0.00065096555,0.0006291383,0.00062761304
45.0,-125.0,0.00065235957,0.0006523826,0.00065202574,0.0006286546,0.0006276639
45.0,-120.0,0.00065019215,0.0006531291,0.00065143476,0.0006280225,0.000627752
45.0,-115.0,0.0006507611,0.0006518732,0.0006519864,0.0006291146,0.0006278136
45.0,-110.0,0.0006531933,0.0006511581,0.0006508053,0.00062920654,0.00062786526
45.0,-105.0,0.0006541186,0.0006526264,0.00065017166,0.0006292411,0.0006278679
45.0,-100.0,0.00065498246,0.000653739,0.00064142526,0.0006292583,0.00062793295
45.0,-95.0,0.00065668364,0.00065180444,0.0006436069,0.0006291227,0.0006278599
45.0,-90.0,0.0006565484,0.000652157,0.00064510835,0.0006292145,0.0006278645
45.0,-85.0,0.0006562801,0.000652718,0.0006479243,0.0006286214,0.00062791596
45.0,-80.0,0.0006564816,0.0006535805,0.0006472969,0.0006285216,0.0006280065
45.0,-75.0,0.0006641725,0.0006521408,0.0006540426,0.0006290097,0.0006280179
45.0,-70.0,0.0006590638,0.00065212895,0.0006534305,0.00062911917,0.0006279994
45.0,-65.0,0.00065309723,0.00064970885,0.00064617116,0.00062912656,0.0006279394
45.0,-60.0,0.00065227255,0.00065174047,0.0006448437,0.0006292521,0.0006279384
45.0,-55.0,0.00065012224,0.0006515082,0.00064655463,0.0006292024,0.0006279603
45.0,-50.0,0.00065034593,0.0006505599,0.0006523695,0.0006291009,0.0006279933
45.0,-45.0,0.0006508507,0.00065076834,0.00065051747,0.00062912353,0.00062800606
45.0,-40.0,0.0006500795,0.0006495777,0.0006496544,0.00062918285,0.0006280278
45.0,-35.0,0.00065150077,0.00065095664,0.00065034104,0.0006293356,0.0006280367
45.0,-30.0,0.0006525421,0.00065164594,0.0006505723,0.0006292713,0.000628006
45.0,-25.0,0.0006531615,0.0006520034,0.00065034913,0.00062927976,0.0006279887
45.0,-20.0,0.0006526713,0.0006514095,0.00065060076,0.0006293201,0.0006279808
45.0,-15.0,0.00065285864,0.0006515446,0.00064889214,0.0006292544,0.00062797946
45.0,-10.0,0.0006523864,0.00065151183,0.0006468177,0.0006295692,0.0006280086
45.0,-5.0,0.00065344037,0.00065163575,0.0006492903,0.00062946236,0.0006280175
45.0,0.0,0.0006596663,0.00065182993,0.00064952,0.00062956207,0.00062800857
45.0,5.0,0.0006638907,0.00065227144,0.0006505907,0.0006294538,0.00062799413
45.0,10.0,0.0006628606,0.0006521827,0.0006520598,0.0006293607,0.00062798226
45.0,15.0,0.0006675367,0.0006517229,0.00065192406,0.0006293121,0.00062797905
45.0,20.0,0.00065839966,0.0006514788,0.0006512849,0.0006293575,0.0006280134
45.0,25.0,0.0006606111,0.00065189414,0.0006518851,0.0006292215,0.00062799564
45.0,30.0,0.0006530739,0.0006514378,0.0006519033,0.0006292076,0.00062804023
45.0,35.0,0.0006623061,0.0006520538,0.0006496464,0.0006292279,0.00062799064
45.0,40.0,0.00065680995,0.0006515612,0.0006501765,0.00062930054,0.00062798016
45.0,45.0,0.0006626705,0.0006521232,0.0006528309,0.0006293386,0.0006279483
45.0,50.0,0.00065641175,0.0006519643,0.00065219507,0.0006293075,0.00062787643
45.0,55.0,0.0006564034,0.0006517194,0.0006505934,0.00062932813,0.0006278155
45.0,60.0,0.0006582707,0.00065177697,0.00065007556,0.00062956166,0.00062792463
45.0,65.0,0.0006573443,0.0006519337,0.00065055816,0.0006292922,0.0006278542
45.0,70.0,0.0006582775,0.0006526244,0.0006507637,0.000629259,0.0006277668
45.0,75.0,0.00066616404,0.0006519128,0.00065015245,0.0006290983,0.00062770414
45.0,80.0,0.0006543445,0.00065138936,0.000651066,0.0006290975,0.00062780373
45.0,85.0,0.0006638449,0.0006517907,0.0006495036,0.00062913867,0.0006278312
45.0,90.0,0.00065701833,0.0006528742,0.00065070175,0.00062935636,0.00062773377
45.0,95.0,0.0006540077,0.00065176835,0.00065102975,0.000629276,0.00062770565
45.0,100.0,0.0006549552,0.00065264053,0.0006508701,0.0006293642,0.0006276895
45.0,105.0,0.0006552289,0.00065195846,0.00065333856,0.0006294093,0.00062770874
45.0,110.0,0.0006552352,0.00065207994,0.0006519373,0.00062931277,0.0006276206
45.0,115.0,0.00065404334,0.00065218983,0.0006521087,0.0006288845,0.0006275607
45.0,120.0,0.0006577487,0.0006521282,0.0006512636,0.00062747864,0.0006275658
45.0,125.0,0.00066800497,0.0006514523,0.00064872904,0.00062754814,0.0006275125
45.0,130.0,0.00066800683,0.0006549453,0.0006497397,0.0006290488,0.0006275431
45.0,135.0,0.00065954216,0.0006566006,0.000642577,0.0006293872,0.00062754686
45.0,140.0,0.00065709645,0.0006547062,0.0006524384,0.00062937295,0.0006276533
45.0,145.0,0.00065438106,0.0006545211,0.0006478087,0.0006296169,0.00062774593
45.0,150.0,0.0006552691,0.0006539044,0.00065556716,0.00062962435,0.00062776223
45.0,155.0,0.00065660843,0.000653909,0.0006531965,0.00062947284,0.0006278007
45.0,160.0,0.000657186,0.000653773,0.00065204484,0.00062927086,0.00062786945
45.0,165.0,0.0006575812,0.0006559054,0.00065309857,0.0006288707,0.00062777434
45.0,170.0,0.00065727276,0.0006544989,0.0006532881,0.00062863156,0.0006277594
45.0,175.0,0.00065621454,0.0006542309,0.00065093086,0.0006280573,0.00062778825
45.0,180.0,0.0006569266,0.0006541507,0.0006476344,0.00062818837,0.0006277228
40.0,-175.0,0.0006554734,0.0006533774,0.0006499217,0.00062908715,0.00062765
40.0,-170.0,0.000651523,0.0006518928,0.0006537713,0.0006290712,0.0006275744
40.0,-165.0,0.00065214833,0.0006517124,0.000654086,0.0006292908,0.0006275852
40.0,-160.0,0.0006534553,0.00065036834,0.00065196067,0.00062954705,0.000627516
40.0,-155.0,0.0006537611,0.0006499125,0.00065587973,0.0006294955,0.0006275366
40.0,-150.0,0.0006541522,0.00065174804,0.0006557923,0.00062956987,0.00062768953
40.0,-145.0,0.00065390754,0.00065062364,0.00065395114,0.000629586,0.0006277752
40.0,-140.0,0.0006521404,0.0006515733,0.0006532381,0.00062950474,0.00062773825
40.0,-135.0,0.0006524477,0.000652447,0.00065125234,0.0006293722,0.000627704
40.0,-130.0,0.00065298245,0.0006519383,0.0006520202,0.0006292869,0.00062775705
40.0,-125.0,0.00065146835,0.0006517155,0.00065051124,0.00062919816,0.00062776
40.0,-120.0,0.00065244373,0.0006524407,0.0006502051,0.0006291117,0.00062779326
40.0,-115.0,0.00065340946,0.0006530263,0.0006508748,0.0006291531,0.00062782987
40.0,-110.0,0.00065340794,0.00065285794,0.0006513053,0.0006292318,0.0006278551
40.0,-105.0,0.000659891,0.0006526634,0.0006514989,0.0006292768,0.00062787527
40.0,-100.0,0.000653951,0.0006523632,0.00065065833,0.00062930764,0.0006278882
40.0,-95.0,0.00065491203,0.0006523036,0.00065071834,0.00062922057,0.0006279054
40.0,-90.0,0.0006538648,0.00065229397,0.00065120525,0.0006291736,0.00062789023
40.0,-85.0,0.00065409334,0.0006528445,0.0006477099,0.0006292032,0.0006278537
40.0,-80.0,0.0006529671,0.00065695815,0.00064913585,0.00062894303,0.0006278821
40.0,-75.0,0.00066491443,0.00065145217,0.00065200723,0.0006288885,0.00062795903
40.0,-70.0,0.0006584588,0.0006517866,0.0006534383,0.00062895694,0.0006279041
40.0,-65.0,0.00065358245,0.00065033825,0.00065171823,0.00062906777,0.00062793144
40.0,-60.0,0.0006524566,0.00065115275,0.0006477095,0.0006291899,0.0006279824
40.0,-55.0,0.0006518879,0.0006517718,0.0006486998,0.0006292825,0.00062803074
40.0,-50.0,0.0006515664,0.0006507959,0.00064887654,0.0006293027,0.0006280468
40.0,-45.0,0.0006506074,0.00064795266,0.00065054616,0.0006293998,0.0006280276
40.0,-40.0,0.0006513307,0.0006486428,0.00064970244,0.0006291432,0.0006279998
40.0,-35.0,0.00064963475,0.0006529606,0.0006501165,0.0006291872,0.0006280083
40.0,-30.0,0.00065159606,0.0006524708,0.0006501708,0.00062927924,0.0006280136
40.0,-25.0,0.00065212534,0.000652178,0.00065106136,0.0006292474,0.0006280226
40.0,-20.0,0.0006524731,0.0006520637,0.0006520618,0.0006291469,0.00062801485
40.0,-15.0,0.00065231795,0.0006515972,0.0006508572,0.0006291461,0.0006279914
40.0,-10.0,0.000652224,0.00065169827,0.0006494166,0.00062911015,0.00062798726
40.0,-5.0,0.00065633474,0.00065120443,0.0006501075,0.000629039,0.00062798767
40.0,0.0,0.00069163344,0.0006519252,0.0006504282,0.0006288856,0.00062800205
40.0,5.0,0.00065675325,0.00065192004,0.00065102085,0.00062873395,0.0006280005
40.0,10.0,0.0006527248,0.00065217214,0.00064991234,0.0006287069,0.0006279982
40.0,15.0,0.00065186486,0.0006513256,0.0006518547,0.00062871486,0.00062803825
40.0,20.0,0.00067110127,0.0006518009,0.0006520175,0.00062873226,0.00062803936
40.0,25.0,0.00065599807,0.0006514778,0.0006510779,0.0006286885,0.00062803604
40.0,30.0,0.00068067265,0.0006513338,0.00065150065,0.00062872435,0.0006279998
40.0,35.0,0.000657144,0.00065213535,0.0006472679,0.00062876404,0.0006279944
40.0,40.0,0.0006582142,0.00065229257,0.00064820505,0.0006287622,0.00062794576
40.0,45.0,0.0006580241,0.0006521548,0.00065217784,0.0006288037,0.0006279204
40.0,50.0,0.0006567455,0.00065339176,0.00065320224,0.000629066,0.0006279582
40.0,55.0,0.0006551456,0.0006520581,0.00065167114,0.00062910875,0.0006279852
40.0,60.0,0.0006565097,0.0006523189,0.00065411977,0.00062903436,0.0006280371
40.0,65.0,0.00065652485,0.0006512285,0.0006519308,0.0006290883,0.0006279992
40.0,70.0,0.00066962466,0.0006510336,0.0006512456,0.0006293202,0.00062799425
40.0,75.0,0.0006540536,0.0006514683,0.0006502627,0.00062943285,0.0006279624
40.0,80.0,0.00065884675,0.00065167464,0.0006510143,0.0006294055,0.00062794104
40.0,85.0,0.00065539987,0.000651615,0.0006523363,0.00062942225,0.0006279334
40.0,90.0,0.0006554794,0.00065220275,0.00065050385,0.0006293737,0.0006278978
40.0,95.0,0.0006550574,0.00065205526,0.00065054296,0.00062929787,0.0006278667
40.0,100.0,0.0006571909,0.0006519652,0.0006514667,0.0006292473,0.0006277291
40.0,105.0,0.0006610982,0.0006541034,0.00065080856,0.00062927615,0.0006277718
40.0,110.0,0.0006625794,0.0006523138,0.00065250596,0.00062931306,0.00062790164
40.0,115.0,0.0006574154,0.0006521261,0.00065229577,0.0006295163,0.0006278234
40.0,120.0,0.0006705727,0.00065216614,0.0006530596,0.00062965206,0.0006277021
40.0,125.0,0.00066505186,0.00065104786,0.0006520209,0.00062967266,0.0006276468
40.0,130.0,0.0006649146,0.0006547044,0.00064695283,0.0006295643,0.00062768563
40.0,135.0,0.0006587163,0.00065770035,0.0006422072,0.00062963046,0.0006277465
40.0,140.0,0.00065641507,0.0006553012,0.0006453014,0.00062937796,0.0006279435
40.0,145.0,0.0006547646,0.00065275637,0.00065277086,0.00062923477,0.00062810775
40.0,150.0,0.0006527101,0.00065217225,0.00065187394,0.0006291916,0.00062812
40.0,155.0,0.00065473124,0.00065280666,0.00065333315,0.0006292672,0.00062798074
40.0,160.0,0.0006557551,0.00065452233,0.0006530351,0.00062923104,0.00062779454
40.0,165.0,0.0006558225,0.0006558376,0.0006528814,0.0006291823,0.0006276539
40.0,170.0,0.00065572886,0.0006545106,0.0006598142,0.0006291501,0.0006277075
40.0,175.0,0.0006562923,0.00065436034,0.0006477271,0.00062918663,0.0006277089
40.0,180.0,0.00065631693,0.000653478,0.00064445526,0.0006291263,0.00062768185
35.0,-175.0,0.0006520051,0.00065140054,0.0006511908,0.00062984787,0.0006275778
35.0,-170.0,0.0006517877,0.0006513242,0.0006550696,0.00062942406,0.00062768295
35.0,-165.0,0.0006515563,0.00065129704,0.00065146293,0.0006293254,0.00062761345
35.0,-160.0,0.0006515739,0.0006518236,0.00065275317,0.0006292666,0.00062762655
35.0,-155.0,0.0006522295,0.00065187365,0.00065153453,0.0006293787,0.00062771456
35.0,-150.0,0.00065181823,0.00065133185,0.0006513991,0.0006295586,0.000627805
35.0,-145.0,0.0006524146,0.00065093534,0.0006513768,0.0006293584,0.0006279065
35.0,-140.0,0.0006524452,0.00065195886,0.0006509162,0.0006292661,0.00062782434
35.0,-135.0,0.0006524347,0.0006508349,0.0006507023,0.00062924105,0.0006277703
35.0,-130.0,0.00065311807,0.0006518683,0.00065027084,0.0006292805,0.00062781293
35.0,-125.0,0.00064921187,0.00065246347,0.00064839015,0.00062934804,0.0006278858
35.0,-120.0,0.00065724103,0.00064912863,0.00064904295,0.00062935875,0.0006279128
35.0,-115.0,0.0006537466,0.00064985285,0.0006493809,0.0006293518,0.00062789925
35.0,-110.0,0.00065234397,0.00065209874,0.00065033714,0.00062928034,0.00062789494
35.0,-105.0,0.0006585228,0.0006488182,0.0006480131,0.00062931003,0.0006279061
35.0,-100.0,0.00065442926,0.0006494944,0.00064816506,0.0006293296,0.00062792015
35.0,-95.0,0.0006516314,0.0006555444,0.0006482127,0.00062934164,0.0006279094
35.0,-90.0,0.0006603734,0.00065390836,0.0006481938,0.0006292695,0.0006278964
35.0,-85.0,0.0006443167,0.0006546194,0.0006495378,0.0006291838,0.0006278953
35.0,-80.0,0.0006550509,0.00065301516,0.0006470773,0.0006291491,0.00062790886
35.0,-75.0,0.0006569634,0.00064964034,0.00064771826,0.0006291952,0.00062790036
35.0,-70.0,0.0006526467,0.0006525097,0.00064794696,0.000629255,0.0006279858
35.0,-65.0,0.00065279973,0.0006490034,0.0006497119,0.0006292325,0.000628039
35.0,-60.0,0.0006528452,0.0006519154,0.0006513969,0.00062926504,0.000628036
35.0,-55.0,0.00065208395,0.0006514713,0.00064538926,0.00062930107,0.0006280461
35.0,-50.0,0.0006513365,0.00065037346,0.0006476916,0.00062930846,0.00062802894
35.0,-45.0,0.00065010274,0.0006469139,0.00064958085,0.0006292966,0.0006280441
35.0,-40.0,0.0006516389,0.0006474857,0.0006496172,0.0006293394,0.00062802545
35.0,-35.0,0.00065090443,0.0006516194,0.0006497283,0.0006293847,0.00062800664
35.0,-30.0,0.0006510958,0.0006513758,0.0006507113,0.0006294206,0.00062800845
35.0,-25.0,0.00065086095,0.0006515506,0.0006503237,0.0006295068,0.0006280216
35.0,-20.0,0.00065144943,0.0006520003,0.00065156457,0.00062942196,0.00062802853
35.0,-15.0,0.000651714,0.0006523451,0.00065265055,0.00062942447,0.00062800397
35.0,-10.0,0.0006521755,0.00065287383,0.0006501463,0.00062935654,0.0006280095
35.0,-5.0,0.0006649894,0.00065182114,0.00065392675,0.00062926725,0.0006280339
35.0,0.0,0.0006608621,0.0006519126,0.0006518042,0.0006292296,0.0006280341
35.0,5.0,0.00066486077,0.00065172714,0.00064960006,0.00062927447,0.0006280363
35.0,10.0,0.00067109073,0.0006510424,0.00065051205,0.0006292323,0.0006280548
35.0,15.0,0.0006515808,0.0006523783,0.0006523358,0.0006292107,0.00062805996
35.0,20.0,0.0006510517,0.0006511185,0.0006508818,0.0006292509,0.00062806095
35.0,25.0,0.0006628288,0.000651438,0.00065189746,0.000629339,0.0006280211
35.0,30.0,0.0006543881,0.0006517391,0.00064986455,0.0006293533,0.00062801456
35.0,35.0,0.0006544155,0.0006495175,0.0006465101,0.00062936445,0.00062801345
35.0,40.0,0.0006556627,0.00065159384,0.00064090325,0.0006292963,0.000628012
35.0,45.0,0.0006650423,0.0006503052,0.0006488763,0.00062928826,0.00062798825
35.0,50.0,0.0006671306,0.000651432,0.00065018993,0.0006291505,0.00062798837
35.0,55.0,0.00065632723,0.00065241184,0.00065271027,0.000629186,0.0006280562
35.0,60.0,0.00066288834,0.0006527695,0.0006523617,0.0006291856,0.0006280754
35.0,65.0,0.000670183,0.00065163063,0.0006504604,0.0006291704,0.0006280525
35.0,70.0,0.00065820036,0.0006505667,0.00064975326,0.0006291418,0.0006280842
35.0,75.0,0.00065574184,0.000650446,0.00064888655,0.00062915107,0.0006280735
35.0,80.0,0.00065728213,0.00065158645,0.00064916676,0.0006291895,0.0006280402
35.0,85.0,0.00065418234,0.0006516357,0.0006503792,0.00062917516,0.0006279802
35.0,90.0,0.0006563222,0.0006514333,0.00065076497,0.00062917365,0.0006279506
35.0,95.0,0.0006585756,0.00065091666,0.00064803794,0.0006291526,0.0006278918
35.0,100.0,0.00065786386,0.0006511653,0.0006507838,0.00062907446,0.00062788744
35.0,105.0,0.0006697864,0.0006522588,0.000651804,0.0006290889,0.00062796957
35.0,110.0,0.0006746088,0.00065239554,0.00065224245,0.00062913494,0.0006280138
35.0,115.0,0.00063267443,0.0006525284,0.0006517107,0.00062929135,0.0006279271
35.0,120.0,0.0006646538,0.0006523255,0.00065304484,0.000629327,0.0006278852
35.0,125.0,0.0006678356,0.00065159844,0.00065072207,0.0006293588,0.0006279405
35.0,130.0,0.0006668086,0.00065333414,0.00064636837,0.0006292832,0.0006279751
35.0,135.0,0.0006661588,0.0006528287,0.0006469954,0.0006291395,0.00062801066
35.0,140.0,0.00065582455,0.00065247796,0.0006527215,0.0006291548,0.000628019
35.0,145.0,0.0006549788,0.0006530746,0.0006485274,0.00062938756,0.0006280147
35.0,150.0,0.0006533085,0.00065251696,0.0006522972,0.00062961766,0.0006280053
35.0,155.0,0.00065344834,0.0006501678,0.0006526253,0.0006297699,0.00062795845
35.0,160.0,0.0006541839,0.00065076107,0.00065242074,0.00062991824,0.0006278713
35.0,165.0,0.00065536104,0.00065311685,0.0006522744,0.00063016004,0.0006278128
35.0,170.0,0.0006547588,0.0006551448,0.00065413915,0.00063028204,0.00062769075
35.0,175.0,0.0006553432,0.0006575748,0.0006546599,0.0006304689,0.0006276322
35.0,180.0,0.00065643963,0.000656342,0.0006514068,0.000630368,0.0006276202
30.0,-175.0,0.00065157714,0.0006517748,0.00065446907,0.0006308259,0.0006278714
30.0,-170.0,0.000652015,0.0006508236,0.00065235636,0.0006308668,0.00062789256
30.0,-165.0,0.0006518821,0.0006510988,0.0006530722,0.0006309672,0.00062778953
30.0,-160.0,0.00065219885,0.0006525884,0.0006522495,0.000629496,0.00062781526
30.0,-155.0,0.00065222225,0.00065266085,0.000651899,0.00062913797,0.0006278826
30.0,-150.0,0.000652415,0.00065237866,0.00065168855,0.0006292323,0.0006279288
30.0,-145.0,0.000652747,0.0006513216,0.00065235124,0.0006296851,0.0006279425
30.0,-140.0,0.00065279525,0.0006513979,0.00065108074,0.0006302317,0.000627945
30.0,-135.0,0.00065307907,0.00065138517,0.00065032736,0.0006305115,0.00062791543
30.0,-130.0,0.0006532372,0.00065094477,0.00064914953,0.00063056254,0.00062793645
30.0,-125.0,0.0006515017,0.00065144256,0.00065020507,0.0006306415,0.000627964
30.0,-120.0,0.00065062055,0.0006499841,0.00065116654,0.00063057314,0.0006279644
30.0,-115.0,0.0006519331,0.000648359,0.00065097463,0.00063027727,0.0006279711
30.0,-110.0,0.00065177644,0.00064867234,0.00065096526,0.00062995864,0.00062795536
30.0,-105.0,0.0006543927,0.0006549208,0.0006464849,0.0006295958,0.0006279687
30.0,-100.0,0.0006567649,0.0006540504,0.00064757763,0.00062951987,0.00062795525
30.0,-95.0,0.0006529446,0.00064777205,0.0006479509,0.0006294644,0.00062793697
30.0,-90.0,0.00065076834,0.00064716313,0.0006477628,0.00062943756,0.00062791654
30.0,-85.0,0.0006438435,0.00064670463,0.0006504605,0.00062945276,0.0006279
30.0,-80.0,0.00065614714,0.0006472743,0.0006514459,0.00062943366,0.000627966
30.0,-75.0,0.0006555378,0.00064849784,0.0006494072,0.00062944443,0.000628001
30.0,-70.0,0.0006543398,0.0006491124,0.0006505205,0.0006295032,0.00062803004
30.0,-65.0,0.00065255404,0.0006487975,0.00065220677,0.0006296063,0.00062801596
30.0,-60.0,0.0006532134,0.0006529737,0.0006513682,0.0006296343,0.0006280182
30.0,-55.0,0.00065272424,0.0006506616,0.00064929127,0.00062957586,0.00062803196
30.0,-50.0,0.00065162085,0.0006483755,0.0006490519,0.00062953396,0.00062804465
30.0,-45.0,0.00065103755,0.00064717437,0.0006490081,0.00062946376,0.0006280412
30.0,-40.0,0.00065174146,0.00064720324,0.0006497453,0.00062935083,0.000628031
30.0,-35.0,0.0006516692,0.0006486425,0.00064893294,0.0006293281,0.0006280443
30.0,-30.0,0.00065132487,0.00065109006,0.00065036886,0.0006293468,0.00062805903
30.0,-25.0,0.0006511634,0.00065054744,0.0006469464,0.0006293751,0.0006280584
30.0,-20.0,0.0006514595,0.00065186,0.00065139064,0.00062940316,0.0006280102
30.0,-15.0,0.0006519491,0.00065192825,0.00065018807,0.00062946713,0.0006280181
30.0,-10.0,0.0006505585,0.00065245177,0.000646694,0.0006295996,0.0006280304
30.0,-5.0,0.00065439806,0.0006538015,0.00065183407,0.00062969903,0.00062803406
30.0,0.0,0.00065316155,0.00065218005,0.00064930524,0.00063022587,0.0006280318
30.0,5.0,0.0006533221,0.00065169274,0.0006495651,0.00063056184,0.00062803563
30.0,10.0,0.00065233273,0.00065221236,0.0006498594,0.000630733,0.00062803394
30.0,15.0,0.0006518604,0.00065193104,0.00064995437,0.0006306154,0.0006280347
30.0,20.0,0.00065137306,0.0006507528,0.00065103336,0.0006307489,0.0006280182
30.0,25.0,0.0006525159,0.0006512477,0.00065130345,0.0006305763,0.000628046
30.0,30.0,0.00065331755,0.0006516437,0.0006505802,0.000629946,0.00062802515
30.0,35.0,0.00065255613,0.0006513802,0.0006503727,0.0006294398,0.00062799343
30.0,40.0,0.00065381365,0.0006513233,0.0006513703,0.0006292815,0.00062802946
30.0,45.0,0.0006552117,0.00065121875,0.0006509741,0.0006291619,0.00062806474
30.0,50.0,0.00065631705,0.0006513976,0.0006502416,0.0006292202,0.000628064
30.0,55.0,0.0006632654,0.00065024884,0.00065002637,0.00062926015,0.0006280508
30.0,60.0,0.0006579208,0.0006498823,0.0006499173,0.0006292763,0.00062807417
30.0,65.0,0.0006677147,0.00065073953,0.0006496073,0.0006293802,0.00062807614
30.0,70.0,0.0006870215,0.0006514932,0.00064870156,0.00062943785,0.0006280355
30.0,75.0,0.0006878827,0.00064983545,0.00064843055,0.0006296709,0.00062806654
30.0,80.0,0.0007290578,0.0006518404,0.0006478252,0.00062967767,0.0006280518
30.0,85.0,0.0006565397,0.0006549997,0.00064718165,0.0006297868,0.00062807597
30.0,90.0,0.00065949926,0.0006516858,0.0006522113,0.0006298474,0.0006280312
30.0,95.0,0.0006693166,0.00065409765,0.0006502558,0.0006298151,0.0006280227
30.0,100.0,0.00066484546,0.0006536541,0.00065120345,0.00063021295,0.00062806846
30.0,105.0,0.0006997026,0.0006534734,0.00065212994,0.0006303106,0.0006280174
30.0,110.0,0.0006433809,0.00065128587,0.0006532168,0.00062996696,0.0006280071
30.0,115.0,0.0006396554,0.00065287505,0.00065235153,0.00062959216,0.0006280016
30.0,120.0,0.0006723094,0.0006525077,0.0006521335,0.000629533,0.0006279692
30.0,125.0,0.00065836223,0.0006528393,0.0006504197,0.0006295033,0.00062793685
30.0,130.0,0.0006630679,0.0006525823,0.00064870797,0.0006297038,0.00062792754
30.0,135.0,0.0006596115,0.00065260933,0.0006472479,0.00062989304,0.0006279654
30.0,140.0,0.00065458857,0.0006508969,0.0006510479,0.0006303431,0.00062800205
30.0,145.0,0.0006541408,0.0006519861,0.0006486532,0.0006304483,0.00062800647
30.0,150.0,0.0006534833,0.00065006624,0.0006497265,0.00063074403,0.00062802044
30.0,155.0,0.0006534407,0.0006502552,0.00065031217,0.00063067995,0.0006280413
30.0,160.0,0.000653486,0.00065078284,0.00064989354,0.000630356,0.0006280441
30.0,165.0,0.000653883,0.00065152533,0.0006507334,0.00063034816,0.0006279784
30.0,170.0,0.00065230107,0.0006526016,0.0006518328,0.0006305166,0.0006279441
30.0,175.0,0.0006528716,0.0006539143,0.00065293466,0.000630664,0.0006279179
30.0,180.0,0.0006529936,0.0006537926,0.00065155304,0.00063077046,0.00062786834
25.0,-175.0,0.0006518945,0.0006523638,0.0006537252,0.00063075003,0.00062794855
25.0,-170.0,0.0006517676,0.00065218797,0.0006555224,0.0006307694,0.0006279136
25.0,-165.0,0.0006520886,0.00065197825,0.00065199897,0.0006308986,0.00062793284
25.0,-160.0,0.0006518901,0.0006512781,0.0006505894,0.000630555,0.00062794593
25.0,-155.0,0.0006520928,0.00065139995,0.0006504554,0.0006301853,0.00062795624
25.0,-150.0,0.00065226655,0.00065094134,0.00065230526,0.0006303598,0.0006279629
25.0,-145.0,0.0006527254,0.00065223314,0.0006507989,0.0006303801,0.0006279422
25.0,-140.0,0.0006531038,0.00065193913,0.00065253314,0.0006304445,0.0006279477
25.0,-135.0,0.0006529746,0.0006520319,0.0006512762,0.00063050987,0.00062795484
25.0,-130.0,0.00065286324,0.00065179414,0.0006493815,0.0006305528,0.0006279583
25.0,-125.0,0.0006523619,0.00065199024,0.00065015326,0.000630601,0.0006279748
25.0,-120.0,0.00065241684,0.0006518594,0.0006507734,0.00063060096,0.00062796613
25.0,-115.0,0.0006524849,0.0006481708,0.0006505121,0.00063057203,0.00062798214
25.0,-110.0,0.0006533679,0.0006470295,0.00064582954,0.0006304282,0.0006279843
25.0,-105.0,0.00065834774,0.00065729074,0.0006463963,0.0006302155,0.00062798086
25.0,-100.0,0.0006553717,0.0006486146,0.0006475346,0.00063011824,0.00062799023
25.0,-95.0,0.00065134384,0.00064982614,0.000648663,0.00063001714,0.00062798365
25.0,-90.0,0.00065308413,0.00064924214,0.00064825255,0.00063022197,0.00062798965
25.0,-85.0,0.0006544578,0.0006490453,0.0006490919,0.00063075277,0.0006279914
25.0,-80.0,0.0006529316,0.00065016944,0.00064962823,0.0006309294,0.0006279967
25.0,-75.0,0.0006529243,0.00064967433,0.00065095397,0.00063122145,0.0006280223
25.0,-70.0,0.0006528933,0.0006503484,0.00065038836,0.00063132,0.0006280097
25.0,-65.0,0.0006529129,0.00065223913,0.0006496833,0.00063132774,0.00062801153
25.0,-60.0,0.0006523253,0.0006511003,0.00064851606,0.0006312248,0.00062801765
25.0,-55.0,0.0006513517,0.00064912305,0.00064702606,0.0006311088,0.00062801194
25.0,-50.0,0.0006518098,0.0006483191,0.00064880034,0.0006310857,0.000628017
25.0,-45.0,0.0006509361,0.0006474386,0.0006489526,0.0006310661,0.00062802655
25.0,-40.0,0.00065176934,0.0006472521,0.00064753863,0.0006302155,0.00062802667
25.0,-35.0,0.0006516299,0.0006473361,0.0006488788,0.0006300018,0.0006280383
25.0,-30.0,0.00065146957,0.0006472202,0.0006485966,0.0006299548,0.0006280525
25.0,-25.0,0.00065165275,0.0006471715,0.0006478111,0.0006302853,0.00062803185
25.0,-20.0,0.00065131095,0.00064820406,0.0006480614,0.00063121016,0.0006280315
25.0,-15.0,0.00065232,0.00064938667,0.0006475457,0.00063076627,0.0006280344
25.0,-10.0,0.00065241824,0.0006512223,0.0006476092,0.0006306295,0.00062803656
25.0,-5.0,0.0006522973,0.0006511545,0.00064777205,0.0006307402,0.0006280395
25.0,0.0,0.00065183564,0.00065216376,0.00064811914,0.0006308287,0.00062801875
25.0,5.0,0.0006542165,0.00065155467,0.00064913696,0.0006308234,0.0006279992
25.0,10.0,0.0006520651,0.0006511728,0.0006497661,0.0006308826,0.00062803994
25.0,15.0,0.00065210427,0.00065028673,0.0006500164,0.00063091295,0.00062804134
25.0,20.0,0.0006512896,0.0006499417,0.0006498205,0.000630929,0.00062805536
25.0,25.0,0.00065122085,0.00064941053,0.00064991467,0.0006309255,0.0006280375
25.0,30.0,0.00065208634,0.0006498396,0.0006500753,0.0006308883,0.0006280335
25.0,35.0,0.0006530961,0.00065148325,0.0006504903,0.0006308458,0.00062803837
25.0,40.0,0.0006523645,0.00065119995,0.00065148034,0.0006308934,0.0006280601
25.0,45.0,0.00065432483,0.00065100903,0.0006497144,0.0006309771,0.0006280304
25.0,50.0,0.0006622782,0.0006516038,0.0006489125,0.0006310622,0.00062799157
25.0,55.0,0.00072482764,0.0006492314,0.0006509933,0.0006309259,0.00062793196
25.0,60.0,0.0006594315,0.0006492436,0.0006480098,0.00063067966,0.00062800775
25.0,65.0,0.00065671845,0.0006492398,0.00064829,0.00063059805,0.0006280513
25.0,70.0,0.0006664566,0.0006508215,0.000649301,0.0006308125,0.00062801415
25.0,75.0,0.0007188797,0.00065276277,0.00064848433,0.0006308563,0.0006280285
25.0,80.0,0.00070525083,0.0006523303,0.0006477051,0.0006308527,0.0006280996
25.0,85.0,0.000708359,0.0006546547,0.00064788945,0.0006310452,0.00062806613
25.0,90.0,0.00067133905,0.0006572326,0.0006518841,0.0006308131,0.0006280831
25.0,95.0,0.0007579111,0.00065482757,0.0006473418,0.00063084543,0.0006280756
25.0,100.0,0.00070877344,0.0006540428,0.0006508086,0.00063079124,0.0006280329
25.0,105.0,0.00071563653,0.0006517108,0.00064743106,0.00063072087,0.0006279845
25.0,110.0,0.0007029574,0.00065422157,0.00064802746,0.00063076697,0.0006279188
25.0,115.0,0.0006674481,0.00065096933,0.0006493418,0.0006307567,0.00062791526
25.0,120.0,0.00065657543,0.00065170595,0.00064883387,0.00063076406,0.00062793243
25.0,125.0,0.00065623655,0.00064989785,0.00064855587,0.0006308077,0.00062792154
25.0,130.0,0.0006537314,0.00065107073,0.00064880104,0.00063084945,0.00062792137
25.0,135.0,0.00065454486,0.0006535058,0.00064804597,0.00063058414,0.00062794477
25.0,140.0,0.0006543011,0.000648351,0.0006493471,0.0006307536,0.000627933
25.0,145.0,0.0006527653,0.000650096,0.00064917456,0.00063036755,0.00062797085
25.0,150.0,0.0006548573,0.0006508816,0.0006503367,0.00063007383,0.0006280147
25.0,155.0,0.00065392564,0.0006519091,0.0006495047,0.00063034665,0.00062800536
25.0,160.0,0.0006537172,0.0006532776,0.0006494071,0.0006303744,0.00062801567
25.0,165.0,0.00065343874,0.00065345,0.0006512685,0.0006303135,0.00062798196
25.0,170.0,0.0006528364,0.0006530328,0.0006518124,0.0006307487,0.0006279525
25.0,175.0,0.0006514027,0.00065116084,0.0006517818,0.00063067046,0.00062795
25.0,180.0,0.00065048976,0.0006524941,0.0006528723,0.0006306569,0.0006279748
20.0,-175.0,0.00065184943,0.0006544159,0.000653113,0.0006309287,0.0006279773
20.0,-170.0,0.00065123005,0.00065124745,0.00065114594,0.00063084206,0.00062799343
20.0,-165.0,0.00065145316,0.0006501799,0.0006511586,0.0006307227,0.00062793616
20.0,-160.0,0.00065122097,0.0006484933,0.0006495538,0.0006305031,0.0006279705
20.0,-155.0,0.00065087335,0.0006496165,0.00065058545,0.00063041237,0.0006279787
20.0,-150.0,0.00065086654,0.00065226934,0.0006527595,0.00063032866,0.0006279747
20.0,-145.0,0.0006524562,0.0006516554,0.00065073976,0.00063033943,0.0006279689
20.0,-140.0,0.0006520346,0.00065213995,0.0006507959,0.0006303699,0.00062796706
20.0,-135.0,0.0006513992,0.0006520842,0.00065057864,0.0006303196,0.00062797446
20.0,-130.0,0.0006517019,0.00065087905,0.0006505085,0.00063026825,0.0006279752
20.0,-125.0,0.00065153406,0.0006502302,0.00065053755,0.0006302232,0.0006279661
20.0,-120.0,0.0006519247,0.00064633763,0.0006491856,0.00063020905,0.0006279646
20.0,-115.0,0.00065200584,0.00064666866,0.00064579374,0.00063015363,0.0006279612
20.0,-110.0,0.0006540901,0.00064800854,0.0006467853,0.00063009444,0.0006279806
20.0,-105.0,0.0006584265,0.00064885314,0.0006466815,0.0006304654,0.00062798854
20.0,-100.0,0.00065390416,0.0006488753,0.00064669456,0.00063088065,0.00062800385
20.0,-95.0,0.0006511153,0.00064999034,0.0006478543,0.00063099765,0.0006280061
20.0,-90.0,0.00066160713,0.00064919994,0.00064823544,0.0006309811,0.00062800385
20.0,-85.0,0.0006525232,0.0006499939,0.00064832356,0.0006310166,0.0006280054
20.0,-80.0,0.0006525551,0.0006478336,0.0006477778,0.0006311113,0.0006280143
20.0,-75.0,0.000654637,0.0006474531,0.00064782536,0.00063123426,0.0006280134
20.0,-70.0,0.00065297546,0.00064798223,0.0006475901,0.0006313598,0.0006280134
20.0,-65.0,0.00065172144,0.0006484365,0.0006486121,0.0006314593,0.0006280019
20.0,-60.0,0.0006512929,0.00064841175,0.0006487929,0.00063138653,0.0006279828
20.0,-55.0,0.0006512364,0.00064763706,0.00064925593,0.0006313106,0.00062798354
20.0,-50.0,0.00065147155,0.0006492761,0.0006497057,0.00063133135,0.0006280103
20.0,-45.0,0.0006516501,0.00064893725,0.00064857583,0.00063128525,0.0006279992
20.0,-40.0,0.00065129,0.0006486792,0.0006463563,0.00063144154,0.0006279972
20.0,-35.0,0.0006507443,0.0006486356,0.0006474955,0.0006309319,0.0006280045
20.0,-30.0,0.0006501764,0.0006483036,0.000647365,0.0006310291,0.00062802085
20.0,-25.0,0.0006520531,0.0006481175,0.00064604206,0.00063087506,0.000628032
20.0,-20.0,0.00065281347,0.00064813107,0.0006475674,0.00063082157,0.0006280284
20.0,-15.0,0.0006523983,0.00064889266,0.0006479832,0.0006311728,0.0006280216
20.0,-10.0,0.00065190066,0.00064870424,0.000648202,0.0006310877,0.00062802254
20.0,-5.0,0.0006519656,0.0006486485,0.00064816145,0.00063109637,0.00062802597
20.0,0.0,0.00065496215,0.0006474743,0.0006481955,0.00063110236,0.0006280371
20.0,5.0,0.0006523627,0.0006495862,0.00064786605,0.0006311575,0.0006280335
20.0,10.0,0.00065195025,0.0006511539,0.00064882805,0.00063114066,0.0006280533
20.0,15.0,0.00065177336,0.00064993673,0.0006482385,0.00063105306,0.0006280469
20.0,20.0,0.00065182254,0.00064886565,0.0006484798,0.0006309064,0.0006280298
20.0,25.0,0.000652017,0.00064923224,0.0006490505,0.00063084665,0.0006280425
20.0,30.0,0.00065147725,0.00065074,0.00064851984,0.0006308015,0.00062800315
20.0,35.0,0.000653111,0.00065099896,0.0006490365,0.0006307855,0.0006279768
20.0,40.0,0.00065547775,0.0006512452,0.00064889184,0.00063078455,0.0006279858
20.0,45.0,0.00065865734,0.00064973516,0.0006489548,0.0006307864,0.00062797184
20.0,50.0,0.0006527412,0.00065138494,0.00064913864,0.0006308087,0.0006279538
20.0,55.0,0.0006550334,0.00064917,0.0006482265,0.0006308449,0.0006279434
20.0,60.0,0.00065776857,0.0006491514,0.00064797665,0.0006309166,0.000627937
20.0,65.0,0.00065911317,0.0006497889,0.0006477408,0.00063101994,0.00062792737
20.0,70.0,0.0006589278,0.0006508046,0.0006488283,0.0006308996,0.00062795513
20.0,75.0,0.0006741768,0.000651855,0.0006488441,0.0006309725,0.0006279753
20.0,80.0,0.0007131865,0.0006523499,0.00064702035,0.00063086714,0.0006279762
20.0,85.0,0.0007234203,0.0006603277,0.00064815977,0.00063090894,0.000627962
20.0,90.0,0.00065382954,0.00065205497,0.0006467107,0.0006309652,0.0006279429
20.0,95.0,0.0006831567,0.00064960786,0.0006475027,0.00063109945,0.00062792265
20.0,100.0,0.00072903425,0.00064952485,0.0006469531,0.00063115626,0.0006279292
20.0,105.0,0.0006719193,0.00064765423,0.0006469177,0.00063113804,0.00062791206
20.0,110.0,0.0006593436,0.00065021025,0.0006477983,0.0006309954,0.0006278904
20.0,115.0,0.0006582924,0.0006506114,0.0006478201,0.00063083455,0.00062788883
20.0,120.0,0.000653076,0.00065095705,0.0006482768,0.000630746,0.0006279064
20.0,125.0,0.00065459294,0.0006500004,0.00064844085,0.00063079776,0.0006279106
20.0,130.0,0.0006511293,0.0006507096,0.0006491932,0.000630792,0.000627909
20.0,135.0,0.00065090955,0.0006488827,0.0006497737,0.00063024356,0.00062789855
20.0,140.0,0.000649645,0.0006497408,0.0006509353,0.00062991754,0.0006279075
20.0,145.0,0.0006507731,0.00064982695,0.0006503709,0.00063012366,0.000627917
20.0,150.0,0.00065015897,0.0006518033,0.0006500974,0.00063040503,0.0006279201
20.0,155.0,0.0006491728,0.00065058446,0.0006497029,0.00063051726,0.000627912
20.0,160.0,0.00064858067,0.0006513525,0.00065099605,0.00063057884,0.00062794145
20.0,165.0,0.0006513181,0.00065094995,0.0006528931,0.0006304715,0.00062796567
20.0,170.0,0.00064978504,0.0006533403,0.0006559974,0.000630358,0.0006279696
20.0,175.0,0.00065053516,0.0006531138,0.00065536384,0.0006307426,0.0006279996
20.0,180.0,0.0006513002,0.0006541495,0.0006548811,0.00063081825,0.0006279904
15.0,-175.0,0.00064949255,0.00065158604,0.00065147126,0.00063044834,0.0006279315
15.0,-170.0,0.0006500205,0.0006511493,0.0006491897,0.0006305672,0.00062792154
15.0,-165.0,0.0006497971,0.00064842537,0.000649661,0.00063055946,0.0006279529
15.0,-160.0,0.0006500248,0.00064889656,0.0006494082,0.00063084357,0.0006279618
15.0,-155.0,0.0006504106,0.0006498362,0.0006512431,0.0006313041,0.00062795024
15.0,-150.0,0.00065044675,0.000650481,0.00064951234,0.00063151395,0.00062794995
15.0,-145.0,0.0006505049,0.00065200543,0.000649809,0.00063148036,0.0006279634
15.0,-140.0,0.00065009476,0.00065151486,0.0006516054,0.0006314033,0.0006279529
15.0,-135.0,0.00065024424,0.0006513201,0.0006511557,0.0006310935,0.00062795286
15.0,-130.0,0.00065129285,0.00064855453,0.00065033097,0.0006310901,0.00062795257
15.0,-125.0,0.00065158156,0.00064682675,0.00064877473,0.0006310629,0.00062793173
15.0,-120.0,0.0006515767,0.00064687256,0.0006449203,0.00063118146,0.0006279026
15.0,-115.0,0.0006519765,0.00064766454,0.00064552994,0.00063128286,0.0006279259
15.0,-110.0,0.0006512726,0.0006477281,0.0006460095,0.0006312249,0.0006279262
15.0,-105.0,0.0006509559,0.00064864854,0.0006466114,0.0006312391,0.00062793173
15.0,-100.0,0.0006528361,0.0006488039,0.00064690417,0.0006311932,0.00062794826
15.0,-95.0,0.00065483735,0.00064997363,0.0006464004,0.00063114247,0.0006279626
15.0,-90.0,0.0006554221,0.0006484442,0.00064772065,0.0006310788,0.00062797125
15.0,-85.0,0.0006568761,0.0006474913,0.00064849225,0.00063100865,0.00062800123
15.0,-80.0,0.000651677,0.0006497205,0.00064866955,0.00063092355,0.00062800874
15.0,-75.0,0.0006513171,0.00064814294,0.0006496969,0.00063082017,0.0006279898
15.0,-70.0,0.00065178826,0.0006470668,0.0006484931,0.0006307745,0.00062795565
15.0,-65.0,0.00065222586,0.0006464101,0.00064899656,0.0006307582,0.00062793837
15.0,-60.0,0.0006513367,0.0006468182,0.00064795907,0.00063074304,0.00062790787
15.0,-55.0,0.0006509703,0.0006488961,0.0006488047,0.00063077366,0.00062793406
15.0,-50.0,0.0006510641,0.0006489987,0.00064968993,0.00063080137,0.0006279212
15.0,-45.0,0.0006514426,0.000648593,0.00064807705,0.00063078856,0.0006279324
15.0,-40.0,0.0006515576,0.00064937334,0.0006471583,0.00063076464,0.0006279692
15.0,-35.0,0.0006509792,0.0006495396,0.00064672873,0.00063092564,0.0006279752
15.0,-30.0,0.0006512207,0.00064951624,0.0006459909,0.00063122483,0.000627966
15.0,-25.0,0.00065163063,0.0006487424,0.0006458469,0.0006312074,0.00062798936
15.0,-20.0,0.00065189553,0.00064844853,0.0006474913,0.00063111563,0.0006279998
15.0,-15.0,0.0006653848,0.0006485204,0.00064887607,0.00063108094,0.0006280004
15.0,-10.0,0.00068148586,0.0006557715,0.00064902374,0.0006310434,0.00062800234
15.0,-5.0,0.00066690723,0.000653499,0.0006488205,0.00063102244,0.0006279948
15.0,0.0,0.0006691658,0.00065132044,0.0006497136,0.000631031,0.0006279805
15.0,5.0,0.0006615623,0.000649027,0.0006481868,0.00063107174,0.00062797783
15.0,10.0,0.00065761793,0.0006494861,0.0006476674,0.0006310592,0.0006279951
15.0,15.0,0.0006519106,0.0006489007,0.0006488354,0.00063106633,0.00062801567
15.0,20.0,0.0006552948,0.0006498371,0.0006493535,0.00063105463,0.00062802155
15.0,25.0,0.0006530624,0.0006504793,0.0006497704,0.00063104084,0.0006280158
15.0,30.0,0.0006524574,0.0006499075,0.00064941205,0.000630998,0.00062799576
15.0,35.0,0.0006578585,0.0006498667,0.00064881775,0.00063096953,0.0006279766
15.0,40.0,0.00065511354,0.0006530165,0.0006483945,0.00063095713,0.00062799425
15.0,45.0,0.0006574929,0.00065364473,0.0006488237,0.000630939,0.0006279826
15.0,50.0,0.0006551241,0.0006493366,0.00064850703,0.00063096994,0.0006279808
15.0,55.0,0.00065670605,0.0006495038,0.0006487977,0.00063095003,0.0006279642
15.0,60.0,0.00065814174,0.0006494167,0.00064783223,0.0006310393,0.0006279446
15.0,65.0,0.0006572054,0.00065047265,0.0006488062,0.0006309717,0.0006279577
15.0,70.0,0.00065614807,0.0006502863,0.0006496228,0.00063097366,0.0006279476
15.0,75.0,0.0007240474,0.0006539202,0.00064820435,0.0006308256,0.00062792766
15.0,80.0,0.00067318324,0.00065428234,0.00064711797,0.0006306761,0.00062792323
15.0,85.0,0.00066257396,0.000650175,0.0006456043,0.0006306344,0.00062792946
15.0,90.0,0.00064979965,0.00064947695,0.0006452127,0.0006306598,0.0006279292
15.0,95.0,0.0006533364,0.0006487108,0.0006469966,0.00063083513,0.000627913
15.0,100.0,0.00067700335,0.00064929074,0.0006473176,0.00063117465,0.00062789244
15.0,105.0,0.00067529845,0.00064910855,0.000649143,0.00063119427,0.00062789116
15.0,110.0,0.00065753754,0.000647971,0.00064820866,0.00063103734,0.00062787835
15.0,115.0,0.0006558768,0.0006488375,0.0006481548,0.000630728,0.00062788115
15.0,120.0,0.0006918298,0.00064895704,0.0006481129,0.0006303069,0.00062787515
15.0,125.0,0.0006508678,0.0006489074,0.0006496196,0.00063004217,0.0006278873
15.0,130.0,0.0006486901,0.0006492587,0.00064929255,0.0006302905,0.0006278912
15.0,135.0,0.0006487482,0.0006495142,0.0006494362,0.000630422,0.0006278801
15.0,140.0,0.0006489,0.0006510729,0.0006490042,0.00063048524,0.000627888
15.0,145.0,0.000648158,0.0006488369,0.0006491086,0.00063056074,0.0006278889
15.0,150.0,0.00064803427,0.00064990425,0.0006489238,0.0006305983,0.0006279041
15.0,155.0,0.0006497476,0.0006497026,0.0006526421,0.00063051056,0.00062789564
15.0,160.0,0.000650756,0.0006524408,0.0006533408,0.00063051045,0.00062790484
15.0,165.0,0.00064965023,0.0006507373,0.00065144844,0.00063063286,0.0006279184
15.0,170.0,0.00064984575,0.0006521814,0.0006516658,0.0006305854,0.0006279256
15.0,175.0,0.0006498063,0.0006512564,0.0006527038,0.0006304893,0.00062793156
15.0,180.0,0.0006497165,0.00065095857,0.0006524299,0.00063044176,0.0006279455
10.0,-175.0,0.0006496698,0.0006508304,0.0006481817,0.00063200796,0.0006278918
10.0,-170.0,0.0006493016,0.00064851705,0.00064875634,0.0006318308,0.0006278851
10.0,-165.0,0.0006498374,0.0006490411,0.0006478281,0.00063169235,0.0006278733
10.0,-160.0,0.000649351,0.0006481394,0.0006455242,0.0006315838,0.0006278569
10.0,-155.0,0.00064956635,0.0006473653,0.0006456303,0.000631549,0.000627874
10.0,-150.0,0.00064939196,0.00064846827,0.00064572174,0.00063150085,0.0006278869
10.0,-145.0,0.0006502718,0.0006484419,0.00064605696,0.0006314972,0.00062789855
10.0,-140.0,0.00065063813,0.00064871303,0.00064643344,0.0006314824,0.00062791567
10.0,-135.0,0.00065150025,0.0006475584,0.0006474663,0.00063153275,0.00062788284
10.0,-130.0,0.00065148855,0.0006461411,0.0006501794,0.0006315361,0.0006278557
10.0,-125.0,0.0006508359,0.0006469287,0.0006488281,0.0006315638,0.0006278553
10.0,-120.0,0.00065242656,0.000647708,0.00064537645,0.00063154515,0.00062783237
10.0,-115.0,0.0006520471,0.00064852455,0.00064823753,0.0006315644,0.0006278413
10.0,-110.0,0.0006522407,0.00065002026,0.00064620614,0.00063153787,0.0006278558
10.0,-105.0,0.00065245037,0.0006490283,0.0006467106,0.0006314398,0.00062787946
10.0,-100.0,0.00065400027,0.00064795103,0.0006467891,0.0006313898,0.00062787184
10.0,-95.0,0.00065203843,0.0006477047,0.00064776686,0.000631315,0.00062785373
10.0,-90.0,0.00065472216,0.0006477817,0.00064846774,0.00063132495,0.00062785955
10.0,-85.0,0.000656407,0.0006491293,0.00064871856,0.00063135824,0.0006278503
10.0,-80.0,0.00065412524,0.0006483616,0.00064840534,0.0006313677,0.00062787393
10.0,-75.0,0.0006806817,0.0006481004,0.0006491099,0.00063138007,0.000627877
10.0,-70.0,0.00066277,0.00064689683,0.0006479243,0.00063136494,0.0006278628
10.0,-65.0,0.0006568339,0.00064703805,0.00064813555,0.00063140056,0.0006278379
10.0,-60.0,0.00065243704,0.00064774463,0.00064739725,0.0006315034,0.0006277882
10.0,-55.0,0.0006522749,0.00064857776,0.0006474126,0.0006314847,0.0006277817
10.0,-50.0,0.0006526392,0.00064873754,0.0006484499,0.0006314054,0.00062780944
10.0,-45.0,0.0006522618,0.0006481504,0.0006481393,0.0006313729,0.0006278096
10.0,-40.0,0.0006520225,0.00064939546,0.00064701133,0.0006313549,0.000627852
10.0,-35.0,0.0006522828,0.0006490001,0.0006458621,0.0006313359,0.0006278561
10.0,-30.0,0.0006522849,0.0006490881,0.00064713834,0.0006313806,0.000627932
10.0,-25.0,0.00065180165,0.00064875215,0.0006476994,0.0006312174,0.00062789774
10.0,-20.0,0.0006509366,0.000651296,0.0006486881,0.00063111336,0.0006279074
10.0,-15.0,0.00065318664,0.0006518006,0.0006507476,0.00063109497,0.00062790676
10.0,-10.0,0.00066358916,0.00065821613,0.00065152644,0.0006310994,0.0006279389
10.0,-5.0,0.0006832796,0.0006535895,0.0006506214,0.00063108857,0.0006279415
10.0,0.0,0.00066802616,0.00064843235,0.000649533,0.0006310612,0.0006279162
10.0,5.0,0.00067441014,0.00064926094,0.0006513307,0.00063103484,0.0006278987
10.0,10.0,0.0007177921,0.00064914336,0.0006514601,0.0006311053,0.0006278857
10.0,15.0,0.00075217197,0.0006522473,0.00065052987,0.00063116325,0.000627886
10.0,20.0,0.0006698337,0.0006535263,0.0006503572,0.0006312058,0.0006279318
10.0,25.0,0.0006605237,0.0006524492,0.00065005635,0.0006313048,0.0006279887
10.0,30.0,0.0006611659,0.00065173383,0.0006496816,0.0006312893,0.00062796794
10.0,35.0,0.00067926367,0.0006547937,0.0006491751,0.0006312761,0.0006279271
10.0,40.0,0.0006948612,0.00065489585,0.00065250805,0.00063124066,0.0006278709
10.0,45.0,0.0006589308,0.0006503475,0.000648931,0.00063118874,0.00062786404
10.0,50.0,0.00066064374,0.00064946123,0.0006481272,0.0006311647,0.0006278575
10.0,55.0,0.0006571788,0.00064922054,0.0006475267,0.0006310872,0.0006278152
10.0,60.0,0.00065575895,0.00065062026,0.0006480419,0.0006310601,0.00062780525
10.0,65.0,0.0006569263,0.00065088307,0.0006484003,0.00063100376,0.00062787667
10.0,70.0,0.00065527024,0.0006506171,0.0006483435,0.00063087215,0.0006279046
10.0,75.0,0.00065703527,0.00065042253,0.0006475771,0.0006308827,0.0006279357
10.0,80.0,0.0006666479,0.0006543817,0.00064850174,0.0006307514,0.00062795746
10.0,85.0,0.000661961,0.000649826,0.0006457449,0.00063063693,0.0006279465
10.0,90.0,0.00065758725,0.0006484574,0.00064583914,0.00063047546,0.00062793406
10.0,95.0,0.000649304,0.00064863125,0.00064540317,0.0006303758,0.0006279156
10.0,100.0,0.00064772944,0.0006496573,0.00064698746,0.0006302094,0.00062791945
10.0,105.0,0.00065924367,0.00064954354,0.00064900983,0.00063015387,0.0006279131
10.0,110.0,0.00064989546,0.0006499031,0.0006483433,0.0006301421,0.0006278952
10.0,115.0,0.0006526924,0.00064950495,0.0006482792,0.0006304323,0.00062788825
10.0,120.0,0.0006497064,0.000649798,0.00064805907,0.00063081994,0.00062787614
10.0,125.0,0.00065501156,0.00065003673,0.0006480721,0.00063102547,0.0006278663
10.0,130.0,0.00064878084,0.000648535,0.00065008533,0.00063118374,0.0006278714
10.0,135.0,0.0006502562,0.00064938876,0.00064967945,0.0006312326,0.0006278655
10.0,140.0,0.00064846844,0.0006493184,0.00064893893,0.00063138717,0.0006278625
10.0,145.0,0.00064803805,0.00064915116,0.00064965145,0.0006313631,0.000627867
10.0,150.0,0.00064782775,0.0006494106,0.0006507707,0.0006314076,0.0006278873
10.0,155.0,0.00064886716,0.0006513114,0.0006508733,0.00063138304,0.00062787865
10.0,160.0,0.00064895704,0.000654096,0.00064801384,0.00063134974,0.00062788016
10.0,165.0,0.0006487991,0.00065164914,0.0006474477,0.00063141366,0.000627869
10.0,170.0,0.00064884534,0.00065102626,0.0006476804,0.0006313863,0.00062788464
10.0,175.0,0.00064937805,0.0006505011,0.00064817973,0.0006317738,0.0006278903
10.0,180.0,0.0006492929,0.0006516079,0.0006485383,0.00063190685,0.0006278859
5.0,-175.0,0.00064993626,0.0006459011,0.0006456621,0.0006316749,0.0006278205
5.0,-170.0,0.00064990955,0.00064585276,0.0006451658,0.00063166965,0.00062781427
5.0,-165.0,0.0006499434,0.00064538507,0.00064543076,0.0006316566,0.0006278257
5.0,-160.0,0.00065002765,0.00064637157,0.00064579386,0.000631703,0.0006277978
5.0,-155.0,0.0006504458,0.0006471635,0.0006455297,0.0006316905,0.0006277946
5.0,-150.0,0.0006505676,0.00064594246,0.00064685126,0.0006316776,0.00062778057
5.0,-145.0,0.0006504727,0.0006471437,0.00064446096,0.00063169945,0.0006277909
5.0,-140.0,0.0006505354,0.0006473184,0.000645807,0.00063180027,0.0006278212
5.0,-135.0,0.0006516647,0.0006487993,0.00064689154,0.00063174794,0.00062779966
5.0,-130.0,0.0006516988,0.00064505154,0.0006467812,0.0006317861,0.0006277766
5.0,-125.0,0.0006476937,0.00064721814,0.0006482111,0.0006317633,0.00062779384
5.0,-120.0,0.0006510416,0.0006479139,0.0006476637,0.0006318125,0.000627777
5.0,-115.0,0.0006487811,0.000649183,0.00064808584,0.00063168467,0.00062775955
5.0,-110.0,0.00064879033,0.0006472502,0.0006479501,0.00063169375,0.0006277636
5.0,-105.0,0.00064975925,0.000647643,0.00064730685,0.00063156575,0.0006277597
5.0,-100.0,0.0006525622,0.0006474863,0.0006471848,0.00063160853,0.00062777096
5.0,-95.0,0.00065069296,0.00064812583,0.000647507,0.00063168316,0.0006277584
5.0,-90.0,0.00065275456,0.00064723956,0.00064840325,0.00063167355,0.0006277646
5.0,-85.0,0.00065407756,0.00064722745,0.00064907304,0.0006316812,0.00062775577
5.0,-80.0,0.00065772637,0.00064761436,0.00064995966,0.0006316463,0.0006277631
5.0,-75.0,0.0006524279,0.0006491307,0.00064953556,0.0006316699,0.00062773906
5.0,-70.0,0.0007032345,0.0006487488,0.000648838,0.0006317811,0.00062774704
5.0,-65.0,0.00069691136,0.00064761675,0.0006479333,0.0006317574,0.00062773866
5.0,-60.0,0.000656141,0.0006477855,0.0006488481,0.00063180976,0.000627688
5.0,-55.0,0.00066442834,0.0006478765,0.0006475541,0.00063185144,0.0006276753
5.0,-50.0,0.00065190945,0.00064939214,0.0006478097,0.0006317867,0.00062766223
5.0,-45.0,0.0006515059,0.000649432,0.0006476501,0.00063171453,0.0006276531
5.0,-40.0,0.00065204955,0.0006471385,0.000645193,0.0006317561,0.00062765635
5.0,-35.0,0.00065261294,0.000648928,0.0006450525,0.00063174806,0.0006276923
5.0,-30.0,0.0006528148,0.0006490611,0.0006516297,0.0006315933,0.0006277339
5.0,-25.0,0.0006533928,0.00065153034,0.0006494775,0.0006314103,0.0006277568
5.0,-20.0,0.00065282296,0.00064929685,0.0006494275,0.0006313469,0.0006277472
5.0,-15.0,0.0006531003,0.00065242284,0.0006499222,0.00063129957,0.0006277544
5.0,-10.0,0.0006495506,0.0006526471,0.00064864394,0.0006312652,0.0006277909
5.0,-5.0,0.0006482004,0.00065036974,0.0006473583,0.0006311942,0.00062776805
5.0,0.0,0.00064819626,0.00064968836,0.0006491282,0.0006312283,0.00062772975
5.0,5.0,0.00065035594,0.0006513302,0.0006507631,0.0006312511,0.00062774774
5.0,10.0,0.0007862091,0.000650713,0.0006506362,0.00063120015,0.00062771817
5.0,15.0,0.0008167916,0.00065335695,0.0006501422,0.000631188,0.0006277368
5.0,20.0,0.00077757257,0.00065116026,0.00064966123,0.0006312297,0.0006278095
5.0,25.0,0.00073789794,0.0006537801,0.0006494144,0.0006312065,0.0006277721
5.0,30.0,0.0006723129,0.0006538595,0.00065052335,0.00063116965,0.0006277296
5.0,35.0,0.00068394234,0.0006475921,0.00064935035,0.0006311568,0.00062766165
5.0,40.0,0.00065575924,0.00064948935,0.00064901996,0.0006311075,0.0006276482
5.0,45.0,0.00066032755,0.0006494575,0.0006490115,0.0006310958,0.0006276028
5.0,50.0,0.00065079686,0.0006490008,0.00064887747,0.0006310108,0.000627611
5.0,55.0,0.0006564987,0.000649171,0.00064939907,0.0006310237,0.0006275953
5.0,60.0,0.0006560551,0.00064847566,0.0006475645,0.0006309619,0.000627651
5.0,65.0,0.00065604405,0.000646153,0.0006473532,0.00063092087,0.0006276689
5.0,70.0,0.00065648346,0.0006461759,0.00064333767,0.00063097035,0.00062767934
5.0,75.0,0.00065762526,0.000646483,0.0006452916,0.00063100376,0.0006277631
5.0,80.0,0.000657591,0.00064900826,0.0006447879,0.00063094764,0.0006278448
5.0,85.0,0.0006601075,0.00064687076,0.00064587896,0.00063094613,0.00062784686
5.0,90.0,0.0006541054,0.00064891926,0.00064633344,0.00063096045,0.0006278379
5.0,95.0,0.00064724515,0.0006480161,0.00064611,0.00063103833,0.00062781497
5.0,100.0,0.0006495507,0.0006479757,0.00064606225,0.00063095125,0.0006277842
5.0,105.0,0.0006482485,0.0006466853,0.00064657145,0.0006308928,0.0006277316
5.0,110.0,0.00064707734,0.00064776995,0.0006481667,0.00063114654,0.0006277729
5.0,115.0,0.000669047,0.00064869935,0.0006483328,0.00063150376,0.0006277529
5.0,120.0,0.0006608296,0.00064899126,0.000647817,0.0006317007,0.00062786543
5.0,125.0,0.00065032166,0.0006492012,0.00064881955,0.0006319151,0.00062784937
5.0,130.0,0.00064879115,0.000649614,0.0006489014,0.00063201477,0.0006278167
5.0,135.0,0.000648925,0.0006501662,0.00064822845,0.0006320566,0.0006278402
5.0,140.0,0.00064957683,0.00064922654,0.00064879516,0.0006321312,0.0006278624
5.0,145.0,0.00064884464,0.0006491849,0.0006477223,0.00063219614,0.00062787667
5.0,150.0,0.0006482513,0.0006518372,0.0006454611,0.0006321972,0.000627873
5.0,155.0,0.0006485907,0.0006526656,0.00064556475,0.0006322068,0.0006278724
5.0,160.0,0.0006488943,0.00065336144,0.00064514414,0.0006322675,0.0006278502
5.0,165.0,0.0006493182,0.00065230625,0.0006464672,0.0006322952,0.0006278449
5.0,170.0,0.00064987777,0.00065153843,0.00064739597,0.0006320366,0.0006278326
5.0,175.0,0.0006496371,0.00064936694,0.0006469342,0.0006319491,0.0006278267
5.0,180.0,0.0006498237,0.00064663513,0.00064719364,0.00063173403,0.0006278235
0.0,-175.0,0.0006503094,0.00064593286,0.00064492854,0.0006318925,0.00062765006
0.0,-170.0,0.00065051834,0.0006457184,0.00064444623,0.0006319515,0.0006276879
0.0,-165.0,0.000650463,0.0006454806,0.0006457727,0.00063207385,0.0006276976
0.0,-160.0,0.0006492535,0.00064648036,0.00064545637,0.0006320791,0.0006277015
0.0,-155.0,0.0006492153,0.00064724765,0.0006453134,0.00063201203,0.0006276657
0.0,-150.0,0.00064866885,0.00064714474,0.0006447298,0.00063208,0.00062765524
0.0,-145.0,0.00064941164,0.00064633595,0.0006463802,0.0006321394,0.0006276874
0.0,-140.0,0.000648996,0.0006463676,0.00064526335,0.0006322789,0.0006276891
0.0,-135.0,0.00064807566,0.0006455729,0.0006469937,0.00063219434,0.00062766165
0.0,-130.0,0.00064722507,0.00064615754,0.00064668665,0.00063222914,0.0006276672
0.0,-125.0,0.0006451181,0.00064679387,0.000647122,0.0006321095,0.00062766747
0.0,-120.0,0.0006448962,0.0006465504,0.00064787536,0.0006319904,0.000627668
0.0,-115.0,0.00064516865,0.0006458406,0.0006480015,0.0006320319,0.0006276463
0.0,-110.0,0.0006447048,0.0006453944,0.0006471037,0.0006320642,0.0006276371
0.0,-105.0,0.0006458806,0.0006448191,0.00064643426,0.0006321241,0.00062762643
0.0,-100.0,0.0006452287,0.0006457206,0.0006466548,0.0006321102,0.000627626
0.0,-95.0,0.00064586423,0.0006468501,0.00064813445,0.00063212437,0.00062763697
0.0,-90.0,0.0006486103,0.00064481876,0.0006492422,0.00063223625,0.0006276438
0.0,-85.0,0.00064620905,0.0006484338,0.0006502856,0.0006323391,0.0006276449
0.0,-80.0,0.00066552847,0.00064822944,0.0006501746,0.00063224544,0.0006276163
0.0,-75.0,0.0007184631,0.000649036,0.00064830785,0.0006322533,0.0006276049
0.0,-70.0,0.0007182264,0.00064896385,0.0006482394,0.00063231966,0.0006275946
0.0,-65.0,0.0006725805,0.0006490252,0.0006481495,0.0006323274,0.0006275777
0.0,-60.0,0.0006697005,0.0006491773,0.00064774416,0.0006322181,0.0006275773
0.0,-55.0,0.0006697974,0.00065020175,0.0006481696,0.000632201,0.0006275525
0.0,-50.0,0.0006540974,0.00064838957,0.000645384,0.0006321324,0.0006275268
0.0,-45.0,0.0006497853,0.0006464786,0.0006447523,0.00063214876,0.0006275362
0.0,-40.0,0.00064976583,0.0006451792,0.0006444772,0.00063213333,0.0006275481
0.0,-35.0,0.00064914505,0.0006489847,0.0006444425,0.00063209044,0.0006275453
0.0,-30.0,0.0006492345,0.0006514051,0.0006471165,0.0006320523,0.00062757597
0.0,-25.0,0.0006496521,0.0006495432,0.0006505231,0.000631897,0.00062759203
0.0,-20.0,0.00064979476,0.00064859324,0.00064859254,0.0006318498,0.00062757573
0.0,-15.0,0.00064814277,0.0006488064,0.0006452614,0.00063181954,0.0006275771
0.0,-10.0,0.000648771,0.00064963254,0.0006453125,0.00063180376,0.0006275828
0.0,-5.0,0.0006464228,0.00064875715,0.00064306834,0.000631754,0.0006275672
0.0,0.0,0.00064568024,0.0006474154,0.00063838856,0.0006316363,0.0006275573
0.0,5.0,0.0006437652,0.0006449156,0.00064886693,0.00063147675,0.00062756287
0.0,10.0,0.0007188182,0.00065318105,0.000648805,0.00063151045,0.0006275682
0.0,15.0,0.0009519212,0.00064807566,0.0006503349,0.00063145615,0.00062753353
0.0,20.0,0.00071052794,0.00064373756,0.0006497799,0.00063142064,0.00062753505
0.0,25.0,0.0009105804,0.0006454562,0.0006498977,0.00063139724,0.00062754983
0.0,30.0,0.0006575083,0.0006445287,0.0006482919,0.0006313931,0.00062754285
0.0,35.0,0.000680675,0.00064420816,0.00064474746,0.0006315884,0.0006275202
0.0,40.0,0.0006492121,0.00064664724,0.00064783974,0.0006318026,0.00062748464
0.0,45.0,0.0006435669,0.00064632687,0.0006458905,0.0006318323,0.0006274675
0.0,50.0,0.0006448308,0.00064623245,0.00064845494,0.0006318961,0.0006274681
0.0,55.0,0.0006476442,0.0006468932,0.000648065,0.0006318918,0.0006274707
0.0,60.0,0.00065003487,0.0006463773,0.00064410106,0.0006319317,0.0006274714
0.0,65.0,0.00064896676,0.0006464042,0.00064444647,0.00063194026,0.00062748865
0.0,70.0,0.0006466786,0.0006457441,0.00064489635,0.00063199864,0.00062752306
0.0,75.0,0.0006467636,0.00064706174,0.00064530416,0.0006319179,0.00062755274
0.0,80.0,0.00064593664,0.00064708263,0.00064564176,0.000631978,0.00062759477
0.0,85.0,0.0006475611,0.00064773083,0.000644471,0.000632076,0.0006276011
0.0,90.0,0.000646741,0.00064861914,0.0006444991,0.00063209434,0.00062763516
0.0,95.0,0.0006463287,0.00064740865,0.00064427115,0.00063218747,0.00062759063
0.0,100.0,0.0007278978,0.0006465038,0.00064498204,0.0006321818,0.0006275568
0.0,105.0,0.00064712035,0.00064459647,0.00064480596,0.0006322735,0.00062752736
0.0,110.0,0.0006454212,0.00064294663,0.00064593,0.0006322795,0.00062750606
0.0,115.0,0.0007024886,0.00064587407,0.00064508256,0.0006324106,0.0006275488
0.0,120.0,0.0006477619,0.00064758526,0.000647262,0.0006324288,0.0006276306
0.0,125.0,0.0006473603,0.000647812,0.0006472301,0.00063243916,0.00062764355
0.0,130.0,0.00064761733,0.0006477631,0.00064572797,0.0006323786,0.0006276671
0.0,135.0,0.00064704055,0.0006485352,0.00064633926,0.00063243613,0.0006276531
0.0,140.0,0.00064775924,0.00064867345,0.0006462828,0.0006324835,0.0006276857
0.0,145.0,0.00064845243,0.0006483779,0.00064624805,0.00063243567,0.0006277339
0.0,150.0,0.00064822024,0.0006491287,0.0006457537,0.00063238153,0.0006277538
0.0,155.0,0.0006479811,0.0006489614,0.0006448057,0.000632207,0.0006277672
0.0,160.0,0.000648443,0.0006475342,0.0006460881,0.00063218066,0.0006277906
0.0,165.0,0.00064934697,0.0006469769,0.00064498524,0.00063214253,0.00062778825
0.0,170.0,0.00064938073,0.00064728723,0.00064559537,0.0006319267,0.0006277543
0.0,175.0,0.0006496001,0.0006447977,0.0006458308,0.00063197437,0.0006277102
0.0,180.0,0.0006500341,0.00064644706,0.00064580434,0.0006318949,0.0006276887
-5.0,-175.0,0.0006484929,0.0006464014,0.00064408255,0.00063231285,0.0006274218
-5.0,-170.0,0.0006476366,0.00064619404,0.000644369,0.00063224597,0.00062743627
-5.0,-165.0,0.00064789935,0.00064592855,0.00064466544,0.00063226017,0.0006274732
-5.0,-160.0,0.0006481994,0.00064691436,0.00064587576,0.0006323818,0.0006274802
-5.0,-155.0,0.0006473849,0.0006469111,0.00064588874,0.00063230033,0.0006274803
-5.0,-150.0,0.00064531685,0.00064663746,0.0006460899,0.00063222426,0.00062745827
-5.0,-145.0,0.00064479595,0.0006457772,0.00064463576,0.00063235994,0.00062746054
-5.0,-140.0,0.0006442861,0.0006456253,0.0006452943,0.00063237996,0.00062748656
-5.0,-135.0,0.00064514234,0.00064516824,0.00064452726,0.0006323222,0.00062747556
-5.0,-130.0,0.00064401026,0.0006455993,0.00064583396,0.0006323238,0.00062747323
-5.0,-125.0,0.0006438855,0.0006462928,0.0006461162,0.00063226075,0.00062749273
-5.0,-120.0,0.00064385583,0.00064555363,0.00064584916,0.00063225947,0.0006275015
-5.0,-115.0,0.0006437526,0.00064488914,0.00064613635,0.0006323146,0.0006274863
-5.0,-110.0,0.0006439542,0.0006449916,0.0006464089,0.0006324453,0.00062745734
-5.0,-105.0,0.0006440435,0.0006449671,0.0006464188,0.00063233264,0.00062746514
-5.0,-100.0,0.00064417685,0.0006438314,0.00064686505,0.00063243654,0.0006274732
-5.0,-95.0,0.0006439395,0.00064426864,0.0006472994,0.0006324493,0.00062746473
-5.0,-90.0,0.0006443658,0.00064443494,0.0006479873,0.0006324582,0.00062746764
-5.0,-85.0,0.00064407376,0.00064446975,0.00064933544,0.00063249684,0.0006274812
-5.0,-80.0,0.0006446819,0.0006473943,0.00064966705,0.00063243165,0.000627473
-5.0,-75.0,0.00065405125,0.00064761203,0.0006482392,0.0006322726,0.0006274584
-5.0,-70.0,0.000729591,0.000647489,0.00064622564,0.000632215,0.0006274319
-5.0,-65.0,0.00067307794,0.00064898015,0.0006467705,0.00063226675,0.0006274317
-5.0,-60.0,0.0006555256,0.0006485944,0.0006457326,0.0006322505,0.00062741834
-5.0,-55.0,0.00069112564,0.00064725504,0.0006462712,0.00063227647,0.0006274137
-5.0,-50.0,0.00068761606,0.00064848416,0.00064412045,0.0006322337,0.0006274084
-5.0,-45.0,0.0006612348,0.00064803474,0.00064399745,0.0006321835,0.0006273896
-5.0,-40.0,0.0006671266,0.00064467726,0.00064405106,0.0006322755,0.000627417
-5.0,-35.0,0.00064667815,0.00064574264,0.00064351084,0.00063221774,0.0006274387
-5.0,-30.0,0.00064410013,0.0006490394,0.0006452785,0.00063233415,0.0006274567
-5.0,-25.0,0.0006452738,0.00064673903,0.00064400735,0.0006322752,0.0006274764
-5.0,-20.0,0.00064441643,0.00064340164,0.00064788025,0.000632293,0.0006274833
-5.0,-15.0,0.0006452447,0.0006413418,0.0006467761,0.0006323093,0.0006274784
-5.0,-10.0,0.00064442644,0.00064355443,0.00064467156,0.0006323122,0.0006274545
-5.0,-5.0,0.00064409367,0.0006428555,0.00064073585,0.0006322005,0.00062746374
-5.0,0.0,0.00064030837,0.0006449181,0.00064063555,0.0006322368,0.0006274456
-5.0,5.0,0.0006404571,0.00064594403,0.0006422644,0.00063227775,0.00062746176
-5.0,10.0,0.0006368041,0.00064316695,0.0006388813,0.000632275,0.00062745233
-5.0,15.0,0.00062698015,0.0006401966,0.0006408285,0.00063216593,0.00062743254
-5.0,20.0,0.0006539767,0.0006381506,0.00063987816,0.00063228194,0.00062740163
-5.0,25.0,0.0006457351,0.00063746265,0.00064369466,0.0006323117,0.00062742725
-5.0,30.0,0.0006541824,0.0006406302,0.00064166094,0.00063228805,0.0006274189
-5.0,35.0,0.000644648,0.0006433258,0.0006420556,0.00063232495,0.00062742055
-5.0,40.0,0.00064281555,0.00064640364,0.00064114964,0.0006322391,0.00062740815
-5.0,45.0,0.0006432171,0.0006461407,0.0006437631,0.00063213956,0.00062740495
-5.0,50.0,0.0006431828,0.000646059,0.0006449797,0.0006321744,0.0006274061
-5.0,55.0,0.0006437435,0.000645516,0.00064612855,0.00063222816,0.0006273957
-5.0,60.0,0.00064404006,0.00064480904,0.0006459006,0.00063220336,0.0006274002
-5.0,65.0,0.0006441194,0.00064484746,0.00064547575,0.000632274,0.00062740315
-5.0,70.0,0.00064324826,0.0006443795,0.00064428715,0.00063224987,0.00062741834
-5.0,75.0,0.00064300175,0.00064429553,0.0006440355,0.0006322166,0.0006274299
-5.0,80.0,0.0006429108,0.0006448023,0.0006444037,0.0006322776,0.0006274538
-5.0,85.0,0.00064451667,0.00064783543,0.0006443466,0.0006323154,0.0006274776
-5.0,90.0,0.0006437895,0.000647895,0.0006432419,0.00063238136,0.00062748755
-5.0,95.0,0.00064459955,0.0006447978,0.0006432222,0.0006323745,0.00062746694
-5.0,100.0,0.0006426337,0.0006436613,0.00064400124,0.000632353,0.00062744727
-5.0,105.0,0.000662808,0.0006434209,0.00064434466,0.00063230813,0.00062741846
-5.0,110.0,0.0006439633,0.00064300775,0.00064661534,0.0006323669,0.0006273917
-5.0,115.0,0.0006430701,0.0006441112,0.0006468906,0.0006324486,0.0006274146
-5.0,120.0,0.0006347858,0.0006454198,0.0006457751,0.00063231634,0.0006274451
-5.0,125.0,0.0006478883,0.00064707146,0.00064551545,0.0006322911,0.0006274703
-5.0,130.0,0.00064719823,0.0006456722,0.00064665155,0.00063226296,0.00062748627
-5.0,135.0,0.0006477482,0.0006449799,0.000646335,0.00063223933,0.0006274816
-5.0,140.0,0.00067506684,0.00064667553,0.0006459012,0.0006322664,0.00062749255
-5.0,145.0,0.00064312236,0.00064695784,0.00064498786,0.0006323449,0.00062750746
-5.0,150.0,0.0006481682,0.0006470589,0.0006458215,0.0006324286,0.00062752917
-5.0,155.0,0.000648516,0.0006460688,0.00064505095,0.0006321737,0.0006275327
-5.0,160.0,0.0006483059,0.0006465334,0.00064526545,0.000632188,0.0006275206
-5.0,165.0,0.0006495475,0.0006460921,0.00064587075,0.0006321949,0.00062750524
-5.0,170.0,0.0006493226,0.0006453106,0.00064649904,0.0006322289,0.0006274672
-5.0,175.0,0.000648336,0.0006476508,0.00064584054,0.0006322298,0.00062745664
-5.0,180.0,0.0006481554,0.00064624473,0.00064480706,0.0006322503,0.00062742596
-10.0,-175.0,0.00064738607,0.0006439483,0.00064368965,0.0006320249,0.0006273318
-10.0,-170.0,0.00064464787,0.00064446626,0.0006437381,0.000632102,0.000627322
-10.0,-165.0,0.00064462237,0.000645219,0.0006439847,0.0006321707,0.00062730844
-10.0,-160.0,0.0006442661,0.00064531236,0.00064393296,0.00063221256,0.000627313
-10.0,-155.0,0.0006445122,0.0006450473,0.0006446769,0.00063225883,0.000627318
-10.0,-150.0,0.0006443337,0.00064539065,0.00064572645,0.00063224544,0.0006273027
-10.0,-145.0,0.000642707,0.00064532674,0.00064561726,0.0006321637,0.0006273048
-10.0,-140.0,0.0006437371,0.0006456926,0.00064493914,0.00063217705,0.00062733213
-10.0,-135.0,0.0006432272,0.0006457581,0.0006447589,0.0006319507,0.00062733877
-10.0,-130.0,0.0006429296,0.00064572593,0.0006449536,0.00063170533,0.00062732736
-10.0,-125.0,0.00064263714,0.00064616435,0.00064451835,0.000631731,0.0006273236
-10.0,-120.0,0.00064357725,0.00064610015,0.00064407644,0.0006317109,0.0006273142
-10.0,-115.0,0.00064340414,0.00064580806,0.0006438901,0.0006315854,0.0006273076
-10.0,-110.0,0.0006429799,0.0006449382,0.00064456824,0.0006317879,0.000627328
-10.0,-105.0,0.00064299017,0.0006447455,0.0006464971,0.0006317464,0.0006273341
-10.0,-100.0,0.00064289925,0.00064517336,0.00064610515,0.0006319233,0.0006273643
-10.0,-95.0,0.00064291904,0.0006453539,0.0006467139,0.0006319705,0.0006273649
-10.0,-90.0,0.00064324023,0.00064353604,0.00064676,0.0006319444,0.0006273403
-10.0,-85.0,0.00064290786,0.00064251164,0.0006471021,0.00063216145,0.00062733
-10.0,-80.0,0.00064241776,0.0006468405,0.0006481361,0.0006321643,0.0006273413
-10.0,-75.0,0.0007131945,0.0006486085,0.0006480074,0.0006320337,0.0006273341
-10.0,-70.0,0.0007311529,0.00064731034,0.00064747466,0.00063203456,0.0006273366
-10.0,-65.0,0.00069674005,0.00064530206,0.0006451955,0.000632129,0.00062732
-10.0,-60.0,0.0007735454,0.0006453713,0.0006447127,0.0006319827,0.00062732096
-10.0,-55.0,0.00068251806,0.00064483314,0.00064473925,0.00063209067,0.0006273237
-10.0,-50.0,0.00072682486,0.00064628,0.0006438675,0.00063201156,0.000627337
-10.0,-45.0,0.0006783098,0.000647458,0.0006426322,0.0006319202,0.0006273134
-10.0,-40.0,0.00066354714,0.00064708985,0.0006425811,0.0006318972,0.0006273175
-10.0,-35.0,0.0006463854,0.00064513,0.0006434251,0.00063206034,0.0006273349
-10.0,-30.0,0.00064315443,0.00064808584,0.00064321683,0.000631833,0.0006273557
-10.0,-25.0,0.00064267206,0.0006464586,0.0006443853,0.0006318793,0.00062736776
-10.0,-20.0,0.0006430592,0.0006423636,0.0006452836,0.0006316963,0.0006273685
-10.0,-15.0,0.00064297597,0.000646005,0.00064601883,0.00063156587,0.00062737806
-10.0,-10.0,0.0006440133,0.00064538553,0.0006424634,0.00063149206,0.0006273811
-10.0,-5.0,0.00064329745,0.00064641633,0.00064327184,0.00063161907,0.00062736234
-10.0,0.0,0.00064039254,0.0006422836,0.0006444993,0.0006315438,0.00062735303
-10.0,5.0,0.000642047,0.00064588856,0.0006450098,0.0006315379,0.0006273551
-10.0,10.0,0.0006418696,0.0006405521,0.00064537005,0.00063167425,0.00062735094
-10.0,15.0,0.0006851752,0.0006408207,0.0006428196,0.0006317619,0.00062734034
-10.0,20.0,0.00072968757,0.000638396,0.00064255507,0.0006316938,0.0006273401
-10.0,25.0,0.0006759242,0.00063804735,0.0006397202,0.00063182774,0.00062733766
-10.0,30.0,0.00066796754,0.0006424665,0.00063882564,0.00063195324,0.00062735786
-10.0,35.0,0.0006502634,0.0006440264,0.00064180675,0.0006318945,0.00062734424
-10.0,40.0,0.0006549182,0.00064480066,0.00064516667,0.0006318606,0.00062732294
-10.0,45.0,0.00064260885,0.0006454863,0.00064475875,0.0006318663,0.0006273468
-10.0,50.0,0.0006422559,0.0006461247,0.00064561,0.0006317699,0.0006273205
-10.0,55.0,0.0006425549,0.00064611126,0.0006472441,0.0006318329,0.0006273188
-10.0,60.0,0.000643007,0.0006455884,0.0006456319,0.0006319044,0.000627322
-10.0,65.0,0.00064234086,0.00064462,0.00064592314,0.00063183636,0.00062733795
-10.0,70.0,0.00064231094,0.0006438884,0.0006448023,0.0006317921,0.0006273398
-10.0,75.0,0.00064283103,0.00064504275,0.00064520544,0.0006317764,0.0006273417
-10.0,80.0,0.0006429341,0.00064408657,0.00064381835,0.000631658,0.00062735495
-10.0,85.0,0.0006437157,0.0006465184,0.0006442023,0.00063173106,0.0006273399
-10.0,90.0,0.0006429136,0.0006460836,0.0006444847,0.0006319131,0.0006273479
-10.0,95.0,0.0006414741,0.00064279453,0.00064302934,0.00063200184,0.00062733714
-10.0,100.0,0.0006423063,0.0006433844,0.0006428952,0.0006321561,0.00062732346
-10.0,105.0,0.000641498,0.0006438559,0.00064482744,0.0006321706,0.0006273223
-10.0,110.0,0.0006408801,0.00064335845,0.00064603187,0.00063193374,0.0006273324
-10.0,115.0,0.0006409257,0.00064366014,0.0006445333,0.00063209387,0.00062734255
-10.0,120.0,0.00064471527,0.00064300676,0.0006445582,0.0006318334,0.0006273575
-10.0,125.0,0.00064686814,0.00064365147,0.00064401503,0.0006320644,0.00062736287
-10.0,130.0,0.000642834,0.0006434841,0.0006445957,0.0006319432,0.0006273627
-10.0,135.0,0.0006429821,0.0006442428,0.00064429914,0.00063177437,0.0006273622
-10.0,140.0,0.0006449709,0.0006459678,0.00064531004,0.00063160626,0.0006273634
-10.0,145.0,0.00064732984,0.00064622954,0.0006445451,0.000631832,0.00062736357
-10.0,150.0,0.00065066485,0.0006448639,0.0006441554,0.000631889,0.0006273646
-10.0,155.0,0.00064477156,0.0006449156,0.00064444164,0.00063197286,0.00062735943
-10.0,160.0,0.0006450475,0.00064510544,0.00064477697,0.000631889,0.00062735117
-10.0,165.0,0.00064826326,0.0006452039,0.0006448572,0.00063194433,0.0006273422
-10.0,170.0,0.0006490922,0.0006454395,0.0006451316,0.00063188607,0.00062733406
-10.0,175.0,0.0006477548,0.0006479545,0.0006460385,0.00063194137,0.00062732724
-10.0,180.0,0.0006475593,0.00064549875,0.00064463646,0.0006319514,0.00062733004
-15.0,-175.0,0.0006428096,0.00064355845,0.00064379565,0.0006315003,0.0006272531
-15.0,-170.0,0.00064252905,0.0006437862,0.00064371637,0.0006316206,0.000627233
-15.0,-165.0,0.0006422571,0.00064382853,0.00064380694,0.0006315729,0.0006272359
-15.0,-160.0,0.00064268016,0.0006436598,0.00064396934,0.0006317059,0.00062724925
-15.0,-155.0,0.0006433241,0.0006438404,0.0006438755,0.00063177047,0.00062725565
-15.0,-150.0,0.0006430324,0.00064413756,0.0006444577,0.00063186005,0.00062725577
-15.0,-145.0,0.0006424948,0.00064494193,0.00064421317,0.0006318043,0.0006272596
-15.0,-140.0,0.0006428261,0.00064546,0.000644669,0.0006317378,0.0006272475
-15.0,-135.0,0.00064298155,0.0006457179,0.0006451877,0.0006317075,0.0006272503
-15.0,-130.0,0.0006426102,0.0006452295,0.00064479397,0.00063162093,0.0006272468
-15.0,-125.0,0.00064243836,0.00064483716,0.000644761,0.0006314464,0.00062722777
-15.0,-120.0,0.0006420817,0.0006433726,0.00064409024,0.0006316241,0.00062721537
-15.0,-115.0,0.0006420039,0.00064393034,0.00064377225,0.00063147664,0.0006272394
-15.0,-110.0,0.00064185774,0.000643944,0.00064387545,0.00063148845,0.0006272451
-15.0,-105.0,0.00064208126,0.00064352475,0.0006435716,0.00063156243,0.0006272748
-15.0,-100.0,0.00064109155,0.0006456477,0.00064560625,0.00063146825,0.0006272836
-15.0,-95.0,0.0006411738,0.00064630347,0.00064519665,0.0006312895,0.0006272898
-15.0,-90.0,0.0006411723,0.00064612343,0.00064513367,0.0006314857,0.0006272817
-15.0,-85.0,0.00064141385,0.000646211,0.0006453719,0.00063125446,0.000627273
-15.0,-80.0,0.0006419652,0.00064515125,0.0006454289,0.00063123595,0.0006272658
-15.0,-75.0,0.0006431952,0.0006452044,0.00064580224,0.0006313816,0.0006272605
-15.0,-70.0,0.00063927163,0.00064338045,0.0006431857,0.00063161633,0.00062727305
-15.0,-65.0,0.00070735696,0.0006448127,0.0006448042,0.00063167047,0.0006272632
-15.0,-60.0,0.00066212734,0.00064686197,0.0006448323,0.00063171255,0.00062724756
-15.0,-55.0,0.0006425542,0.0006449217,0.0006450312,0.0006319368,0.0006272787
-15.0,-50.0,0.00065055786,0.00064339547,0.0006443157,0.0006317172,0.0006272701
-15.0,-45.0,0.00064842467,0.0006446327,0.0006434207,0.0006315697,0.0006272716
-15.0,-40.0,0.0006578617,0.0006444151,0.00064492814,0.00063155446,0.00062726997
-15.0,-35.0,0.0006421903,0.00064451504,0.0006444855,0.0006316068,0.00062727457
-15.0,-30.0,0.0006436093,0.00064500835,0.0006445829,0.0006313226,0.0006273048
-15.0,-25.0,0.0006425521,0.0006448137,0.00064404274,0.00063129916,0.00062730914
-15.0,-20.0,0.00064319395,0.0006455787,0.00064423,0.0006310631,0.00062729686
-15.0,-15.0,0.0006435491,0.0006476311,0.0006450766,0.00063079695,0.0006272952
-15.0,-10.0,0.00064358534,0.0006437649,0.0006431266,0.0006306304,0.00062727864
-15.0,-5.0,0.0006432867,0.00064327393,0.0006438238,0.00063073443,0.00062729925
-15.0,0.0,0.0006415004,0.00064609956,0.00064454123,0.0006311261,0.0006272901
-15.0,5.0,0.0006426439,0.00064498786,0.0006439828,0.00063114276,0.0006272711
-15.0,10.0,0.0006426003,0.0006459313,0.0006447798,0.0006311003,0.00062728586
-15.0,15.0,0.0006664001,0.0006430057,0.00064621796,0.00063111266,0.00062727934
-15.0,20.0,0.00072819676,0.0006433813,0.0006433505,0.0006310289,0.00062726426
-15.0,25.0,0.000671404,0.0006407367,0.0006445859,0.0006311056,0.0006272618
-15.0,30.0,0.0006872945,0.0006418412,0.0006391114,0.0006310657,0.00062726793
-15.0,35.0,0.0006599424,0.0006435192,0.00064170366,0.0006311168,0.0006272582
-15.0,40.0,0.0006692308,0.0006443675,0.000643371,0.0006310818,0.00062725745
-15.0,45.0,0.0006455118,0.0006449685,0.0006443508,0.0006309925,0.00062726723
-15.0,50.0,0.0007197613,0.00064587186,0.0006455101,0.00063105545,0.000627266
-15.0,55.0,0.00064262096,0.0006443918,0.00064709166,0.00063125894,0.0006272782
-15.0,60.0,0.00064243854,0.00064478064,0.00064576796,0.00063127006,0.00062726706
-15.0,65.0,0.00064209686,0.00064508896,0.0006433898,0.00063135126,0.00062726956
-15.0,70.0,0.0006420937,0.0006449894,0.00064276124,0.00063138065,0.00062727445
-15.0,75.0,0.00064245553,0.0006434307,0.0006435806,0.0006313916,0.0006272785
-15.0,80.0,0.00064220635,0.0006440922,0.0006445497,0.0006314768,0.00062727794
-15.0,85.0,0.00064212363,0.00064294215,0.0006428714,0.00063145085,0.0006272777
-15.0,90.0,0.00064225664,0.0006429697,0.00064329593,0.00063129334,0.0006272845
-15.0,95.0,0.00064224703,0.0006435289,0.0006433305,0.0006313417,0.00062727707
-15.0,100.0,0.0006423852,0.0006448291,0.0006434098,0.00063121354,0.0006272817
-15.0,105.0,0.0006417853,0.00064521644,0.00064354006,0.00063130114,0.000627268
-15.0,110.0,0.0006425228,0.0006439815,0.00064414204,0.0006314026,0.0006272645
-15.0,115.0,0.00064256135,0.0006437894,0.0006446976,0.00063138513,0.000627256
-15.0,120.0,0.00063942606,0.0006425285,0.00064345513,0.0006314084,0.0006272625
-15.0,125.0,0.00064498786,0.0006415699,0.00064383517,0.0006315975,0.00062726345
-15.0,130.0,0.00063757284,0.0006441439,0.0006433212,0.0006316324,0.0006272677
-15.0,135.0,0.0006376984,0.0006444861,0.00064360886,0.00063154084,0.000627267
-15.0,140.0,0.0006420238,0.0006439601,0.00064380956,0.0006315223,0.00062726217
-15.0,145.0,0.0006373963,0.0006436875,0.0006444898,0.0006316019,0.0006272529
-15.0,150.0,0.0006416148,0.0006434664,0.0006444629,0.0006317612,0.0006272601
-15.0,155.0,0.0006423002,0.0006442467,0.0006449782,0.0006316417,0.00062726304
-15.0,160.0,0.0006432351,0.00064412376,0.00064512,0.00063132716,0.00062725705
-15.0,165.0,0.0006430114,0.0006447953,0.0006438958,0.00063135003,0.00062725955
-15.0,170.0,0.0006455994,0.0006440679,0.0006438781,0.00063136773,0.0006272323
-15.0,175.0,0.0006472614,0.0006463159,0.0006460928,0.0006312245,0.00062724843
-15.0,180.0,0.00064590166,0.0006440805,0.0006444968,0.00063133397,0.00062725693
-20.0,-175.0,0.0006414621,0.0006441488,0.0006439991,0.0006311542,0.0006270219
-20.0,-170.0,0.000641348,0.0006444175,0.00064395455,0.00063119264,0.00062709313
-20.0,-165.0,0.000641549,0.0006440259,0.00064406823,0.00063141156,0.0006271434
-20.0,-160.0,0.0006416989,0.00064319954,0.0006439914,0.00063096284,0.00062714773
-20.0,-155.0,0.0006419109,0.0006434987,0.00064406096,0.0006309494,0.0006271652
-20.0,-150.0,0.00064220966,0.0006433683,0.00064411305,0.0006309197,0.0006271577
-20.0,-145.0,0.00064240483,0.0006423985,0.0006439837,0.00063107494,0.00062716927
-20.0,-140.0,0.0006424469,0.0006443647,0.0006435291,0.0006309081,0.00062712724
-20.0,-135.0,0.0006424073,0.00064498757,0.0006440485,0.00063116744,0.0006271297
-20.0,-130.0,0.00064233906,0.0006455177,0.0006441864,0.0006309242,0.00062712625
-20.0,-125.0,0.0006421921,0.0006454524,0.00064446445,0.00063064427,0.0006271347
-20.0,-120.0,0.0006421034,0.00064373907,0.0006444444,0.0006309346,0.00062715414
-20.0,-115.0,0.0006420721,0.0006440072,0.0006438633,0.0006311113,0.00062716793
-20.0,-110.0,0.00064171455,0.00064419885,0.0006435837,0.0006309799,0.0006271688
-20.0,-105.0,0.0006411617,0.00064247876,0.00064370787,0.00063119567,0.00062718143
-20.0,-100.0,0.00064100773,0.00064616365,0.0006435792,0.00063146267,0.00062720856
-20.0,-95.0,0.00064122764,0.000645775,0.00064323546,0.0006315492,0.00062721095
-20.0,-90.0,0.0006410815,0.0006466168,0.00064515986,0.00063130475,0.00062720856
-20.0,-85.0,0.0006410516,0.0006460302,0.0006455076,0.00063124177,0.00062720175
-20.0,-80.0,0.0006411197,0.00064401707,0.00064624747,0.00063096563,0.00062721793
-20.0,-75.0,0.00064151903,0.0006439451,0.0006450033,0.0006311154,0.00062722014
-20.0,-70.0,0.00064275507,0.0006433097,0.00064525765,0.000630838,0.00062722014
-20.0,-65.0,0.0006468575,0.00064420776,0.00064567523,0.0006306462,0.0006272258
-20.0,-60.0,0.0007128047,0.0006428423,0.00064600614,0.0006306958,0.0006272198
-20.0,-55.0,0.00065821904,0.00064363715,0.00064533856,0.0006309707,0.00062722724
-20.0,-50.0,0.0006566619,0.00064441515,0.0006456774,0.00063081755,0.00062722916
-20.0,-45.0,0.00066031486,0.0006448099,0.0006447724,0.0006309016,0.00062723283
-20.0,-40.0,0.0006405288,0.00064384524,0.0006438256,0.0006307239,0.0006272398
-20.0,-35.0,0.0006408779,0.0006430318,0.00064534665,0.000630626,0.00062725786
-20.0,-30.0,0.0006411856,0.00064444484,0.0006454038,0.00063078623,0.0006272647
-20.0,-25.0,0.0006429893,0.0006443358,0.0006435646,0.00063052116,0.00062725873
-20.0,-20.0,0.00064290024,0.00064406835,0.000643628,0.0006304411,0.0006272551
-20.0,-15.0,0.0006434964,0.0006436001,0.0006435874,0.0006302341,0.00062725606
-20.0,-10.0,0.0006430974,0.0006455083,0.00064260646,0.0006301522,0.0006272481
-20.0,-5.0,0.0006427767,0.00064606726,0.0006407994,0.00063032017,0.0006272487
-20.0,0.0,0.0006416173,0.0006464237,0.00064400106,0.0006302194,0.00062723947
-20.0,5.0,0.00064143544,0.0006464633,0.0006432761,0.0006299951,0.0006272367
-20.0,10.0,0.00064081216,0.0006462826,0.0006446034,0.0006300531,0.0006272346
-20.0,15.0,0.00071108085,0.00064621784,0.0006445762,0.000629837,0.00062723696
-20.0,20.0,0.0006761058,0.00064551824,0.0006447563,0.0006297996,0.0006272228
-20.0,25.0,0.0006520475,0.0006430245,0.0006430714,0.0006294048,0.0006272141
-20.0,30.0,0.0006961997,0.00064385036,0.000643666,0.0006299738,0.00062721357
-20.0,35.0,0.00064216467,0.0006427469,0.0006438934,0.00062969286,0.00062723074
-20.0,40.0,0.0006448864,0.00064341124,0.0006427172,0.0006297874,0.000627245
-20.0,45.0,0.0007232784,0.0006444171,0.0006431736,0.0006288426,0.000627244
-20.0,50.0,0.0006420696,0.0006444191,0.0006432892,0.0006289947,0.00062724267
-20.0,55.0,0.00064234645,0.0006437158,0.000645618,0.0006289821,0.00062724523
-20.0,60.0,0.0006422918,0.0006437389,0.0006463624,0.0006289416,0.00062724843
-20.0,65.0,0.0006420509,0.00064257084,0.0006435771,0.00062894577,0.0006272508
-20.0,70.0,0.00064193417,0.0006429549,0.00064292684,0.00062917813,0.00062724913
-20.0,75.0,0.0006418667,0.0006432282,0.0006431809,0.0006295744,0.0006272629
-20.0,80.0,0.0006414706,0.00064313656,0.00064374984,0.0006300169,0.0006272627
-20.0,85.0,0.0006415883,0.00064271514,0.00064378633,0.0006302714,0.00062725757
-20.0,90.0,0.00064170145,0.00064303144,0.0006452943,0.00063046085,0.00062724523
-20.0,95.0,0.00064173975,0.00064291636,0.0006456016,0.0006306426,0.0006272303
-20.0,100.0,0.0006420719,0.00064367143,0.00064561353,0.00063103746,0.00062721205
-20.0,105.0,0.0006416544,0.0006431761,0.00064494356,0.00063105964,0.0006271694
-20.0,110.0,0.00064190757,0.0006429438,0.0006435036,0.0006310182,0.0006271636
-20.0,115.0,0.0006436918,0.00064233324,0.00064434484,0.0006309135,0.0006271369
-20.0,120.0,0.0006409653,0.00064263924,0.000643959,0.0006309945,0.00062714104
-20.0,125.0,0.0006430374,0.00064471486,0.0006439191,0.00063107966,0.0006271236
-20.0,130.0,0.0006401773,0.0006428328,0.0006438311,0.0006306638,0.0006271051
-20.0,135.0,0.00064002187,0.0006433511,0.0006433303,0.00063017855,0.0006271092
-20.0,140.0,0.00063763134,0.00064397114,0.0006435951,0.0006299583,0.0006271315
-20.0,145.0,0.0006371907,0.00064342306,0.00064388354,0.0006300873,0.0006271288
-20.0,150.0,0.0006411775,0.00064340595,0.00064504414,0.0006301067,0.0006271364
-20.0,155.0,0.00064113596,0.0006434229,0.0006438171,0.0006299893,0.0006271309
-20.0,160.0,0.0006418508,0.00064391136,0.00064405904,0.000630679,0.0006271074
-20.0,165.0,0.00064619136,0.00064382836,0.00064489635,0.0006313289,0.00062707224
-20.0,170.0,0.00064365444,0.0006435819,0.0006446334,0.00063147437,0.0006270716
-20.0,175.0,0.0006448058,0.0006462113,0.0006466844,0.00063121563,0.00062703184
-20.0,180.0,0.00064199726,0.00064341765,0.00064397044,0.0006310202,0.0006270459
-25.0,-175.0,0.00064091856,0.0006440017,0.00064362754,0.000629866,0.00062707515
-25.0,-170.0,0.000641003,0.0006447077,0.00064381806,0.00062980136,0.0006270799
-25.0,-165.0,0.000641051,0.0006431835,0.00064387586,0.0006297208,0.0006270693
-25.0,-160.0,0.00064128154,0.00064312347,0.00064335787,0.0006296827,0.00062706595
-25.0,-155.0,0.0006414992,0.0006433989,0.0006431339,0.00062963256,0.0006270453
-25.0,-150.0,0.00064185617,0.00064401433,0.00064318744,0.00062963954,0.0006270308
-25.0,-145.0,0.00064163294,0.000642255,0.0006438135,0.00062976603,0.00062702
-25.0,-140.0,0.00064176583,0.0006419772,0.00064261525,0.0006299132,0.0006270333
-25.0,-135.0,0.0006425726,0.0006422099,0.0006437204,0.00062975945,0.0006270285
-25.0,-130.0,0.0006420572,0.00064319023,0.0006434324,0.0006300406,0.0006270272
-25.0,-125.0,0.0006422352,0.00064438477,0.00064378476,0.0006300041,0.0006270204
-25.0,-120.0,0.000642214,0.0006432732,0.00064483343,0.0006297366,0.0006270441
-25.0,-115.0,0.00064218836,0.0006435724,0.0006440049,0.00062947907,0.0006270502
-25.0,-110.0,0.0006421028,0.00064339646,0.0006438485,0.0006292432,0.0006270846
-25.0,-105.0,0.00064185855,0.0006427137,0.00064354716,0.00062931573,0.0006271261
-25.0,-100.0,0.00064121495,0.00064297824,0.00064402143,0.0006296852,0.00062714616
-25.0,-95.0,0.00064098544,0.00064312224,0.0006439123,0.00062998617,0.00062715507
-25.0,-90.0,0.0006410766,0.0006433078,0.00064330857,0.0006304998,0.00062716583
-25.0,-85.0,0.00064092793,0.00064352714,0.0006433764,0.00063105224,0.0006271641
-25.0,-80.0,0.0006412236,0.0006437564,0.00064363395,0.00063113513,0.0006271678
-25.0,-75.0,0.00064130395,0.00064283074,0.00064315426,0.0006310977,0.00062718097
-25.0,-70.0,0.0006435475,0.0006429999,0.0006436566,0.0006309796,0.0006271855
-25.0,-65.0,0.0006591763,0.00064361346,0.000643968,0.0006306238,0.0006272021
-25.0,-60.0,0.00067231915,0.0006437462,0.00064431614,0.0006305636,0.0006272088
-25.0,-55.0,0.00064582686,0.0006434659,0.0006444871,0.0006307256,0.00062721
-25.0,-50.0,0.0006444979,0.00064301677,0.000644022,0.00063073303,0.00062720454
-25.0,-45.0,0.0006412357,0.0006427519,0.0006440948,0.00063078396,0.0006272097
-25.0,-40.0,0.0006420528,0.00064327894,0.0006441254,0.0006304701,0.0006272229
-25.0,-35.0,0.00064137083,0.00064355496,0.00064328103,0.00063022756,0.0006272363
-25.0,-30.0,0.00064138294,0.0006431119,0.00064423936,0.0006301298,0.0006272398
-25.0,-25.0,0.00064128276,0.0006439198,0.0006436598,0.00063014956,0.00062723784
-25.0,-20.0,0.00064183096,0.00064376276,0.0006434055,0.0006301513,0.00062722655
-25.0,-15.0,0.0006433617,0.00064300746,0.00064219674,0.00063028786,0.0006272311
-25.0,-10.0,0.00064269296,0.0006456894,0.0006422171,0.0006303195,0.00062722777
-25.0,-5.0,0.0006413882,0.00064622547,0.00064250437,0.00063022086,0.0006272218
-25.0,0.0,0.00064090965,0.00064653275,0.0006434267,0.0006303593,0.0006272175
-25.0,5.0,0.00064108375,0.0006468582,0.00064190046,0.00062982464,0.00062721473
-25.0,10.0,0.0006409139,0.0006432144,0.0006450374,0.0006294682,0.0006272119
-25.0,15.0,0.0006437151,0.0006436081,0.0006442659,0.0006291171,0.00062720344
-25.0,20.0,0.0006554391,0.00064409943,0.0006450538,0.00062974845,0.0006271966
-25.0,25.0,0.00064772106,0.0006454776,0.00064354634,0.0006299073,0.00062719465
-25.0,30.0,0.0006641099,0.0006428031,0.00064389105,0.0006290671,0.00062718266
-25.0,35.0,0.0006417407,0.00064336386,0.00064406794,0.0006290792,0.00062720326
-25.0,40.0,0.00064234366,0.00064301695,0.00064351526,0.00062940683,0.0006272173
-25.0,45.0,0.00072679453,0.0006433777,0.0006432875,0.0006297799,0.0006272226
-25.0,50.0,0.0006422399,0.00064431597,0.00064350874,0.00062978355,0.0006272332
-25.0,55.0,0.000642451,0.00064435916,0.000642995,0.0006295914,0.0006272323
-25.0,60.0,0.00064259936,0.0006429142,0.0006436603,0.00062935904,0.00062721974
-25.0,65.0,0.0006420218,0.0006436452,0.0006434382,0.0006293403,0.00062722573
-25.0,70.0,0.0006418684,0.000642626,0.0006435108,0.00062919577,0.0006272242
-25.0,75.0,0.0006419491,0.0006429726,0.0006430852,0.0006290082,0.0006272299
-25.0,80.0,0.0006415687,0.00064275647,0.0006435244,0.0006291349,0.000627218
-25.0,85.0,0.0006416323,0.0006428122,0.0006433077,0.0006293541,0.0006272246
-25.0,90.0,0.00064148166,0.00064289395,0.0006437477,0.0006291944,0.0006271942
-25.0,95.0,0.00064174127,0.0006429852,0.00064279576,0.0006291723,0.00062715646
-25.0,100.0,0.00064134516,0.0006430524,0.00064307963,0.0006293136,0.0006271334
-25.0,105.0,0.00064136524,0.0006428589,0.0006434694,0.00062955363,0.00062710955
-25.0,110.0,0.0006413469,0.0006426327,0.0006442357,0.00062900217,0.00062711496
-25.0,115.0,0.00065203325,0.00064237736,0.00064542616,0.0006289204,0.000627136
-25.0,120.0,0.0006467509,0.00064254645,0.0006446479,0.00062894303,0.00062710437
-25.0,125.0,0.00064531586,0.0006431874,0.00064519164,0.00062900793,0.00062704284
-25.0,130.0,0.0006433356,0.0006445688,0.0006446668,0.00062946364,0.00062702864
-25.0,135.0,0.00064226135,0.00064341025,0.0006441587,0.00063003984,0.0006269766
-25.0,140.0,0.00064140634,0.0006436067,0.0006437197,0.000630023,0.0006269525
-25.0,145.0,0.0006414911,0.00064311596,0.0006440821,0.00063043117,0.00062700117
-25.0,150.0,0.00064283767,0.0006431854,0.0006438527,0.00063044956,0.0006270475
-25.0,155.0,0.0006416872,0.000643262,0.00064331695,0.0006306011,0.0006270644
-25.0,160.0,0.0006402416,0.0006426981,0.00064255815,0.0006302871,0.0006270672
-25.0,165.0,0.00064292655,0.0006434811,0.00064419117,0.0006301207,0.0006270521
-25.0,170.0,0.00064263254,0.0006437234,0.0006445971,0.00062965136,0.0006270572
-25.0,175.0,0.0006419593,0.00064338505,0.00064417004,0.00062953593,0.0006270584
-25.0,180.0,0.00064154476,0.0006437239,0.0006435048,0.0006296817,0.000627082
-30.0,-175.0,0.0006411114,0.000644336,0.0006434344,0.0006300751,0.0006270508
-30.0,-170.0,0.0006410392,0.00064288924,0.0006435269,0.0006292924,0.0006270355
-30.0,-165.0,0.00064103276,0.0006428984,0.00064358016,0.0006287617,0.00062703894
-30.0,-160.0,0.0006410614,0.0006430451,0.0006429723,0.00062849413,0.0006270619
-30.0,-155.0,0.0006416435,0.00064277666,0.00064297323,0.00062831235,0.00062707084
-30.0,-150.0,0.00064167136,0.00064319774,0.00064274133,0.0006283569,0.00062708714
-30.0,-145.0,0.00064146233,0.00064354204,0.00064359483,0.0006284184,0.00062708167
-30.0,-140.0,0.000641124,0.0006429883,0.00064338447,0.0006285219,0.0006270882
-30.0,-135.0,0.0006411573,0.0006427592,0.00064310664,0.00062863826,0.0006270914
-30.0,-130.0,0.0006421237,0.00064331444,0.00064231595,0.00062873337,0.0006270899
-30.0,-125.0,0.000642111,0.00064262055,0.00064265495,0.0006288753,0.000627058
-30.0,-120.0,0.0006421925,0.0006431078,0.000643449,0.0006288183,0.0006270485
-30.0,-115.0,0.000642069,0.0006431794,0.00064399553,0.00062877324,0.0006270468
-30.0,-110.0,0.0006422797,0.0006433518,0.00064369134,0.0006287392,0.00062705425
-30.0,-105.0,0.0006422244,0.0006435749,0.00064365414,0.0006287013,0.0006270652
-30.0,-100.0,0.0006418287,0.00064375554,0.0006434961,0.0006287345,0.0006270652
-30.0,-95.0,0.0006417611,0.00064376526,0.00064366934,0.00062886975,0.00062708405
-30.0,-90.0,0.00064148457,0.00064361905,0.000643489,0.0006287947,0.0006270806
-30.0,-85.0,0.0006414262,0.000643418,0.00064344023,0.0006291745,0.0006270899
-30.0,-80.0,0.0006413344,0.00064315216,0.00064306916,0.00062945427,0.0006270945
-30.0,-75.0,0.00064091367,0.00064344954,0.00064306124,0.0006291855,0.00062712375
-30.0,-70.0,0.0006452839,0.0006428107,0.0006428255,0.0006292316,0.00062715437
-30.0,-65.0,0.0006407726,0.0006431204,0.00064241345,0.00062908,0.0006271913
-30.0,-60.0,0.00063845265,0.00064291357,0.00064353633,0.0006291133,0.00062719546
-30.0,-55.0,0.0006420984,0.00064237905,0.00064305996,0.00062913855,0.0006271963
-30.0,-50.0,0.0006411578,0.0006422867,0.00064321235,0.00062916265,0.00062718545
-30.0,-45.0,0.00064071134,0.00064270425,0.00064301415,0.0006291697,0.0006271847
-30.0,-40.0,0.0006409268,0.0006428927,0.0006435223,0.0006292416,0.00062719296
-30.0,-35.0,0.0006410515,0.00064268964,0.000641864,0.0006288039,0.00062720757
-30.0,-30.0,0.00064120145,0.0006439205,0.0006427398,0.00062870857,0.00062723126
-30.0,-25.0,0.00064134796,0.00064223225,0.0006423488,0.00062863046,0.00062723045
-30.0,-20.0,0.00064152846,0.000641907,0.00064230175,0.0006289671,0.0006272252
-30.0,-15.0,0.0006432015,0.0006423707,0.0006428215,0.00062909554,0.00062721747
-30.0,-10.0,0.0006424739,0.00064317364,0.0006428962,0.00062957854,0.0006272083
-30.0,-5.0,0.0006408685,0.0006447415,0.0006422779,0.00063068786,0.0006272081
-30.0,0.0,0.0006405301,0.0006446688,0.00064198667,0.00063089107,0.0006272086
-30.0,5.0,0.0006409527,0.00064196903,0.00064205716,0.00063086755,0.0006272036
-30.0,10.0,0.00064085633,0.0006426184,0.0006431878,0.00063073676,0.0006271997
-30.0,15.0,0.0006410775,0.0006426697,0.00064309826,0.00062997546,0.0006272008
-30.0,20.0,0.0006437224,0.00064318324,0.0006430385,0.0006289415,0.0006272042
-30.0,25.0,0.0006470579,0.00064256164,0.0006431341,0.00062891265,0.0006272032
-30.0,30.0,0.00065072294,0.00064354594,0.0006441205,0.00062905205,0.00062721706
-30.0,35.0,0.0006419843,0.0006426756,0.0006435402,0.00062889245,0.00062720495
-30.0,40.0,0.0006414131,0.00064277364,0.0006439108,0.0006287488,0.0006271864
-30.0,45.0,0.00064234174,0.0006429318,0.00064349815,0.0006289843,0.00062717265
-30.0,50.0,0.00064260926,0.00064319745,0.00064310455,0.0006289005,0.0006271849
-30.0,55.0,0.00064247026,0.0006418462,0.00064282055,0.00062898407,0.000627193
-30.0,60.0,0.0006421397,0.00064323255,0.0006431303,0.0006288918,0.0006271927
-30.0,65.0,0.00064213783,0.0006433297,0.0006425245,0.0006285871,0.0006271887
-30.0,70.0,0.0006420401,0.0006428519,0.000642797,0.00062849064,0.00062717934
-30.0,75.0,0.00064195605,0.00064266915,0.00064304087,0.0006286265,0.0006271596
-30.0,80.0,0.0006419047,0.0006436691,0.0006431917,0.0006284479,0.0006271568
-30.0,85.0,0.0006418756,0.0006435607,0.0006436964,0.0006278948,0.00062713196
-30.0,90.0,0.0006415441,0.0006425087,0.0006435328,0.0006278468,0.0006271359
-30.0,95.0,0.0006414147,0.00064308156,0.0006431941,0.00062790926,0.00062713027
-30.0,100.0,0.00064142165,0.0006434687,0.0006441898,0.0006279094,0.0006271169
-30.0,105.0,0.0006407154,0.00064258795,0.0006429857,0.00062827946,0.00062712526
-30.0,110.0,0.0006406907,0.00064239476,0.00064314326,0.00062813493,0.00062713464
-30.0,115.0,0.00064199936,0.0006426958,0.0006432567,0.0006274023,0.0006271047
-30.0,120.0,0.0006552493,0.0006427091,0.00064316415,0.000627506,0.0006271068
-30.0,125.0,0.000649013,0.0006425158,0.00064315327,0.00062788895,0.0006270723
-30.0,130.0,0.00064558204,0.0006432721,0.00064385723,0.0006277368,0.00062705926
-30.0,135.0,0.00064251374,0.0006430039,0.00064436166,0.00062771305,0.0006269876
-30.0,140.0,0.0006423808,0.00064277434,0.000643782,0.00062781596,0.00062697363
-30.0,145.0,0.0006499807,0.0006433292,0.0006437824,0.000627974,0.0006269387
-30.0,150.0,0.0006391995,0.00064264034,0.00064364483,0.0006279793,0.00062699406
-30.0,155.0,0.0006418508,0.00064377673,0.0006428084,0.00062819954,0.0006270195
-30.0,160.0,0.0006397989,0.0006432986,0.00064330304,0.00062799227,0.0006270485
-30.0,165.0,0.00064062,0.0006429259,0.0006433017,0.0006278333,0.00062708673
-30.0,170.0,0.00064198975,0.0006431084,0.00064320595,0.0006279606,0.00062710047
-30.0,175.0,0.00064260076,0.0006431411,0.00064316206,0.00062839733,0.00062705897
-30.0,180.0,0.0006412647,0.00064332265,0.0006431214,0.0006297709,0.00062706566
-35.0,-175.0,0.00064143643,0.00064297864,0.0006433553,0.0006275868,0.0006269636
-35.0,-170.0,0.0006413091,0.0006430602,0.0006430599,0.00062778307,0.00062696316
-35.0,-165.0,0.00064108503,0.00064262963,0.00064306875,0.00062807923,0.00062697683
-35.0,-160.0,0.00064126047,0.0006427129,0.00064284285,0.00062854774,0.0006269648
-35.0,-155.0,0.0006403454,0.00064258376,0.0006430035,0.00062845973,0.0006269886
-35.0,-150.0,0.0006401558,0.00064272777,0.0006426767,0.00062819535,0.0006269846
-35.0,-145.0,0.0006402051,0.0006425546,0.00064321444,0.00062801177,0.0006269942
-35.0,-140.0,0.0006399258,0.0006424536,0.0006435171,0.00062786037,0.000627013
-35.0,-135.0,0.00063979614,0.0006425193,0.00064299215,0.00062746427,0.00062704936
-35.0,-130.0,0.0006408335,0.00064277736,0.0006432446,0.0006272419,0.0006270621
-35.0,-125.0,0.0006420274,0.0006423612,0.0006425344,0.0006272432,0.0006270842
-35.0,-120.0,0.0006420213,0.00064228586,0.00064270146,0.0006272104,0.00062709727
-35.0,-115.0,0.00064138457,0.0006434925,0.00064240623,0.0006271247,0.00062710134
-35.0,-110.0,0.0006411162,0.00064290443,0.0006426572,0.0006272523,0.00062709383
-35.0,-105.0,0.00064144883,0.00064308004,0.0006424674,0.00062747655,0.0006270736
-35.0,-100.0,0.00064222567,0.0006429694,0.0006427243,0.0006279869,0.0006270647
-35.0,-95.0,0.0006420434,0.00064294867,0.0006434161,0.00062824204,0.00062706874
-35.0,-90.0,0.0006415099,0.00064348744,0.0006434647,0.00062827393,0.0006270673
-35.0,-85.0,0.0006413355,0.0006434344,0.0006432116,0.00062886573,0.0006270626
-35.0,-80.0,0.00064150477,0.0006430464,0.00064276095,0.00062880473,0.000627054
-35.0,-75.0,0.00064090645,0.0006424861,0.00064271106,0.0006288637,0.00062703184
-35.0,-70.0,0.0006428109,0.0006428201,0.0006432332,0.00062928454,0.0006270374
-35.0,-65.0,0.0006367635,0.0006426025,0.00064289774,0.000628343,0.00062702346
-35.0,-60.0,0.0006444342,0.0006430861,0.00064256147,0.0006279053,0.0006270286
-35.0,-55.0,0.0006416565,0.0006425976,0.0006437951,0.0006278152,0.000627087
-35.0,-50.0,0.00064056873,0.0006423285,0.0006427485,0.00062784815,0.0006270976
-35.0,-45.0,0.0006405889,0.0006419541,0.0006425628,0.000627815,0.000627103
-35.0,-40.0,0.0006401843,0.0006421199,0.0006426254,0.0006278277,0.000627121
-35.0,-35.0,0.00064079487,0.00064107793,0.0006425422,0.00062807015,0.0006271451
-35.0,-30.0,0.0006408602,0.0006422487,0.00064222177,0.00062834757,0.00062715804
-35.0,-25.0,0.00064123626,0.00064284523,0.0006420779,0.0006288168,0.0006271739
-35.0,-20.0,0.0006412526,0.0006423244,0.0006424368,0.0006291218,0.00062720553
-35.0,-15.0,0.0006429004,0.00064252346,0.0006427285,0.0006292662,0.00062720437
-35.0,-10.0,0.0006414764,0.00064289744,0.0006432422,0.00062922825,0.0006271995
-35.0,-5.0,0.0006403245,0.0006422589,0.0006427249,0.0006289672,0.0006271862
-35.0,0.0,0.00064067886,0.00064193754,0.0006426434,0.000629004,0.00062718225
-35.0,5.0,0.0006402707,0.0006422083,0.00064259354,0.00062919623,0.0006271802
-35.0,10.0,0.0006402059,0.00064199563,0.0006420706,0.0006287715,0.00062715815
-35.0,15.0,0.00064052705,0.0006417929,0.00064238725,0.0006281559,0.0006271462
-35.0,20.0,0.0006407319,0.0006415427,0.00064244244,0.0006284098,0.0006271627
-35.0,25.0,0.00064064946,0.0006413997,0.0006415252,0.0006278368,0.0006271823
-35.0,30.0,0.0006406331,0.00064237905,0.0006426247,0.0006281415,0.00062718015
-35.0,35.0,0.00064002414,0.00064293237,0.0006430852,0.00062765944,0.0006271415
-35.0,40.0,0.0006412292,0.000644128,0.0006438715,0.0006279701,0.00062708295
-35.0,45.0,0.00064091285,0.0006428555,0.0006434493,0.00062784064,0.000627053
-35.0,50.0,0.00064211903,0.0006435095,0.0006430953,0.00062773086,0.000627037
-35.0,55.0,0.0006416394,0.00064403453,0.000642866,0.00062768714,0.0006271306
-35.0,60.0,0.0006414864,0.0006428838,0.00064386666,0.0006274959,0.0006272066
-35.0,65.0,0.0006411897,0.0006426268,0.0006435718,0.000627624,0.0006272215
-35.0,70.0,0.00064078433,0.00064197043,0.00064291194,0.0006276679,0.0006272283
-35.0,75.0,0.0006405268,0.00064236444,0.0006434235,0.0006277633,0.0006271932
-35.0,80.0,0.00064047833,0.0006425815,0.0006439998,0.00062795,0.000627098
-35.0,85.0,0.0006406958,0.0006423952,0.00064337003,0.0006281172,0.0006270727
-35.0,90.0,0.0006404899,0.0006424537,0.0006430681,0.0006281818,0.0006270712
-35.0,95.0,0.00064041966,0.000642557,0.0006436273,0.0006276702,0.0006271033
-35.0,100.0,0.00064089004,0.00064246176,0.0006429677,0.00062781345,0.0006270899
-35.0,105.0,0.00064109656,0.0006424047,0.00064338243,0.00062811753,0.00062707654
-35.0,110.0,0.00064071466,0.00064203807,0.000642898,0.00062830764,0.0006270808
-35.0,115.0,0.00064039405,0.000642963,0.0006427179,0.0006274578,0.0006270348
-35.0,120.0,0.00064116233,0.00064282527,0.00064297376,0.0006277775,0.0006270442
-35.0,125.0,0.000641889,0.0006426198,0.00064405194,0.0006276476,0.00062705466
-35.0,130.0,0.00064168,0.0006430323,0.0006421476,0.00062746607,0.0006270634
-35.0,135.0,0.00064594904,0.00064296735,0.0006442877,0.0006272897,0.0006270859
-35.0,140.0,0.00065409415,0.000643345,0.000644284,0.00062759453,0.00062708807
-35.0,145.0,0.00064998446,0.0006424438,0.0006441956,0.0006276845,0.00062707684
-35.0,150.0,0.000640756,0.000642581,0.0006428897,0.0006277603,0.00062703487
-35.0,155.0,0.00064132607,0.00064238795,0.00064298906,0.00062778796,0.0006270094
-35.0,160.0,0.00064196484,0.00064311986,0.0006426609,0.0006278725,0.00062702905
-35.0,165.0,0.0006411322,0.0006428907,0.00064295233,0.00062796334,0.0006269911
-35.0,170.0,0.0006419231,0.0006432876,0.0006430898,0.0006280317,0.0006269513
-35.0,175.0,0.00064149394,0.00064314925,0.0006434117,0.000627911,0.00062695396
-35.0,180.0,0.0006414126,0.00064301945,0.000643343,0.0006276346,0.00062694936
-40.0,-175.0,0.0006412809,0.0006427204,0.0006434797,0.00062758796,0.00062697375
-40.0,-170.0,0.0006411246,0.0006428126,0.00064345286,0.0006271594,0.0006269614
-40.0,-165.0,0.0006388555,0.0006426064,0.00064282917,0.0006273287,0.0006269299
-40.0,-160.0,0.0006404183,0.00064247986,0.0006434697,0.0006275498,0.00062695
-40.0,-155.0,0.00064026413,0.0006420898,0.00064304634,0.0006276173,0.00062695844
-40.0,-150.0,0.00064014236,0.00064264087,0.0006428849,0.0006275979,0.00062695926
-40.0,-145.0,0.00064042874,0.00064243417,0.00064293353,0.0006275661,0.000626969
-40.0,-140.0,0.0006401321,0.0006427282,0.0006429229,0.0006275188,0.000626936
-40.0,-135.0,0.00064003887,0.0006427794,0.00064238167,0.00062744104,0.0006269563
-40.0,-130.0,0.0006402512,0.00064179854,0.0006421084,0.0006272682,0.0006269441
-40.0,-125.0,0.0006410392,0.0006431101,0.0006427291,0.00062702247,0.00062693533
-40.0,-120.0,0.0006411437,0.00064340123,0.00064228376,0.0006270869,0.0006269655
-40.0,-115.0,0.000639901,0.00064343563,0.00064242544,0.0006273472,0.0006270003
-40.0,-110.0,0.0006397977,0.00064292294,0.00064225844,0.0006278517,0.0006270285
-40.0,-105.0,0.0006404701,0.00064287713,0.00064195174,0.0006278921,0.0006270442
-40.0,-100.0,0.00064071844,0.0006431445,0.00064260804,0.0006279111,0.0006270238
-40.0,-95.0,0.00064166525,0.00064279133,0.0006431875,0.00062784454,0.00062701973
-40.0,-90.0,0.0006415219,0.00064217846,0.00064297946,0.0006278497,0.00062701094
-40.0,-85.0,0.00064150547,0.00064301875,0.00064295414,0.0006277649,0.0006270409
-40.0,-80.0,0.00064106006,0.0006423237,0.0006425587,0.0006278443,0.0006270667
-40.0,-75.0,0.0006406206,0.0006416115,0.0006427418,0.00062775606,0.0006270439
-40.0,-70.0,0.00064095005,0.0006411796,0.00064019376,0.0006277987,0.0006270616
-40.0,-65.0,0.0006408208,0.0006417016,0.00064178515,0.0006273351,0.00062705023
-40.0,-60.0,0.0006405482,0.0006422987,0.00064270204,0.0006272106,0.00062706345
-40.0,-55.0,0.0006398905,0.0006420086,0.0006424117,0.0006272529,0.00062708353
-40.0,-50.0,0.0006400952,0.00064219104,0.00064229895,0.00062847504,0.0006270765
-40.0,-45.0,0.00063994393,0.00064226857,0.00064283016,0.0006291703,0.00062706135
-40.0,-40.0,0.0006400271,0.0006422532,0.0006429262,0.0006281795,0.0006269918
-40.0,-35.0,0.0006400009,0.0006420961,0.0006437316,0.0006280676,0.00062695786
-40.0,-30.0,0.0006405309,0.00064149953,0.0006416134,0.00062843756,0.00062691915
-40.0,-25.0,0.00064041757,0.00064247375,0.0006423146,0.00062879565,0.0006269136
-40.0,-20.0,0.0006404831,0.00064219325,0.00064249366,0.000628878,0.0006269235
-40.0,-15.0,0.000640071,0.0006414409,0.0006427948,0.0006288192,0.0006269598
-40.0,-10.0,0.0006399183,0.0006422854,0.00064257777,0.0006290456,0.000626986
-40.0,-5.0,0.0006403044,0.0006417311,0.0006425318,0.00062884757,0.0006269896
-40.0,0.0,0.00064023776,0.0006425175,0.00064218324,0.00062885974,0.00062706426
-40.0,5.0,0.0006401136,0.0006423005,0.0006420557,0.0006274678,0.0006270512
-40.0,10.0,0.0006400374,0.00064230117,0.0006427034,0.0006276728,0.00062705757
-40.0,15.0,0.00064024917,0.00064270454,0.0006420034,0.0006281315,0.000627034
-40.0,20.0,0.0006401328,0.00064132735,0.0006415691,0.0006284016,0.0006270213
-40.0,25.0,0.0006403511,0.00064093515,0.0006413921,0.0006284164,0.0006270559
-40.0,30.0,0.0006402213,0.00064135477,0.00064170454,0.0006285045,0.0006271148
-40.0,35.0,0.00063985825,0.00064177683,0.000640295,0.0006283755,0.00062710926
-40.0,40.0,0.0006400762,0.00064210023,0.00064181595,0.0006283645,0.0006271427
-40.0,45.0,0.00064076687,0.0006422824,0.0006428055,0.00062829873,0.00062711304
-40.0,50.0,0.0006411277,0.0006427143,0.0006434336,0.0006282718,0.0006271003
-40.0,55.0,0.00064137974,0.0006424012,0.0006436529,0.00062834367,0.00062710175
-40.0,60.0,0.0006413882,0.0006426008,0.0006443745,0.0006278845,0.0006270651
-40.0,65.0,0.00064104795,0.000642558,0.00064301817,0.00062783476,0.0006270462
-40.0,70.0,0.0006405548,0.00064241677,0.0006430073,0.0006283171,0.0006270302
-40.0,75.0,0.0006406282,0.0006420676,0.0006433152,0.0006283795,0.00062701415
-40.0,80.0,0.0006405961,0.0006421914,0.0006431125,0.00062837533,0.0006270358
-40.0,85.0,0.0006404399,0.00064244604,0.0006434564,0.00062819285,0.00062702753
-40.0,90.0,0.00063998695,0.00064238836,0.00064278574,0.00062804786,0.0006270304
-40.0,95.0,0.0006400759,0.00064230105,0.0006425277,0.0006279338,0.00062698254
-40.0,100.0,0.00064012903,0.0006418762,0.0006426903,0.0006283478,0.00062701176
-40.0,105.0,0.0006400116,0.0006422248,0.00064239354,0.00062849256,0.0006269654
-40.0,110.0,0.00064018724,0.00064259,0.0006429655,0.0006287195,0.0006269722
-40.0,115.0,0.0006404541,0.0006428362,0.0006427221,0.0006282081,0.0006269823
-40.0,120.0,0.00064060284,0.0006421573,0.00064351887,0.0006284703,0.00062697
-40.0,125.0,0.0006412277,0.00064250326,0.0006437578,0.0006281109,0.0006269428
-40.0,130.0,0.0006415089,0.0006436267,0.0006436558,0.0006275531,0.0006269175
-40.0,135.0,0.00064218306,0.00064453867,0.000644788,0.00062788377,0.0006269346
-40.0,140.0,0.0006446169,0.00064408936,0.0006431681,0.0006277922,0.0006269497
-40.0,145.0,0.0006410662,0.00064236275,0.00064446725,0.0006277954,0.0006269595
-40.0,150.0,0.00064069685,0.0006421622,0.00064299646,0.000627852,0.0006269285
-40.0,155.0,0.00064030464,0.00064230216,0.0006436439,0.000628025,0.00062694977
-40.0,160.0,0.0006400853,0.000642204,0.00064209645,0.00062812824,0.00062692584
-40.0,165.0,0.0006406893,0.0006426581,0.0006423485,0.0006279704,0.00062697683
-40.0,170.0,0.0006404588,0.00064270897,0.00064283184,0.0006277636,0.0006269461
-40.0,175.0,0.0006378966,0.000642553,0.00064277096,0.00062732445,0.00062703254
-40.0,180.0,0.0006411584,0.00064279145,0.0006434574,0.00062734296,0.0006270036
-45.0,-175.0,0.00064005266,0.0006420814,0.0006433468,0.00062696874,0.0006270265
-45.0,-170.0,0.000640217,0.00064234814,0.0006435105,0.0006277085,0.00062702806
-45.0,-165.0,0.00064091844,0.00064276566,0.0006432062,0.00062761194,0.0006270298
-45.0,-160.0,0.0006401521,0.00064293796,0.0006428692,0.0006268985,0.0006270456
-45.0,-155.0,0.0006403195,0.00064247294,0.0006426486,0.000627272,0.0006270781
-45.0,-150.0,0.000640128,0.0006425447,0.0006428922,0.0006277615,0.0006270465
-45.0,-145.0,0.0006401152,0.0006428079,0.0006431413,0.00062792684,0.0006270169
-45.0,-140.0,0.0006401205,0.000642919,0.0006429593,0.00062791863,0.000627034
-45.0,-135.0,0.00064009486,0.0006427947,0.0006431684,0.0006279084,0.00062703143
-45.0,-130.0,0.0006400336,0.00064158236,0.00064159883,0.0006278106,0.0006270107
-45.0,-125.0,0.00064090727,0.0006424319,0.0006425313,0.00062781747,0.0006270123
-45.0,-120.0,0.0006410815,0.00064265524,0.00064277736,0.0006276854,0.00062701583
-45.0,-115.0,0.00064037787,0.00064288796,0.0006428872,0.00062748726,0.00062700384
-45.0,-110.0,0.0006392406,0.0006428729,0.00064239727,0.0006269228,0.00062700827
-45.0,-105.0,0.0006406231,0.0006425207,0.0006426814,0.0006267964,0.0006270016
-45.0,-100.0,0.0006409236,0.0006414836,0.00064295204,0.0006268968,0.00062699657
-45.0,-95.0,0.000641079,0.0006414712,0.0006405616,0.0006269471,0.0006270154
-45.0,-90.0,0.00064167334,0.000642283,0.00064364745,0.0006269681,0.0006270026
-45.0,-85.0,0.0006415323,0.00064288295,0.0006425212,0.00062695175,0.0006269746
-45.0,-80.0,0.0006407418,0.00064279203,0.0006432024,0.00062693446,0.0006269653
-45.0,-75.0,0.00063996826,0.0006413167,0.0006421198,0.00062691694,0.0006270484
-45.0,-70.0,0.0006413742,0.0006411044,0.00064157904,0.00062692433,0.00062694453
-45.0,-65.0,0.00064028945,0.0006424377,0.00064194744,0.0006269323,0.0006269032
-45.0,-60.0,0.00063989137,0.0006419651,0.0006419957,0.0006269335,0.00062689057
-45.0,-55.0,0.0006404955,0.00064190454,0.00064298994,0.0006269303,0.000626871
-45.0,-50.0,0.00063997426,0.00064056413,0.0006428083,0.00062690955,0.00062688283
-45.0,-45.0,0.00063999667,0.00064155005,0.00064232183,0.00062680955,0.0006268881
-45.0,-40.0,0.0006399639,0.0006415652,0.00064141373,0.0006269838,0.00062693766
-45.0,-35.0,0.0006397515,0.00064221944,0.00064319756,0.0006273403,0.00062695594
-45.0,-30.0,0.00064049143,0.0006420892,0.00064366544,0.0006275905,0.00062695885
-45.0,-25.0,0.0006398254,0.00064277736,0.0006426621,0.0006276511,0.00062697945
-45.0,-20.0,0.00064002426,0.00064249133,0.00064328074,0.00062762504,0.0006270055
-45.0,-15.0,0.000639837,0.0006423209,0.0006423096,0.0006275259,0.0006270191
-45.0,-10.0,0.0006397068,0.0006422828,0.0006421421,0.00062742335,0.00062704814
-45.0,-5.0,0.0006401887,0.00064236985,0.0006425708,0.00062700006,0.00062703935
-45.0,0.0,0.00064015214,0.0006426983,0.00064190297,0.0006266931,0.0006269926
-45.0,5.0,0.0006400767,0.0006422301,0.00064269325,0.00062672293,0.0006269758
-45.0,10.0,0.00063984585,0.00064155617,0.0006424475,0.0006268042,0.0006269185
-45.0,15.0,0.0006399332,0.0006428673,0.0006420723,0.0006269948,0.0006269245
-45.0,20.0,0.0006403077,0.00064268376,0.0006418628,0.00062728213,0.00062689965
-45.0,25.0,0.00063977146,0.0006422774,0.0006418987,0.0006274534,0.0006269139
-45.0,30.0,0.0006396824,0.00064254313,0.00064189656,0.0006276643,0.00062695425
-45.0,35.0,0.00064008683,0.00064141204,0.0006415762,0.00062762585,0.0006269498
-45.0,40.0,0.00063986244,0.0006412637,0.00064169,0.0006274327,0.0006270233
-45.0,45.0,0.0006401534,0.00064211944,0.0006413129,0.00062728603,0.00062701735
-45.0,50.0,0.0006402689,0.0006418195,0.00064214517,0.0006272729,0.0006270402
-45.0,55.0,0.0006403794,0.00064210675,0.0006429863,0.00062732707,0.0006270204
-45.0,60.0,0.0006413957,0.0006423609,0.0006442135,0.00062757614,0.000627016
-45.0,65.0,0.00064079516,0.000642352,0.00064348197,0.00062746817,0.00062698964
-45.0,70.0,0.00064062665,0.00064238696,0.00064380927,0.0006273662,0.0006269676
-45.0,75.0,0.0006404916,0.0006423448,0.0006431932,0.00062711095,0.0006269702
-45.0,80.0,0.0006400525,0.0006424937,0.00064277014,0.0006271285,0.00062695466
-45.0,85.0,0.00064010784,0.0006424143,0.0006425784,0.0006272195,0.0006269502
-45.0,90.0,0.000639941,0.00064230425,0.0006426902,0.0006273199,0.0006269315
-45.0,95.0,0.0006400901,0.00064221845,0.0006423382,0.000627726,0.0006269562
-45.0,100.0,0.0006401224,0.00064144033,0.00064262794,0.0006281205,0.0006269883
-45.0,105.0,0.0006398374,0.0006418788,0.0006427102,0.0006283266,0.000626996
-45.0,110.0,0.0006399121,0.00064160844,0.0006419576,0.00062826293,0.0006269869
-45.0,115.0,0.0006401213,0.0006416809,0.00064187736,0.00062828464,0.0006269649
-45.0,120.0,0.00064020697,0.0006427924,0.0006420604,0.00062793284,0.00062695134
-45.0,125.0,0.0006408542,0.000642171,0.00064273743,0.0006278947,0.0006269336
-45.0,130.0,0.0006397815,0.0006431175,0.0006433945,0.0006280918,0.00062693254
-45.0,135.0,0.0006426023,0.00064301305,0.000644662,0.00062791846,0.00062691455
-45.0,140.0,0.00064229773,0.00064316345,0.0006433309,0.0006276865,0.0006268834
-45.0,145.0,0.00064172165,0.0006435813,0.0006440608,0.0006275099,0.00062690023
-45.0,150.0,0.00064004253,0.00064210204,0.0006429272,0.00062772166,0.00062686694
-45.0,155.0,0.00063995406,0.00064260134,0.00064431876,0.00062780466,0.000626888
-45.0,160.0,0.00064002915,0.00064214494,0.0006418579,0.0006276251,0.0006269375
-45.0,165.0,0.0006401939,0.00064212264,0.0006424564,0.0006278523,0.00062691985
-45.0,170.0,0.00063673634,0.00064207613,0.0006425671,0.0006279036,0.0006269791
-45.0,175.0,0.00063992327,0.00064224034,0.00064275565,0.0006272973,0.0006269542
-45.0,180.0,0.0006402308,0.0006419785,0.00064332975,0.0006270399,0.00062698015
-50.0,-175.0,0.0006398471,0.00064192497,0.00064243557,0.0006271111,0.0006270599
-50.0,-170.0,0.0006398009,0.00064192177,0.00064191007,0.0006270852,0.00062719785
-50.0,-165.0,0.0006398091,0.00064171525,0.000642153,0.0006269872,0.0006272119
-50.0,-160.0,0.0006398459,0.0006419811,0.00064400217,0.00062712404,0.0006272792
-50.0,-155.0,0.0006399296,0.0006431225,0.0006432224,0.0006276777,0.0006272233
-50.0,-150.0,0.0006401108,0.0006431693,0.00064286904,0.00062741555,0.00062717794
-50.0,-145.0,0.0006399352,0.00064338226,0.0006429933,0.0006270311,0.0006271638
-50.0,-140.0,0.0006400104,0.00064247363,0.00064293446,0.00062706467,0.0006272032
-50.0,-135.0,0.00063985854,0.00064222177,0.0006429953,0.0006270413,0.0006271296
-50.0,-130.0,0.00063966296,0.00064139353,0.00064277434,0.00062699354,0.0006271397
-50.0,-125.0,0.00064122357,0.0006411802,0.0006414115,0.00062699243,0.00062712596
-50.0,-120.0,0.00063999504,0.00064173504,0.0006422943,0.000626705,0.00062716455
-50.0,-115.0,0.0006403428,0.00064254634,0.00064273784,0.000626784,0.0006271682
-50.0,-110.0,0.00063979084,0.00064268697,0.00064304395,0.0006269074,0.0006271705
-50.0,-105.0,0.0006396068,0.00064194755,0.00064270437,0.0006269037,0.00062716514
-50.0,-100.0,0.0006407763,0.00064078264,0.0006405316,0.0006269664,0.0006271589
-50.0,-95.0,0.0006415917,0.000641219,0.0006404259,0.00062695635,0.0006271658
-50.0,-90.0,0.0006416023,0.00064180454,0.000643293,0.0006268358,0.00062720064
-50.0,-85.0,0.0006411274,0.00064227724,0.00064295187,0.00062682916,0.0006272176
-50.0,-80.0,0.00064114353,0.0006413325,0.0006429382,0.00062684284,0.0006272341
-50.0,-75.0,0.00064232526,0.0006419049,0.00064263295,0.00062694296,0.0006273144
-50.0,-70.0,0.0006419603,0.0006419994,0.00064155005,0.00062696973,0.0006272275
-50.0,-65.0,0.0006396374,0.000641866,0.00064156065,0.00062695396,0.0006273202
-50.0,-60.0,0.0006403854,0.00064145064,0.0006418177,0.0006268972,0.0006272923
-50.0,-55.0,0.000640543,0.00064182037,0.0006424113,0.00062686316,0.000627116
-50.0,-50.0,0.00064037467,0.0006422664,0.0006419085,0.0006268133,0.00062710675
-50.0,-45.0,0.00064017414,0.0006423623,0.00064201263,0.0006268343,0.00062710623
-50.0,-40.0,0.00064001064,0.00064119097,0.00064193516,0.00062680163,0.0006271017
-50.0,-35.0,0.0006400085,0.0006420283,0.0006418364,0.0006268095,0.00062713434
-50.0,-30.0,0.0006404218,0.00064193364,0.0006432767,0.00062679563,0.00062716124
-50.0,-25.0,0.000639784,0.00064219773,0.00064209756,0.0006267922,0.000627175
-50.0,-20.0,0.0006397364,0.00064322486,0.0006431028,0.00062677957,0.0006271965
-50.0,-15.0,0.0006398115,0.0006433092,0.0006426644,0.00062677776,0.0006272468
-50.0,-10.0,0.0006394349,0.00064291194,0.0006425059,0.0006267695,0.0006272718
-50.0,-5.0,0.00063914515,0.0006426316,0.0006424031,0.0006267655,0.0006272787
-50.0,0.0,0.00063921337,0.0006421758,0.00064266095,0.0006267708,0.00062717614
-50.0,5.0,0.0006393475,0.00064180355,0.0006423495,0.0006267837,0.0006271849
-50.0,10.0,0.0006394677,0.00064119836,0.0006415632,0.00062678603,0.0006272178
-50.0,15.0,0.00063955726,0.00064226566,0.00064191583,0.00062679034,0.0006272104
-50.0,20.0,0.0006396905,0.0006427637,0.00064324477,0.0006267919,0.00062718045
-50.0,25.0,0.00064003066,0.0006424058,0.0006429583,0.0006268102,0.0006270941
-50.0,30.0,0.0006398135,0.00064162636,0.0006425154,0.000626812,0.00062706106
-50.0,35.0,0.00063943374,0.00064157625,0.0006415324,0.000626812,0.0006270481
-50.0,40.0,0.0006399209,0.0006417091,0.00064037036,0.00062680186,0.00062706484
-50.0,45.0,0.0006400769,0.0006409058,0.00064034987,0.00062679686,0.0006269974
-50.0,50.0,0.00063978863,0.00064138224,0.0006392823,0.00062677846,0.0006269849
-50.0,55.0,0.0006399619,0.0006411599,0.0006422112,0.00062684127,0.0006269827
-50.0,60.0,0.00064004044,0.00064169604,0.00064305327,0.00062708074,0.00062692683
-50.0,65.0,0.00064023305,0.0006423051,0.000642936,0.0006274028,0.0006269608
-50.0,70.0,0.0006409882,0.0006435225,0.0006426681,0.0006273671,0.0006269661
-50.0,75.0,0.0006407399,0.0006430913,0.00064293476,0.000627325,0.00062699034
-50.0,80.0,0.00063970994,0.0006430685,0.0006422152,0.0006271826,0.00062696286
-50.0,85.0,0.0006398864,0.00064219383,0.00064232195,0.0006271615,0.0006269748
-50.0,90.0,0.0006397292,0.00064225827,0.000642449,0.00062706566,0.0006270171
-50.0,95.0,0.0006397964,0.00064191123,0.0006427012,0.00062718696,0.00062698405
-50.0,100.0,0.00063987373,0.0006416058,0.0006424933,0.0006272053,0.0006269532
-50.0,105.0,0.000639963,0.0006409668,0.00064218714,0.0006272101,0.0006269476
-50.0,110.0,0.00063976226,0.00064086966,0.0006418488,0.0006271633,0.0006269419
-50.0,115.0,0.00063983456,0.0006406913,0.00063933374,0.00062781107,0.0006269358
-50.0,120.0,0.00063995854,0.0006412188,0.0006399376,0.00062796986,0.0006269471
-50.0,125.0,0.00064020813,0.0006427304,0.00064278,0.000628127,0.0006269778
-50.0,130.0,0.0006401988,0.0006425225,0.0006438668,0.0006281757,0.0006269697
-50.0,135.0,0.00064134086,0.00064228487,0.0006429965,0.0006281664,0.00062692276
-50.0,140.0,0.0006397584,0.00064314005,0.00064404635,0.00062818883,0.00062690297
-50.0,145.0,0.0006397282,0.00064252864,0.0006434545,0.00062796404,0.0006269094
-50.0,150.0,0.00063980935,0.0006419325,0.00064290216,0.00062762556,0.0006269096
-50.0,155.0,0.0006397959,0.0006426629,0.00064286625,0.0006271612,0.00062691077
-50.0,160.0,0.0006398312,0.00064194604,0.0006417248,0.0006268726,0.0006269591
-50.0,165.0,0.0006397017,0.0006420626,0.0006427192,0.00062687846,0.0006269417
-50.0,170.0,0.0006397633,0.0006418895,0.0006423566,0.0006269272,0.00062692416
-50.0,175.0,0.0006397697,0.00064187974,0.0006425455,0.00062682125,0.000626945
-50.0,180.0,0.0006399539,0.00064176787,0.0006422314,0.00062692567,0.00062692317
-55.0,-175.0,0.00063988596,0.0006408229,0.0006400174,0.0006269104,0.0006270472
-55.0,-170.0,0.00063994067,0.00064133975,0.0006412865,0.0006270481,0.0006270531
-55.0,-165.0,0.0006398005,0.00064092694,0.00064135774,0.00062703976,0.00062709785
-55.0,-160.0,0.00063974486,0.0006414899,0.00064136233,0.00062703737,0.0006272123
-55.0,-155.0,0.00063992525,0.00064152334,0.00064048026,0.00062706886,0.0006272238
-55.0,-150.0,0.00063972804,0.00064041046,0.0006403857,0.0006269476,0.0006273194
-55.0,-145.0,0.00063987507,0.0006413906,0.0006398419,0.000627062,0.00062736135
-55.0,-140.0,0.00063973945,0.0006410077,0.0006402717,0.00062731345,0.00062741025
-55.0,-135.0,0.0006403221,0.00064001704,0.0006414856,0.0006270833,0.0006273693
-55.0,-130.0,0.00063977303,0.000641519,0.0006424847,0.0006268798,0.00062725565
-55.0,-125.0,0.00063975505,0.0006411557,0.0006423997,0.00062686723,0.0006273225
-55.0,-120.0,0.0006398036,0.00064111245,0.0006404963,0.0006268966,0.00062731345
-55.0,-115.0,0.00063943263,0.0006413909,0.00064304733,0.0006269172,0.0006272893
-55.0,-110.0,0.0006398177,0.00064255635,0.0006428076,0.00062694127,0.00062729197
-55.0,-105.0,0.00064021285,0.0006418761,0.000642566,0.0006269264,0.00062730844
-55.0,-100.0,0.00064080505,0.0006415242,0.0006417143,0.00062686595,0.00062733184
-55.0,-95.0,0.0006417747,0.0006415485,0.00064277573,0.00062693335,0.00062737975
-55.0,-90.0,0.0006409717,0.00064231886,0.00064268074,0.00062695384,0.0006273429
-55.0,-85.0,0.0006405858,0.00064249244,0.000642875,0.0006269715,0.00062732183
-55.0,-80.0,0.0006403797,0.00064209977,0.000642654,0.0006270091,0.00062733376
-55.0,-75.0,0.0006411308,0.0006417092,0.00064265693,0.00062702363,0.0006273423
-55.0,-70.0,0.0006487128,0.0006415675,0.0006418949,0.00062701444,0.0006273646
-55.0,-65.0,0.00064041314,0.0006410922,0.0006419145,0.0006269797,0.00062730303
-55.0,-60.0,0.00064067263,0.0006412007,0.00064153736,0.00062693155,0.0006273659
-55.0,-55.0,0.0006405197,0.0006417711,0.00064245425,0.0006268953,0.00062740163
-55.0,-50.0,0.0006401306,0.0006415262,0.00064261066,0.0006268475,0.00062746287
-55.0,-45.0,0.0006399642,0.0006414515,0.00064219604,0.0006268358,0.0006274896
-55.0,-40.0,0.00063988013,0.00064138946,0.0006416604,0.00062682794,0.00062754797
-55.0,-35.0,0.0006398344,0.00064188015,0.0006407817,0.00062681583,0.00062745553
-55.0,-30.0,0.0006394843,0.0006408326,0.0006430495,0.0006268071,0.0006274717
-55.0,-25.0,0.0006394661,0.0006415202,0.0006420707,0.0006267894,0.0006274704
-55.0,-20.0,0.0006393633,0.00064086146,0.00064147974,0.0006267876,0.0006275413
-55.0,-15.0,0.00063946017,0.0006425604,0.00064177735,0.0006267925,0.00062758266
-55.0,-10.0,0.0006393142,0.0006427831,0.00064199825,0.0006267974,0.0006275497
-55.0,-5.0,0.000639734,0.0006407386,0.0006415801,0.0006268029,0.0006276306
-55.0,0.0,0.00063954655,0.00064121204,0.0006412212,0.00062680827,0.00062770303
-55.0,5.0,0.00063930923,0.0006414369,0.00064131146,0.00062681537,0.00062768394
-55.0,10.0,0.00063917116,0.0006412458,0.00064005476,0.0006268091,0.00062773505
-55.0,15.0,0.0006396089,0.00064137386,0.00064054044,0.0006268014,0.0006276992
-55.0,20.0,0.00063935714,0.000641366,0.0006405756,0.000626791,0.0006276481
-55.0,25.0,0.00063973095,0.00064129743,0.00064121734,0.0006267894,0.00062754354
-55.0,30.0,0.0006398692,0.00064153236,0.000642794,0.0006268082,0.00062730565
-55.0,35.0,0.00063970336,0.0006414127,0.000642005,0.0006268063,0.0006272689
-55.0,40.0,0.00063985155,0.00064111006,0.00064125046,0.000626802,0.00062730577
-55.0,45.0,0.00063966785,0.00064112525,0.00064077554,0.0006268023,0.0006273027
-55.0,50.0,0.0006397226,0.00064147747,0.0006410292,0.00062678964,0.0006272816
-55.0,55.0,0.0006397365,0.00064170035,0.00064228266,0.00062677945,0.00062721054
-55.0,60.0,0.00063961756,0.00064158544,0.000642271,0.00062678533,0.0006271869
-55.0,65.0,0.00063965854,0.0006404848,0.0006422881,0.0006267933,0.00062706886
-55.0,70.0,0.00063975266,0.00064248836,0.0006419466,0.0006268155,0.00062704255
-55.0,75.0,0.00064001884,0.0006418008,0.000642246,0.00062681583,0.00062706973
-55.0,80.0,0.00063984183,0.00064183294,0.0006422325,0.0006268177,0.000627088
-55.0,85.0,0.0006394872,0.0006418197,0.00064247544,0.0006267969,0.00062713225
-55.0,90.0,0.00063969166,0.00064157863,0.0006427097,0.0006268041,0.0006270383
-55.0,95.0,0.00063997257,0.0006417067,0.00064282946,0.00062678254,0.00062707864
-55.0,100.0,0.00063978694,0.0006414252,0.0006422365,0.0006267791,0.0006270032
-55.0,105.0,0.00063977204,0.0006407397,0.00064282754,0.0006267586,0.0006269683
-55.0,110.0,0.0006394972,0.0006406981,0.0006392065,0.00062683603,0.00062697753
-55.0,115.0,0.00064007076,0.00064002443,0.00063927117,0.00062708795,0.0006269857
-55.0,120.0,0.0006398117,0.00064029044,0.0006395229,0.0006271843,0.0006269802
-55.0,125.0,0.00063989067,0.00064041454,0.0006419204,0.0006272441,0.0006269803
-55.0,130.0,0.0006402263,0.00064186647,0.0006428293,0.00062705146,0.00062700454
-55.0,135.0,0.00063989975,0.00064191996,0.0006431514,0.00062690367,0.00062706944
-55.0,140.0,0.00063992676,0.00064205244,0.00064220466,0.00062696735,0.00062708807
-55.0,145.0,0.00063970004,0.00064216147,0.0006423214,0.00062693004,0.0006269979
-55.0,150.0,0.00063998083,0.0006418689,0.0006426776,0.00062693603,0.0006269726
-55.0,155.0,0.0006398769,0.0006421984,0.00064237975,0.0006269368,0.0006270516
-55.0,160.0,0.00063990493,0.0006420695,0.000643207,0.000626872,0.00062708126
-55.0,165.0,0.00064012967,0.0006418967,0.0006427422,0.0006268639,0.00062708795
-55.0,170.0,0.00063995743,0.00064197637,0.0006418992,0.00062687957,0.0006271379
-55.0,175.0,0.0006398779,0.0006421499,0.0006419702,0.0006269007,0.00062703504
-55.0,180.0,0.00064002967,0.0006408672,0.00064210774,0.00062689395,0.0006270515
-60.0,-175.0,0.0006395536,0.00064075645,0.0006404207,0.00062684575,0.00062727457
-60.0,-170.0,0.00064005994,0.00064135453,0.0006399627,0.0006268685,0.00062724535
-60.0,-165.0,0.0006399458,0.0006405485,0.00064042874,0.0006272305,0.0006272137
-60.0,-160.0,0.00063963846,0.0006406214,0.00064081216,0.0006271565,0.00062723894
-60.0,-155.0,0.00063977356,0.00063993706,0.00064162404,0.00062698487,0.0006271474
-60.0,-150.0,0.0006401911,0.0006406477,0.0006398703,0.00062712765,0.00062709907
-60.0,-145.0,0.0006399445,0.00064024027,0.00063994416,0.0006268999,0.00062738755
-60.0,-140.0,0.00063982484,0.00064009894,0.00063969614,0.0006269698,0.000627469
-60.0,-135.0,0.00063990284,0.0006407802,0.0006400113,0.00062700384,0.0006275643
-60.0,-130.0,0.0006398282,0.00063928217,0.0006421596,0.00062703656,0.0006276527
-60.0,-125.0,0.00063941174,0.00064033404,0.0006410326,0.0006271291,0.0006276901
-60.0,-120.0,0.0006394625,0.0006402122,0.0006415002,0.0006270896,0.0006276108
-60.0,-115.0,0.00063929684,0.00064128515,0.0006405243,0.00062698184,0.0006275419
-60.0,-110.0,0.0006397198,0.00064245425,0.0006427135,0.0006268877,0.0006274717
-60.0,-105.0,0.0006408719,0.0006417333,0.00064317696,0.00062687584,0.0006274908
-60.0,-100.0,0.00064105674,0.00064174086,0.000641983,0.00062690675,0.0006274458
-60.0,-95.0,0.0006413263,0.0006412619,0.00064261095,0.0006269774,0.0006274186
-60.0,-90.0,0.0006400064,0.00064208533,0.0006426001,0.0006270155,0.00062735815
-60.0,-85.0,0.0006400426,0.0006420855,0.00064231694,0.0006270664,0.00062742527
-60.0,-80.0,0.00064047356,0.0006416909,0.0006423891,0.0006271153,0.0006274264
-60.0,-75.0,0.0006407464,0.00064180774,0.00064181763,0.0006271326,0.00062742276
-60.0,-70.0,0.00064061896,0.0006416472,0.00064226164,0.00062712526,0.0006274621
-60.0,-65.0,0.0006404943,0.0006421359,0.0006420737,0.000627098,0.00062746345
-60.0,-60.0,0.0006405138,0.0006415459,0.00064198184,0.00062708877,0.00062747725
-60.0,-55.0,0.0006404309,0.00064094923,0.00064181164,0.00062703097,0.00062746916
-60.0,-50.0,0.00064022886,0.00064159976,0.00064213865,0.0006269341,0.0006275196
-60.0,-45.0,0.00063962594,0.0006415403,0.00064142264,0.0006269102,0.00062754017
-60.0,-40.0,0.00063967274,0.00064101006,0.0006411588,0.0006268627,0.0006275544
-60.0,-35.0,0.0006394757,0.0006413035,0.0006411398,0.0006268178,0.0006275793
-60.0,-30.0,0.00063966896,0.00064095005,0.00064190873,0.00062683685,0.00062760414
-60.0,-25.0,0.00063935923,0.0006408709,0.0006389223,0.0006268575,0.00062760647
-60.0,-20.0,0.00063930673,0.0006407868,0.0006392675,0.0006268339,0.0006275954
-60.0,-15.0,0.0006394771,0.0006410506,0.0006416668,0.0006268143,0.00062758673
-60.0,-10.0,0.0006397099,0.00064112083,0.0006424691,0.00062681857,0.000627587
-60.0,-5.0,0.0006396486,0.0006409481,0.00064205,0.0006268168,0.00062760373
-60.0,0.0,0.00063955126,0.000640727,0.0006419098,0.00062681886,0.0006276279
-60.0,5.0,0.0006395,0.0006407777,0.00064111507,0.0006268228,0.0006276443
-60.0,10.0,0.0006392499,0.00064073585,0.00064021215,0.000626815,0.0006276546
-60.0,15.0,0.00063953316,0.000640764,0.0006404927,0.00062680943,0.00062765076
-60.0,20.0,0.0006393979,0.0006412277,0.0006412904,0.00062682194,0.0006276445
-60.0,25.0,0.0006395121,0.0006400098,0.00064120145,0.0006268229,0.0006276511
-60.0,30.0,0.00063957967,0.0006411838,0.00064274616,0.0006268099,0.00062765524
-60.0,35.0,0.0006397101,0.0006412924,0.0006426106,0.0006268147,0.0006276626
-60.0,40.0,0.00063992577,0.0006407069,0.00064139283,0.00062681414,0.0006276917
-60.0,45.0,0.0006397608,0.0006409045,0.0006406247,0.00062679686,0.00062766334
-60.0,50.0,0.0006396785,0.0006413329,0.00064209604,0.0006267959,0.0006276376
-60.0,55.0,0.0006396182,0.0006411045,0.00064216566,0.0006268052,0.00062758755
-60.0,60.0,0.0006396568,0.0006408184,0.0006432324,0.0006268076,0.000627528
-60.0,65.0,0.0006396971,0.0006415924,0.00064210495,0.0006268045,0.00062748446
-60.0,70.0,0.0006399215,0.00064155384,0.00064179103,0.0006268042,0.0006273852
-60.0,75.0,0.0006400218,0.00064090214,0.0006413518,0.0006268049,0.0006272038
-60.0,80.0,0.0006398888,0.0006417675,0.0006418304,0.00062681286,0.0006271798
-60.0,85.0,0.00063969084,0.0006409566,0.00064242014,0.00062681845,0.00062718726
-60.0,90.0,0.00063989905,0.0006417811,0.0006424521,0.0006268247,0.00062718533
-60.0,95.0,0.00064000837,0.0006412266,0.0006422118,0.00062681927,0.0006272461
-60.0,100.0,0.00063962647,0.00064105797,0.00064054504,0.0006268123,0.0006272653
-60.0,105.0,0.0006394948,0.00064089085,0.0006397674,0.00062681147,0.00062726566
-60.0,110.0,0.0006397685,0.00064011774,0.00063993013,0.0006267962,0.00062723574
-60.0,115.0,0.00063945213,0.00064045255,0.00063970493,0.00062679447,0.00062715606
-60.0,120.0,0.00063983357,0.00064038817,0.00063953403,0.00062679924,0.00062707084
-60.0,125.0,0.0006399283,0.0006404091,0.00063959963,0.000626785,0.00062714744
-60.0,130.0,0.0006403464,0.0006403977,0.0006424705,0.00062674965,0.0006270609
-60.0,135.0,0.0006401308,0.00064224214,0.0006429265,0.0006268179,0.0006270246
-60.0,140.0,0.0006398284,0.00064224616,0.00064270984,0.0006269397,0.0006270717
-60.0,145.0,0.0006398373,0.0006420023,0.0006418938,0.00062718574,0.0006271066
-60.0,150.0,0.0006398237,0.0006419433,0.0006426976,0.00062734494,0.0006271575
-60.0,155.0,0.0006398418,0.0006421394,0.00064259645,0.00062741654,0.000627153
-60.0,160.0,0.00063985656,0.0006421099,0.00064166484,0.0006274693,0.000627238
-60.0,165.0,0.00063984515,0.0006423815,0.0006421881,0.0006274061,0.0006272271
-60.0,170.0,0.0006397683,0.00064209936,0.0006417481,0.00062707724,0.00062725693
-60.0,175.0,0.0006398757,0.0006408176,0.00064283854,0.00062693155,0.00062724843
-60.0,180.0,0.00063981133,0.0006412205,0.0006396844,0.00062686997,0.00062732963
-65.0,-175.0,0.0006392765,0.00064037717,0.0006402936,0.00062715495,0.00062745524
-65.0,-170.0,0.0006396438,0.0006409276,0.00064021646,0.00062710844,0.00062742084
-65.0,-165.0,0.0006392958,0.0006410837,0.0006410229,0.0006269837,0.0006274195
-65.0,-160.0,0.00063807465,0.00064068264,0.0006407436,0.00062706764,0.00062747905
-65.0,-155.0,0.00063958106,0.0006404349,0.000640883,0.0006272006,0.0006275208
-65.0,-150.0,0.0006394545,0.0006406889,0.0006412237,0.0006271147,0.0006273538
-65.0,-145.0,0.0006398418,0.0006409234,0.00064119784,0.00062700623,0.0006273547
-65.0,-140.0,0.0006394925,0.000640507,0.00064113655,0.00062706106,0.0006273954
-65.0,-135.0,0.000639358,0.00064046105,0.0006406891,0.0006271623,0.0006274066
-65.0,-130.0,0.000639499,0.0006403054,0.0006408389,0.0006269275,0.0006274087
-65.0,-125.0,0.0006386309,0.00064005237,0.0006406268,0.00062684366,0.00062764477
-65.0,-120.0,0.00063913205,0.0006402986,0.00063996227,0.00062692404,0.0006276502
-65.0,-115.0,0.0006387917,0.00064065855,0.0006401678,0.00062699255,0.00062759157
-65.0,-110.0,0.00064012065,0.0006408338,0.0006428154,0.0006270625,0.0006276083
-65.0,-105.0,0.00064035447,0.00064231973,0.00064253894,0.00062711874,0.0006276014
-65.0,-100.0,0.0006406643,0.0006411481,0.00064286485,0.000627081,0.0006275682
-65.0,-95.0,0.0006405528,0.0006419829,0.0006428626,0.00062711944,0.00062749634
-65.0,-90.0,0.00064021343,0.00064222363,0.0006429419,0.0006270974,0.00062755984
-65.0,-85.0,0.0006400782,0.000640495,0.00064245274,0.0006270888,0.0006276523
-65.0,-80.0,0.0006398525,0.0006417617,0.0006410502,0.0006270944,0.00062763673
-65.0,-75.0,0.0006398355,0.00064152275,0.00064089074,0.00062712317,0.00062762224
-65.0,-70.0,0.0006398964,0.00064152275,0.00064201135,0.0006271867,0.00062760036
-65.0,-65.0,0.0006399086,0.0006417543,0.00064205925,0.0006272069,0.00062757084
-65.0,-60.0,0.0006404541,0.0006412492,0.0006419456,0.000627214,0.00062757207
-65.0,-55.0,0.000639706,0.00064139743,0.0006418867,0.0006271967,0.0006275942
-65.0,-50.0,0.00063981576,0.00064130424,0.00064185826,0.0006271417,0.00062761415
-65.0,-45.0,0.0006395828,0.00064209115,0.0006420169,0.0006270832,0.00062759646
-65.0,-40.0,0.00063975964,0.0006418051,0.00064215646,0.00062701275,0.00062760536
-65.0,-35.0,0.00063982117,0.00064153847,0.0006421419,0.0006269787,0.0006276132
-65.0,-30.0,0.00063992065,0.0006414987,0.0006416825,0.00062683865,0.0006276092
-65.0,-25.0,0.00063990394,0.00064104365,0.0006421088,0.00062686764,0.0006276014
-65.0,-20.0,0.0006395616,0.00064087624,0.00064087607,0.00062681787,0.00062760414
-65.0,-15.0,0.0006396802,0.0006406154,0.0006403084,0.00062680815,0.0006275936
-65.0,-10.0,0.0006396588,0.0006410938,0.00064044655,0.00062684953,0.0006276019
-65.0,-5.0,0.00063958066,0.0006410322,0.0006404556,0.00062686624,0.00062761165
-65.0,0.0,0.00063966494,0.0006409291,0.0006406706,0.000626855,0.0006276134
-65.0,5.0,0.0006394352,0.000640771,0.00064072374,0.0006268484,0.00062761933
-65.0,10.0,0.0006395352,0.00064086134,0.0006406579,0.00062682986,0.00062761916
-65.0,15.0,0.0006399153,0.00064006384,0.00064176955,0.00062683574,0.0006276188
-65.0,20.0,0.0006394872,0.0006399857,0.0006407388,0.0006268154,0.00062761933
-65.0,25.0,0.0006395798,0.00064112246,0.00064023305,0.0006268166,0.00062761793
-65.0,30.0,0.00063962274,0.0006410854,0.00064026617,0.00062682584,0.00062760926
-65.0,35.0,0.0006396824,0.0006400678,0.0006408,0.0006268353,0.0006276044
-65.0,40.0,0.00063973194,0.00064016425,0.0006410555,0.0006268201,0.000627603
-65.0,45.0,0.0006399079,0.00064041436,0.00064087304,0.0006268222,0.0006276049
-65.0,50.0,0.00063997693,0.00064083294,0.00064196956,0.00062680576,0.0006276103
-65.0,55.0,0.00063987164,0.0006409335,0.0006414305,0.0006267994,0.0006276074
-65.0,60.0,0.000639916,0.00064083876,0.00064207654,0.0006268014,0.00062759675
-65.0,65.0,0.00063997845,0.000641045,0.00064191397,0.00062679517,0.00062758394
-65.0,70.0,0.00063989987,0.00064095395,0.0006415061,0.00062678655,0.00062758115
-65.0,75.0,0.0006398177,0.00064034923,0.0006425224,0.00062678946,0.00062757434
-65.0,80.0,0.0006395636,0.0006412339,0.0006427678,0.0006267881,0.0006275317
-65.0,85.0,0.00063950656,0.00064077677,0.00064269104,0.0006267849,0.0006275142
-65.0,90.0,0.00063978694,0.00064103096,0.0006403103,0.0006267857,0.00062749936
-65.0,95.0,0.0006398807,0.00064117956,0.00064021436,0.00062678644,0.0006273975
-65.0,100.0,0.0006398345,0.000640617,0.00063958025,0.0006267903,0.00062729634
-65.0,105.0,0.0006397683,0.00064005575,0.00064012647,0.00062679214,0.0006272811
-65.0,110.0,0.0006396374,0.0006404303,0.000640646,0.00062680314,0.000627352
-65.0,115.0,0.0006396143,0.0006398456,0.0006406697,0.0006268008,0.0006274055
-65.0,120.0,0.0006396403,0.00064096437,0.00064112147,0.00062680803,0.00062739674
-65.0,125.0,0.00063972746,0.00064087455,0.00064116035,0.0006267956,0.00062737387
-65.0,130.0,0.0006398758,0.000640726,0.00064016244,0.0006267844,0.0006273305
-65.0,135.0,0.000639976,0.00064056454,0.00064054696,0.0006267964,0.0006272931
-65.0,140.0,0.0006397384,0.0006412833,0.00064265984,0.00062681775,0.0006272872
-65.0,145.0,0.00063973066,0.0006412477,0.00064258085,0.0006268292,0.0006272926
-65.0,150.0,0.0006394467,0.0006416975,0.00064185006,0.0006268422,0.00062721927
-65.0,155.0,0.00063960865,0.0006417962,0.00064195413,0.0006268406,0.00062729063
-65.0,160.0,0.0006397385,0.00064159994,0.0006416667,0.00062683574,0.00062727625
-65.0,165.0,0.00063977326,0.0006409132,0.00064151513,0.000626838,0.0006273063
-65.0,170.0,0.0006398063,0.0006406875,0.00064227363,0.00062682264,0.0006273644
-65.0,175.0,0.0006398179,0.0006411556,0.00063929043,0.0006268584,0.00062744453
-65.0,180.0,0.00063971773,0.00064051955,0.0006401826,0.0006274288,0.0006274729
-70.0,-175.0,0.00063956436,0.0006409547,0.00064077304,0.00062684156,0.0006275162
-70.0,-170.0,0.0006392727,0.0006406783,0.00064086943,0.0006269721,0.0006274803
-70.0,-165.0,0.0006393535,0.0006403804,0.0006408194,0.0006273297,0.00062749354
-70.0,-160.0,0.0006388691,0.0006401763,0.0006412949,0.0006275226,0.0006275198
-70.0,-155.0,0.0006391115,0.0006410745,0.0006414239,0.00062740734,0.0006275785
-70.0,-150.0,0.00063914276,0.0006409694,0.0006413982,0.0006272619,0.0006276572
-70.0,-145.0,0.00063920673,0.0006406097,0.0006414985,0.0006269805,0.00062767166
-70.0,-140.0,0.0006392674,0.00064090337,0.000641235,0.0006269662,0.0006276823
-70.0,-135.0,0.00063887687,0.0006401808,0.0006405693,0.00062701874,0.0006276531
-70.0,-130.0,0.0006387598,0.00064066006,0.00064098265,0.0006271675,0.0006275961
-70.0,-125.0,0.000638796,0.0006399476,0.000640576,0.00062722043,0.000627621
-70.0,-120.0,0.0006391397,0.00064056687,0.0006407746,0.0006271053,0.00062764325
-70.0,-115.0,0.00063947693,0.00064037007,0.0006410115,0.00062705466,0.0006276146
-70.0,-110.0,0.0006394819,0.00063968013,0.0006410682,0.0006269148,0.00062761334
-70.0,-105.0,0.0006395933,0.0006403819,0.0006424975,0.00062687247,0.000627635
-70.0,-100.0,0.00063971046,0.0006415802,0.00064293505,0.0006268562,0.0006276854
-70.0,-95.0,0.00063966925,0.00064045424,0.0006429596,0.0006268659,0.000627654
-70.0,-90.0,0.0006397804,0.00064027146,0.0006428205,0.00062686944,0.0006276098
-70.0,-85.0,0.0006396497,0.00064031244,0.0006419198,0.000626871,0.00062764215
-70.0,-80.0,0.0006400328,0.00064054865,0.00063993584,0.0006268565,0.0006276171
-70.0,-75.0,0.00063979963,0.0006403968,0.00064003177,0.00062686554,0.0006276193
-70.0,-70.0,0.0006406802,0.0006410702,0.000641461,0.00062690076,0.0006276268
-70.0,-65.0,0.0006399292,0.00064126414,0.0006415382,0.0006269133,0.0006276077
-70.0,-60.0,0.0006401171,0.0006414205,0.00064108585,0.00062694773,0.0006275849
-70.0,-55.0,0.0006398348,0.00064086646,0.00064166414,0.00062696263,0.00062758557
-70.0,-50.0,0.00063979195,0.00064169,0.00064188003,0.0006269953,0.0006275948
-70.0,-45.0,0.00063933444,0.00064229296,0.00064214476,0.0006268993,0.00062760245
-70.0,-40.0,0.00063871,0.0006415559,0.0006420932,0.00062680524,0.0006275916
-70.0,-35.0,0.00063916773,0.0006412746,0.00064217055,0.0006268197,0.000627604
-70.0,-30.0,0.00063966983,0.00064083276,0.00064070045,0.0006268372,0.00062761415
-70.0,-25.0,0.00063986913,0.00064043334,0.0006395992,0.00062683254,0.0006276206
-70.0,-20.0,0.0006397109,0.0006412176,0.00063969573,0.0006268634,0.00062763365
-70.0,-15.0,0.0006397274,0.0006411682,0.00063996506,0.00062686676,0.00062762207
-70.0,-10.0,0.00063970627,0.0006407641,0.0006400927,0.00062688015,0.00062762393
-70.0,-5.0,0.0006398024,0.00064053515,0.0006406117,0.000626894,0.0006276164
-70.0,0.0,0.0006396864,0.0006405349,0.0006408296,0.0006269089,0.0006276098
-70.0,5.0,0.00064017694,0.00064078753,0.00064232404,0.0006268792,0.0006275995
-70.0,10.0,0.0006403203,0.00064108556,0.00064128276,0.00062686385,0.00062758126
-70.0,15.0,0.00063999894,0.0006409056,0.00064142083,0.00062684226,0.00062757026
-70.0,20.0,0.0006400595,0.0006405429,0.0006424644,0.000626787,0.0006275486
-70.0,25.0,0.0006399236,0.0006404047,0.0006421155,0.00062679104,0.0006275019
-70.0,30.0,0.0006399197,0.0006406059,0.0006421528,0.0006267861,0.0006274578
-70.0,35.0,0.0006396574,0.0006410297,0.0006424398,0.0006267849,0.00062739145
-70.0,40.0,0.00063951546,0.000641175,0.0006424593,0.0006267746,0.0006273815
-70.0,45.0,0.00063960574,0.00064087176,0.0006425617,0.0006267619,0.00062737404
-70.0,50.0,0.000639618,0.0006407412,0.00064234907,0.0006267574,0.00062739896
-70.0,55.0,0.0006395775,0.00064089196,0.000642474,0.0006267518,0.00062742346
-70.0,60.0,0.0006396026,0.0006406299,0.0006421232,0.00062675396,0.00062749645
-70.0,65.0,0.00063985464,0.00064052764,0.0006404344,0.000626759,0.0006275231
-70.0,70.0,0.0006402369,0.00064065075,0.0006411302,0.000626768,0.00062755885
-70.0,75.0,0.00064008706,0.00064079656,0.0006404667,0.00062676816,0.00062759436
-70.0,80.0,0.0006400941,0.0006410912,0.0006408276,0.0006267917,0.0006276102
-70.0,85.0,0.0006401095,0.0006410308,0.0006400489,0.0006267738,0.0006275892
-70.0,90.0,0.000640114,0.00064012414,0.0006397789,0.00062677765,0.0006276303
-70.0,95.0,0.00064010266,0.00064025016,0.00063999055,0.00062679924,0.0006276168
-70.0,100.0,0.00063999166,0.0006400635,0.00063989,0.0006267967,0.0006275865
-70.0,105.0,0.00063991826,0.0006399425,0.0006405402,0.000626794,0.0006275774
-70.0,110.0,0.0006399167,0.00063999445,0.00064092985,0.00062679825,0.0006275894
-70.0,115.0,0.00063973974,0.00064002967,0.0006410276,0.0006268083,0.00062759855
-70.0,120.0,0.00063981133,0.0006402238,0.0006408967,0.0006267974,0.0006275887
-70.0,125.0,0.0006398962,0.00064039795,0.0006411252,0.0006267913,0.000627593
-70.0,130.0,0.00063989783,0.00064064836,0.00064130157,0.0006267857,0.00062757655
-70.0,135.0,0.0006399795,0.0006408704,0.00064128643,0.0006267916,0.00062751677
-70.0,140.0,0.0006399048,0.00064043136,0.00064173556,0.00062680384,0.00062747404
-70.0,145.0,0.000639891,0.00064038456,0.00064127403,0.00062680285,0.00062746345
-70.0,150.0,0.00063982775,0.0006406051,0.00064111705,0.00062680285,0.0006274436
-70.0,155.0,0.00063982315,0.00064077106,0.0006421379,0.00062679616,0.0006274335
-70.0,160.0,0.0006400056,0.00064132764,0.0006416417,0.00062678027,0.00062744116
-70.0,165.0,0.00063983107,0.00064120884,0.0006401149,0.00062678586,0.0006274168
-70.0,170.0,0.00063990225,0.0006412698,0.00064010796,0.00062682864,0.00062749354
-70.0,175.0,0.0006397656,0.0006405249,0.0006398546,0.00062683056,0.0006275459
-70.0,180.0,0.00063998136,0.0006407631,0.0006405995,0.00062685134,0.00062752725
-75.0,-175.0,0.0006394866,0.00064002065,0.0006416909,0.0006267824,0.0006275902
-75.0,-170.0,0.00063956017,0.00063990155,0.0006409284,0.00062681583,0.0006276085
-75.0,-165.0,0.000639293,0.0006405351,0.00064091344,0.0006268535,0.000627597
-75.0,-160.0,0.00063886197,0.0006401056,0.00064080843,0.00062686397,0.00062756054
-75.0,-155.0,0.0006389937,0.00064013625,0.00064078247,0.0006268735,0.00062758
-75.0,-150.0,0.00063904555,0.00064038666,0.00064069446,0.0006268594,0.000627562
-75.0,-145.0,0.0006390435,0.00064025715,0.000640827,0.0006274703,0.00062757486
-75.0,-140.0,0.0006393135,0.00063984597,0.00064096437,0.00062748353,0.0006276415
-75.0,-135.0,0.00064009207,0.0006403459,0.00064154813,0.0006274259,0.00062763813
-75.0,-130.0,0.0006401175,0.00064018904,0.0006411112,0.00062745495,0.000627631
-75.0,-125.0,0.00063995994,0.0006406329,0.0006406833,0.00062739546,0.0006276452
-75.0,-120.0,0.0006398845,0.0006405166,0.00064081646,0.0006273602,0.00062761543
-75.0,-115.0,0.0006398355,0.00064072566,0.00064049993,0.0006273262,0.0006275872
-75.0,-110.0,0.00063984975,0.0006407054,0.00064016925,0.00062727695,0.0006276429
-75.0,-105.0,0.0006398338,0.00064056186,0.0006407385,0.000627193,0.0006276582
-75.0,-100.0,0.0006396052,0.000640257,0.0006409234,0.0006271026,0.00062764937
-75.0,-95.0,0.0006396609,0.00064034923,0.0006410716,0.00062698376,0.000627642
-75.0,-90.0,0.0006393253,0.0006406847,0.0006408679,0.00062688126,0.00062764477
-75.0,-85.0,0.0006393551,0.000640918,0.0006405304,0.0006268117,0.0006276419
-75.0,-80.0,0.0006396008,0.0006405626,0.00064051163,0.0006268092,0.00062764186
-75.0,-75.0,0.0006400785,0.00064086064,0.0006410014,0.0006268365,0.0006276294
-75.0,-70.0,0.00064022053,0.0006406472,0.00064043293,0.0006268274,0.0006276232
-75.0,-65.0,0.00064028375,0.0006407822,0.00064075907,0.0006268208,0.00062760996
-75.0,-60.0,0.00063988956,0.00064082834,0.0006411114,0.00062684575,0.00062758854
-75.0,-55.0,0.00063987094,0.0006409897,0.00064133154,0.00062682375,0.0006275802
-75.0,-50.0,0.00063996954,0.00064059946,0.00064086966,0.00062684465,0.0006275807
-75.0,-45.0,0.0006397133,0.00064094615,0.00064074213,0.00062684284,0.0006275719
-75.0,-40.0,0.0006397447,0.00064092386,0.0006403675,0.0006268564,0.0006275762
-75.0,-35.0,0.0006399731,0.00064044254,0.00064087706,0.00062686676,0.0006275615
-75.0,-30.0,0.00063956203,0.00064109307,0.00064026134,0.00062686123,0.0006275574
-75.0,-25.0,0.0006395765,0.00064106996,0.0006407182,0.00062686234,0.0006275502
-75.0,-20.0,0.00063972984,0.00064024155,0.00064048055,0.0006268694,0.0006275302
-75.0,-15.0,0.00063978427,0.0006406217,0.0006404702,0.00062687526,0.00062753644
-75.0,-10.0,0.00063992885,0.00064062816,0.00064092653,0.00062685285,0.0006275341
-75.0,-5.0,0.00064013136,0.00064094353,0.0006409988,0.0006268232,0.00062752113
-75.0,0.0,0.0006401586,0.00064090296,0.00064214575,0.0006267944,0.0006274593
-75.0,5.0,0.00064014905,0.00064081064,0.0006421427,0.0006267907,0.00062745064
-75.0,10.0,0.00063997443,0.0006408751,0.000642432,0.00062678807,0.0006274265
-75.0,15.0,0.0006399128,0.00064059877,0.00064243935,0.00062678545,0.00062738254
-75.0,20.0,0.0006397966,0.00064084906,0.00064241904,0.00062678347,0.00062734203
-75.0,25.0,0.00063962606,0.0006405211,0.0006422171,0.00062678114,0.00062730606
-75.0,30.0,0.0006395183,0.0006408735,0.00064217794,0.00062677916,0.00062730635
-75.0,35.0,0.0006396406,0.0006408718,0.00064231874,0.00062677934,0.0006272973
-75.0,40.0,0.00063968485,0.00064085843,0.00064247585,0.00062677695,0.0006272771
-75.0,45.0,0.00063967117,0.0006406026,0.00064254226,0.0006267745,0.00062727754
-75.0,50.0,0.0006396319,0.0006407017,0.0006423724,0.00062677165,0.00062725606
-75.0,55.0,0.00063960184,0.00064067065,0.0006419778,0.00062677247,0.00062731287
-75.0,60.0,0.0006397972,0.0006400639,0.00064126257,0.00062678504,0.00062729703
-75.0,65.0,0.00064005086,0.0006405779,0.00064127176,0.00062677404,0.0006273137
-75.0,70.0,0.00064015127,0.0006403234,0.00064074603,0.00062678533,0.00062735385
-75.0,75.0,0.000640115,0.0006406287,0.0006408324,0.00062678073,0.00062741106
-75.0,80.0,0.0006402216,0.0006405798,0.0006411021,0.0006267791,0.0006274583
-75.0,85.0,0.00064019515,0.00064027356,0.00064144144,0.00062679604,0.00062749366
-75.0,90.0,0.00064011104,0.00064027,0.00064091897,0.00062679616,0.0006275052
-75.0,95.0,0.00064007624,0.0006402863,0.0006408084,0.0006268037,0.00062752975
-75.0,100.0,0.0006400677,0.00064046815,0.00064075796,0.0006268057,0.0006275609
-75.0,105.0,0.0006401533,0.0006402533,0.0006408697,0.0006268118,0.0006275909
-75.0,110.0,0.00064035057,0.00064035034,0.00064065086,0.0006268222,0.0006276052
-75.0,115.0,0.00064028415,0.000640187,0.0006400764,0.00062681123,0.00062760396
-75.0,120.0,0.0006400778,0.000640336,0.00064058084,0.00062680827,0.0006276227
-75.0,125.0,0.0006401088,0.000640344,0.0006405268,0.0006268166,0.00062762597
-75.0,130.0,0.0006401318,0.0006403155,0.00064002187,0.00062679197,0.0006276222
-75.0,135.0,0.0006401421,0.00064047554,0.0006395932,0.00062679104,0.0006276086
-75.0,140.0,0.00064010837,0.00064047397,0.0006392483,0.0006267904,0.00062758557
-75.0,145.0,0.0006400384,0.0006406036,0.000638868,0.0006267864,0.0006275602
-75.0,150.0,0.00064000866,0.00064095005,0.00063873193,0.00062678265,0.0006275675
-75.0,155.0,0.00063989515,0.0006404083,0.0006385431,0.0006267821,0.00062755874
-75.0,160.0,0.00063987647,0.00064026925,0.0006383857,0.00062679267,0.00062754285
-75.0,165.0,0.00063984323,0.00063961325,0.0006392687,0.00062680617,0.0006275274
-75.0,170.0,0.0006396637,0.00064027583,0.0006408536,0.00062680454,0.0006275385
-75.0,175.0,0.00063968473,0.00063969486,0.0006409212,0.000626808,0.0006275576
-75.0,180.0,0.00063953915,0.0006398309,0.00064132415,0.0006268008,0.0006275721
-80.0,-175.0,0.00063979544,0.00064039876,0.0006403331,0.00062680716,0.00062761665
-80.0,-170.0,0.00063961046,0.0006406654,0.00064015866,0.00062680413,0.00062762236
-80.0,-165.0,0.00063938304,0.00064082217,0.00063953444,0.00062680553,0.00062763435
-80.0,-160.0,0.0006394008,0.0006412924,0.00063979975,0.0006267926,0.00062763866
-80.0,-155.0,0.0006394324,0.00064102886,0.00064064126,0.0006267883,0.00062762125
-80.0,-150.0,0.000639407,0.00063966215,0.0006410392,0.000626774,0.0006276141
-80.0,-145.0,0.00063964503,0.00063974573,0.0006411116,0.00062676833,0.0006276076
-80.0,-140.0,0.0006397784,0.0006398771,0.0006411799,0.00062678003,0.0006275855
-80.0,-135.0,0.0006398223,0.000639779,0.0006411421,0.00062681246,0.00062758516
-80.0,-130.0,0.00063984614,0.0006401194,0.0006410705,0.0006268328,0.00062759017
-80.0,-125.0,0.0006398274,0.00064031954,0.0006409054,0.0006268255,0.0006275999
-80.0,-120.0,0.00063978543,0.0006398704,0.0006405796,0.0006268198,0.0006276178
-80.0,-115.0,0.0006397902,0.0006395625,0.00064096384,0.0006268174,0.00062763726
-80.0,-110.0,0.0006397439,0.00064044714,0.00064083346,0.00062682235,0.00062764547
-80.0,-105.0,0.0006397817,0.00064077595,0.00064048177,0.00062684785,0.0006276497
-80.0,-100.0,0.0006397151,0.00064064155,0.00064032065,0.0006268357,0.00062765344
-80.0,-95.0,0.00063979096,0.00064029894,0.0006401754,0.00062683114,0.0006276512
-80.0,-90.0,0.0006398907,0.00064019015,0.0006401966,0.000626859,0.0006276518
-80.0,-85.0,0.0006398922,0.00064032665,0.00064021203,0.0006268614,0.00062765036
-80.0,-80.0,0.00063971657,0.0006407574,0.0006403145,0.00062685396,0.0006276484
-80.0,-75.0,0.0006398542,0.0006409167,0.0006404798,0.0006268427,0.00062763813
-80.0,-70.0,0.00064007303,0.00064041984,0.0006403729,0.0006268422,0.0006276284
-80.0,-65.0,0.00064034405,0.0006403377,0.00064055255,0.00062682264,0.0006276097
-80.0,-60.0,0.00064030336,0.0006404947,0.00064039376,0.00062681775,0.0006276012
-80.0,-55.0,0.000640265,0.0006405677,0.00064092345,0.0006268095,0.00062759215
-80.0,-50.0,0.000640042,0.0006407213,0.000640677,0.0006268229,0.0006275749
-80.0,-45.0,0.0006399905,0.0006408334,0.00064054655,0.00062684115,0.0006275543
-80.0,-40.0,0.00063997385,0.0006410151,0.0006406503,0.0006268483,0.00062754523
-80.0,-35.0,0.00063969934,0.00064059894,0.0006409858,0.0006268112,0.00062754325
-80.0,-30.0,0.0006396766,0.0006403737,0.0006410446,0.0006268023,0.0006275324
-80.0,-25.0,0.00063975377,0.00064061803,0.0006412778,0.0006267914,0.000627522
-80.0,-20.0,0.0006398302,0.00064060267,0.0006411937,0.00062678667,0.00062751066
-80.0,-15.0,0.00063974614,0.00064028334,0.00064127106,0.00062679284,0.0006275078
-80.0,-10.0,0.0006397542,0.00064068486,0.0006414049,0.00062679575,0.0006275111
-80.0,-5.0,0.0006397291,0.0006406895,0.00064073486,0.00062679505,0.000627498
-80.0,0.0,0.00063969905,0.000639879,0.000640803,0.0006267912,0.0006274879
-80.0,5.0,0.000639713,0.00064094935,0.000640632,0.00062678725,0.0006274651
-80.0,10.0,0.0006397399,0.0006408491,0.00064151216,0.0006267849,0.00062741974
-80.0,15.0,0.0006397538,0.0006409636,0.00064212014,0.0006267856,0.0006273873
-80.0,20.0,0.0006397188,0.00064100104,0.0006418982,0.00062678644,0.0006273243
-80.0,25.0,0.00063967466,0.00064099935,0.00064185663,0.00062678766,0.00062732364
-80.0,30.0,0.00063961215,0.00064073835,0.0006419232,0.0006267863,0.0006273038
-80.0,35.0,0.0006396586,0.0006406172,0.00064175023,0.0006267872,0.000627289
-80.0,40.0,0.0006396693,0.0006398189,0.0006413759,0.00062678906,0.000627267
-80.0,45.0,0.0006396423,0.0006404721,0.00064126065,0.0006267886,0.00062725233
-80.0,50.0,0.0006395997,0.0006395489,0.00064093753,0.000626788,0.00062727067
-80.0,55.0,0.00063960685,0.00064031134,0.00064088067,0.00062678783,0.0006272922
-80.0,60.0,0.00063957245,0.0006395983,0.0006410714,0.0006267883,0.00062729587
-80.0,65.0,0.00063961715,0.0006402398,0.0006410431,0.0006267853,0.0006273138
-80.0,70.0,0.0006397066,0.00064010517,0.00064128026,0.0006267865,0.000627334
-80.0,75.0,0.00063976535,0.00064053194,0.0006411102,0.00062678853,0.0006273682
-80.0,80.0,0.00063976133,0.00064053416,0.0006407625,0.00062678976,0.0006273707
-80.0,85.0,0.000639707,0.0006406304,0.0006407658,0.0006267921,0.00062738184
-80.0,90.0,0.000639683,0.000640427,0.0006411901,0.0006267916,0.00062742404
-80.0,95.0,0.0006396749,0.00064033474,0.00064158015,0.0006267923,0.000627443
-80.0,100.0,0.0006396711,0.0006406397,0.0006411965,0.00062679703,0.0006274715
-80.0,105.0,0.00063971616,0.00064058544,0.00064126984,0.0006268002,0.0006275037
-80.0,110.0,0.0006398432,0.0006402649,0.0006410665,0.00062679884,0.00062753144
-80.0,115.0,0.0006399244,0.00064045534,0.000641108,0.000626799,0.0006275573
-80.0,120.0,0.0006399342,0.00064023753,0.00064107374,0.0006267944,0.0006275746
-80.0,125.0,0.00063998834,0.0006405476,0.0006413254,0.0006267767,0.00062759203
-80.0,130.0,0.00064011995,0.00064006774,0.00064057903,0.00062677526,0.0006275995
-80.0,135.0,0.0006401922,0.0006398262,0.00064059795,0.0006267785,0.00062762183
-80.0,140.0,0.0006403383,0.00063983473,0.0006403658,0.000626779,0.00062761916
-80.0,145.0,0.000640223,0.00063982536,0.00064024585,0.0006267836,0.000627619
-80.0,150.0,0.0006400789,0.0006399046,0.0006400814,0.0006267717,0.00062761764
-80.0,155.0,0.00063998386,0.00064000854,0.0006400307,0.0006267736,0.0006276269
-80.0,160.0,0.0006400051,0.00064005656,0.0006400641,0.00062677613,0.00062762585
-80.0,165.0,0.000639833,0.0006401113,0.000640153,0.0006267799,0.0006276381
-80.0,170.0,0.0006398969,0.00064000254,0.0006404794,0.0006267916,0.0006276267
-80.0,175.0,0.0006398738,0.00063966424,0.00064065837,0.0006267987,0.00062762044
-80.0,180.0,0.0006398088,0.0006395178,0.00064047676,0.00062680466,0.0006276169
-85.0,-175.0,0.00064000464,0.0006402997,0.0006407813,0.00062679226,0.00062762725
-85.0,-170.0,0.00064002926,0.00064033363,0.0006408942,0.0006267948,0.00062762393
-85.0,-165.0,0.00063997327,0.00064025505,0.00064100855,0.00062679756,0.0006276168
-85.0,-160.0,0.0006398452,0.00064027274,0.0006410481,0.00062680343,0.00062761566
-85.0,-155.0,0.0006398288,0.0006403097,0.00064103806,0.0006268082,0.0006276154
-85.0,-150.0,0.00063992094,0.0006403379,0.00064099685,0.00062681007,0.0006276186
-85.0,-145.0,0.0006398981,0.00064037374,0.0006408539,0.00062681397,0.00062762277
-85.0,-140.0,0.0006398448,0.0006404796,0.0006405593,0.00062680995,0.00062762684
-85.0,-135.0,0.00063984044,0.0006405859,0.0006405616,0.0006268036,0.0006276318
-85.0,-130.0,0.0006398743,0.0006406103,0.0006406881,0.00062680145,0.00062763406
-85.0,-125.0,0.0006398966,0.0006405039,0.00064073893,0.0006268002,0.0006276325
-85.0,-120.0,0.0006399576,0.0006404215,0.000640761,0.00062679953,0.0006276302
-85.0,-115.0,0.00063999166,0.00064050604,0.0006408369,0.0006267986,0.0006276279
-85.0,-110.0,0.000639787,0.0006405489,0.0006408351,0.000626799,0.00062762556
-85.0,-105.0,0.0006397742,0.0006407421,0.00064092304,0.0006268,0.00062762195
-85.0,-100.0,0.0006397108,0.0006406646,0.0006410374,0.0006267995,0.00062761677
-85.0,-95.0,0.00063970627,0.0006406534,0.0006410124,0.0006267986,0.0006276114
-85.0,-90.0,0.0006396529,0.0006406824,0.000640903,0.0006267981,0.0006276075
-85.0,-85.0,0.0006396572,0.00064073195,0.00064103986,0.0006267985,0.0006276017
-85.0,-80.0,0.0006396076,0.0006407285,0.00064128084,0.00062679895,0.00062759215
-85.0,-75.0,0.0006395363,0.00064072653,0.00064124714,0.00062680006,0.0006275838
-85.0,-70.0,0.0006397086,0.000640751,0.00064113684,0.000626801,0.00062757917
-85.0,-65.0,0.00063952775,0.0006407912,0.0006411881,0.00062680145,0.0006275742
-85.0,-60.0,0.0006395507,0.0006408222,0.00064104114,0.0006268018,0.00062756706
-85.0,-55.0,0.0006395708,0.0006407475,0.0006411167,0.00062680134,0.0006275562
-85.0,-50.0,0.00063959236,0.00064072513,0.0006413123,0.0006267994,0.000627548
-85.0,-45.0,0.00063961785,0.0006406207,0.0006413534,0.0006267986,0.00062754075
-85.0,-40.0,0.0006396338,0.0006402358,0.0006416013,0.0006267963,0.0006275331
-85.0,-35.0,0.0006396504,0.0006398591,0.00064122037,0.0006267936,0.0006275301
-85.0,-30.0,0.00063966453,0.00064063707,0.0006410964,0.0006267913,0.0006275282
-85.0,-25.0,0.0006396648,0.0006406937,0.00064107904,0.00062679104,0.0006275238
-85.0,-20.0,0.00063966576,0.000640555,0.00064137485,0.00062679267,0.0006275193
-85.0,-15.0,0.00063966756,0.00064040243,0.0006410219,0.0006267926,0.0006275121
-85.0,-10.0,0.00063967,0.0006402949,0.0006410097,0.00062679197,0.0006274927
-85.0,-5.0,0.0006396784,0.00064057746,0.0006409087,0.00062679255,0.00062748883
-85.0,0.0,0.00063968217,0.00064016064,0.0006408104,0.00062679284,0.0006274911
-85.0,5.0,0.00063968345,0.00063942064,0.000640823,0.0006267921,0.0006274752
-85.0,10.0,0.0006396829,0.0006395241,0.0006409046,0.00062679243,0.0006274606
-85.0,15.0,0.00063967746,0.00063952245,0.00064100436,0.00062679243,0.00062746153
-85.0,20.0,0.00063967373,0.00063957094,0.00064104237,0.00062679197,0.0006274439
-85.0,25.0,0.000639674,0.00063959596,0.0006408949,0.00062679156,0.00062742975
-85.0,30.0,0.00063967047,0.0006396652,0.0006408212,0.0006267899,0.00062738196
-85.0,35.0,0.0006396629,0.00063963747,0.00064081926,0.00062678754,0.00062736357
-85.0,40.0,0.00063963793,0.00063963764,0.0006408922,0.00062678516,0.00062735664
-85.0,45.0,0.00063961826,0.00063972705,0.00064092805,0.0006267835,0.00062737573
-85.0,50.0,0.0006396071,0.00063969,0.0006409723,0.0006267829,0.00062737626
-85.0,55.0,0.0006395996,0.0006395004,0.000640972,0.0006267824,0.0006273638
-85.0,60.0,0.000639596,0.0006396239,0.00064073724,0.0006267833,0.0006273693
-85.0,65.0,0.00063959655,0.00063996913,0.0006406621,0.00062678417,0.0006273856
-85.0,70.0,0.00063959794,0.000640121,0.000640673,0.0006267832,0.000627391
-85.0,75.0,0.00063959934,0.00064008916,0.0006406046,0.0006267828,0.0006274085
-85.0,80.0,0.0006395996,0.00064034545,0.0006408134,0.0006267822,0.0006274472
-85.0,85.0,0.00063960045,0.00064041687,0.000641097,0.00062678143,0.0006274598
-85.0,90.0,0.0006396025,0.00064026064,0.00064145145,0.0006267819,0.0006274753
-85.0,95.0,0.0006396078,0.00064015435,0.0006411923,0.000626783,0.0006274879
-85.0,100.0,0.00063961645,0.000639673,0.0006412993,0.0006267822,0.0006274945
-85.0,105.0,0.0006396249,0.00063952623,0.0006410902,0.0006267823,0.000627505
-85.0,110.0,0.0006396374,0.00064088986,0.00064090895,0.0006267871,0.0006275266
-85.0,115.0,0.0006396753,0.0006405141,0.00064074044,0.00062679074,0.0006275374
-85.0,120.0,0.0006397045,0.00064062874,0.0006404831,0.000626786,0.00062754983
-85.0,125.0,0.00063971156,0.00064053555,0.00064036326,0.0006267781,0.0006275681
-85.0,130.0,0.0006397249,0.0006404783,0.0006403372,0.0006267767,0.0006275806
-85.0,135.0,0.0006397675,0.0006405194,0.00064037653,0.000626785,0.000627596
-85.0,140.0,0.00063987577,0.0006403609,0.0006407552,0.0006267887,0.00062760705
-85.0,145.0,0.00063999876,0.00064024085,0.0006408062,0.0006267929,0.0006276109
-85.0,150.0,0.0006400661,0.00064022484,0.0006408152,0.0006267921,0.00062761223
-85.0,155.0,0.00064006425,0.00064018747,0.0006407503,0.00062678976,0.0006276266
-85.0,160.0,0.00064004515,0.00064018846,0.00064066844,0.0006267849,0.0006276271
-85.0,165.0,0.00064005516,0.0006402099,0.0006405882,0.00062677765,0.0006276273
-85.0,170.0,0.0006400228,0.0006403648,0.00064056145,0.0006267797,0.0006276269
-85.0,175.0,0.0006400346,0.00064045173,0.00064057996,0.0006267857,0.000627627
-85.0,180.0,0.00064003374,0.0006403788,0.0006406605,0.0006267871,0.00062762754
-90.0,-175.0,0.00063963066,0.00064006075,0.0006411746,0.0006267967,0.0006275335
-90.0,-170.0,0.00063963066,0.00064006075,0.0006411746,0.0006267967,0.0006275335
-90.0,-165.0,0.00063963066,0.00064006075,0.0006411746,0.0006267967,0.0006275335
-90.0,-160.0,0.00063963066,0.00064006075,0.0006411746,0.0006267967,0.0006275335
-90.0,-155.0,0.00063963066,0.00064006075,0.0006411746,0.0006267967,0.0006275335
-90.0,-150.0,0.00063963066,0.00064006075,0.0006411746,0.0006267967,0.0006275335
-90.0,-145.0,0.00063963066,0.00064006075,0.0006411746,0.0006267967,0.0006275335
-90.0,-140.0,0.00063963066,0.00064006075,0.0006411746,0.0006267967,0.0006275335
-90.0,-135.0,0.00063963066,0.00064006075,0.0006411746,0.0006267967,0.0006275335
-90.0,-130.0,0.00063963066,0.00064006075,0.0006411746,0.0006267967,0.0006275335
-90.0,-125.0,0.00063963066,0.00064006075,0.0006411746,0.0006267967,0.0006275335
-90.0,-120.0,0.00063963066,0.00064006075,0.0006411746,0.0006267967,0.0006275335
-90.0,-115.0,0.00063963066,0.00064006075,0.0006411746,0.0006267967,0.0006275335
-90.0,-110.0,0.00063963066,0.00064006075,0.0006411746,0.0006267967,0.0006275335
-90.0,-105.0,0.00063963066,0.00064006075,0.0006411746,0.0006267967,0.0006275335
-90.0,-100.0,0.00063963066,0.00064006075,0.0006411746,0.0006267967,0.0006275335
-90.0,-95.0,0.00063963066,0.00064006075,0.0006411746,0.0006267967,0.0006275335
-90.0,-90.0,0.00063963066,0.00064006075,0.0006411746,0.0006267967,0.0006275335
-90.0,-85.0,0.00063963066,0.00064006075,0.0006411746,0.0006267967,0.0006275335
-90.0,-80.0,0.00063963066,0.00064006075,0.0006411746,0.0006267967,0.0006275335
-90.0,-75.0,0.00063963066,0.00064006075,0.0006411746,0.0006267967,0.0006275335
-90.0,-70.0,0.00063963066,0.00064006075,0.0006411746,0.0006267967,0.0006275335
-90.0,-65.0,0.00063963066,0.00064006075,0.0006411746,0.0006267967,0.0006275335
-90.0,-60.0,0.00063963066,0.00064006075,0.0006411746,0.0006267967,0.0006275335
-90.0,-55.0,0.00063963066,0.00064006075,0.0006411746,0.0006267967,0.0006275335
-90.0,-50.0,0.00063963066,0.00064006075,0.0006411746,0.0006267967,0.0006275335
-90.0,-45.0,0.00063963066,0.00064006075,0.0006411746,0.0006267967,0.0006275335
-90.0,-40.0,0.00063963066,0.00064006075,0.0006411746,0.0006267967,0.0006275335
-90.0,-35.0,0.00063963066,0.00064006075,0.0006411746,0.0006267967,0.0006275335
-90.0,-30.0,0.00063963066,0.00064006075,0.0006411746,0.0006267967,0.0006275335
-90.0,-25.0,0.00063963066,0.00064006075,0.0006411746,0.0006267967,0.0006275335
-90.0,-20.0,0.00063963066,0.00064006075,0.0006411746,0.0006267967,0.0006275335
-90.0,-15.0,0.00063963066,0.00064006075,0.0006411746,0.0006267967,0.0006275335
-90.0,-10.0,0.00063963066,0.00064006075,0.0006411746,0.0006267967,0.0006275335
-90.0,-5.0,0.00063963066,0.00064006075,0.0006411746,0.0006267967,0.0006275335
-90.0,0.0,0.00063963066,0.00064006075,0.0006411746,0.0006267967,0.0006275335
-90.0,5.0,0.00063963066,0.00064006075,0.0006411746,0.0006267967,0.0006275335
-90.0,10.0,0.00063963066,0.00064006075,0.0006411746,0.0006267967,0.0006275335
-90.0,15.0,0.00063963066,0.00064006075,0.0006411746,0.0006267967,0.0006275335
-90.0,20.0,0.00063963066,0.00064006075,0.0006411746,0.0006267967,0.0006275335
-90.0,25.0,0.00063963066,0.00064006075,0.0006411746,0.0006267967,0.0006275335
-90.0,30.0,0.00063963066,0.00064006075,0.0006411746,0.0006267967,0.0006275335
-90.0,35.0,0.00063963066,0.00064006075,0.0006411746,0.0006267967,0.0006275335
-90.0,40.0,0.00063963066,0.00064006075,0.0006411746,0.0006267967,0.0006275335
-90.0,45.0,0.00063963066,0.00064006075,0.0006411746,0.0006267967,0.0006275335
-90.0,50.0,0.00063963066,0.00064006075,0.0006411746,0.0006267967,0.0006275335
-90.0,55.0,0.00063963066,0.00064006075,0.0006411746,0.0006267967,0.0006275335
-90.0,60.0,0.00063963066,0.00064006075,0.0006411746,0.0006267967,0.0006275335
-90.0,65.0,0.00063963066,0.00064006075,0.0006411746,0.0006267967,0.0006275335
-90.0,70.0,0.00063963066,0.00064006075,0.0006411746,0.0006267967,0.0006275335
-90.0,75.0,0.00063963066,0.00064006075,0.0006411746,0.0006267967,0.0006275335
-90.0,80.0,0.00063963066,0.00064006075,0.0006411746,0.0006267967,0.0006275335
-90.0,85.0,0.00063963066,0.00064006075,0.0006411746,0.0006267967,0.0006275335
-90.0,90.0,0.00063963066,0.00064006075,0.0006411746,0.0006267967,0.0006275335
-90.0,95.0,0.00063963066,0.00064006075,0.0006411746,0.0006267967,0.0006275335
-90.0,100.0,0.00063963066,0.00064006075,0.0006411746,0.0006267967,0.0006275335
-90.0,105.0,0.00063963066,0.00064006075,0.0006411746,0.0006267967,0.0006275335
-90.0,110.0,0.00063963066,0.00064006075,0.0006411746,0.0006267967,0.0006275335
-90.0,115.0,0.00063963066,0.00064006075,0.0006411746,0.0006267967,0.0006275335
-90.0,120.0,0.00063963066,0.00064006075,0.0006411746,0.0006267967,0.0006275335
-90.0,125.0,0.00063963066,0.00064006075,0.0006411746,0.0006267967,0.0006275335
-90.0,130.0,0.00063963066,0.00064006075,0.0006411746,0.0006267967,0.0006275335
-90.0,135.0,0.00063963066,0.00064006075,0.0006411746,0.0006267967,0.0006275335
-90.0,140.0,0.00063963066,0.00064006075,0.0006411746,0.0006267967,0.0006275335
-90.0,145.0,0.00063963066,0.00064006075,0.0006411746,0.0006267967,0.0006275335
-90.0,150.0,0.00063963066,0.00064006075,0.0006411746,0.0006267967,0.0006275335
-90.0,155.0,0.00063963066,0.00064006075,0.0006411746,0.0006267967,0.0006275335
-90.0,160.0,0.00063963066,0.00064006075,0.0006411746,0.0006267967,0.0006275335
-90.0,165.0,0.00063963066,0.00064006075,0.0006411746,0.0006267967,0.0006275335
-90.0,170.0,0.00063963066,0.00064006075,0.0006411746,0.0006267967,0.0006275335
-90.0,175.0,0.00063963066,0.00064006075,0.0006411746,0.0006267967,0.0006275335
-90.0,180.0,0.00063963066,0.00064006075,0.0006411746,0.0006267967,0.0006275335
